"   AERONET Data Download (Version 3 SEAPRISM Processing)AERONET Data Download (Version 3 SEAPRISM Processing)",,,,,,,,,,,,,,,,,,,,,,,,,,,,,,,,,,,,,,,,,,,,,,,,,,,,,,,,,,,,,,,,,,,,,,,,,,,,,,,,,,,,,,,,,,,,,,,,,,,,,,,,,,,,,,,,,,,,,,,,,,,,,,,,,,,,,,,,,,,,,,,,,,,,,,,,,,,,,,,,,,,,,,,,,,,,,,,,,,,,,,,,,,,,,,,,,,,,,,,,,,,,,,,,,,,,,,,,,,,,,,,,,,,,,,,,,,,,,,,,,,,,,,,,,,,,,,,,,,,,,,,,,,,,,,,,,,,,,,,,,,,,,,,,,,,,,,,,,,,,,,,,,,,,,,,,,,,,,,,,,,,,,,,,,,,,,,,,,,,,,,,,,,,,,,,,,,,,,,,,,,,,,,,,,,,,,,,,,,,,,,,,,,,,,,,,,,,,,,,,,,,,,,,,,,,,,,,,,,,,,,,,,,,,,,,,,,,,,,,,,,,,,,,,,,,,,,,,,,,,,,,,,,,,,,,,,,,,,,,,,,,,,,,,,,,,,,,,,,,,,,,,,,,,,,,,,,,,,,,,,,,,,,,,,,,,,,,,,,,,,,,,,,,,,,,,
,,,,,,,,,,,,,,,,,,,,,,,,,,,,,,,,,,,,,,,,,,,,,,,,,,,,,,,,,,,,,,,,,,,,,,,,,,,,,,,,,,,,,,,,,,,,,,,,,,,,,,,,,,,,,,,,,,,,,,,,,,,,,,,,,,,,,,,,,,,,,,,,,,,,,,,,,,,,,,,,,,,,,,,,,,,,,,,,,,,,,,,,,,,,,,,,,,,,,,,,,,,,,,,,,,,,,,,,,,,,,,,,,,,,,,,,,,,,,,,,,,,,,,,,,,,,,,,,,,,,,,,,,,,,,,,,,,,,,,,,,,,,,,,,,,,,,,,,,,,,,,,,,,,,,,,,,,,,,,,,,,,,,,,,,,,,,,,,,,,,,,,,,,,,,,,,,,,,,,,,,,,,,,,,,,,,,,,,,,,,,,,,,,,,,,,,,,,,,,,,,,,,,,,,,,,,,,,,,,,,,,,,,,,,,,,,,,,,,,,,,,,,,,,,,,,,,,,,,,,,,,,,,,,,,,,,,,,,,,,,,,,,,,,,,,,,,,,,,,,,,,,,,,,,,,,,,,,,,,,,,,,,,,,,,,,,,,,,,,,,,,,,,,,,,,,,
"<body bgcolor= ""#FFFFFF"" ",,,,,,,,,,,,,,,,,,,,,,,,,,,,,,,,,,,,,,,,,,,,,,,,,,,,,,,,,,,,,,,,,,,,,,,,,,,,,,,,,,,,,,,,,,,,,,,,,,,,,,,,,,,,,,,,,,,,,,,,,,,,,,,,,,,,,,,,,,,,,,,,,,,,,,,,,,,,,,,,,,,,,,,,,,,,,,,,,,,,,,,,,,,,,,,,,,,,,,,,,,,,,,,,,,,,,,,,,,,,,,,,,,,,,,,,,,,,,,,,,,,,,,,,,,,,,,,,,,,,,,,,,,,,,,,,,,,,,,,,,,,,,,,,,,,,,,,,,,,,,,,,,,,,,,,,,,,,,,,,,,,,,,,,,,,,,,,,,,,,,,,,,,,,,,,,,,,,,,,,,,,,,,,,,,,,,,,,,,,,,,,,,,,,,,,,,,,,,,,,,,,,,,,,,,,,,,,,,,,,,,,,,,,,,,,,,,,,,,,,,,,,,,,,,,,,,,,,,,,,,,,,,,,,,,,,,,,,,,,,,,,,,,,,,,,,,,,,,,,,,,,,,,,,,,,,,,,,,,,,,,,,,,,,,,,,,,,,,,,,,,,,,,,,,,,,
">AERONET Version 3"," ",,,,,,,,,,,,,,,,,,,,,,,,,,,,,,,,,,,,,,,,,,,,,,,,,,,,,,,,,,,,,,,,,,,,,,,,,,,,,,,,,,,,,,,,,,,,,,,,,,,,,,,,,,,,,,,,,,,,,,,,,,,,,,,,,,,,,,,,,,,,,,,,,,,,,,,,,,,,,,,,,,,,,,,,,,,,,,,,,,,,,,,,,,,,,,,,,,,,,,,,,,,,,,,,,,,,,,,,,,,,,,,,,,,,,,,,,,,,,,,,,,,,,,,,,,,,,,,,,,,,,,,,,,,,,,,,,,,,,,,,,,,,,,,,,,,,,,,,,,,,,,,,,,,,,,,,,,,,,,,,,,,,,,,,,,,,,,,,,,,,,,,,,,,,,,,,,,,,,,,,,,,,,,,,,,,,,,,,,,,,,,,,,,,,,,,,,,,,,,,,,,,,,,,,,,,,,,,,,,,,,,,,,,,,,,,,,,,,,,,,,,,,,,,,,,,,,,,,,,,,,,,,,,,,,,,,,,,,,,,,,,,,,,,,,,,,,,,,,,,,,,,,,,,,,,,,,,,,,,,,,,,,,,,,,,,,,,,,,,,,,,,,,,,,,,,
"Version 3: Lwn Level 2.0",,,,,,,,,,,,,,,,,,,,,,,,,,,,,,,,,,,,,,,,,,,,,,,,,,,,,,,,,,,,,,,,,,,,,,,,,,,,,,,,,,,,,,,,,,,,,,,,,,,,,,,,,,,,,,,,,,,,,,,,,,,,,,,,,,,,,,,,,,,,,,,,,,,,,,,,,,,,,,,,,,,,,,,,,,,,,,,,,,,,,,,,,,,,,,,,,,,,,,,,,,,,,,,,,,,,,,,,,,,,,,,,,,,,,,,,,,,,,,,,,,,,,,,,,,,,,,,,,,,,,,,,,,,,,,,,,,,,,,,,,,,,,,,,,,,,,,,,,,,,,,,,,,,,,,,,,,,,,,,,,,,,,,,,,,,,,,,,,,,,,,,,,,,,,,,,,,,,,,,,,,,,,,,,,,,,,,,,,,,,,,,,,,,,,,,,,,,,,,,,,,,,,,,,,,,,,,,,,,,,,,,,,,,,,,,,,,,,,,,,,,,,,,,,,,,,,,,,,,,,,,,,,,,,,,,,,,,,,,,,,,,,,,,,,,,,,,,,,,,,,,,,,,,,,,,,,,,,,,,,,,,,,,,,,,,,,,,,,,,,,,,,,,,,,,,,
"The following data are automatically cloud cleared and quality assured with pre-field and post-field calibration applied.",,,,,,,,,,,,,,,,,,,,,,,,,,,,,,,,,,,,,,,,,,,,,,,,,,,,,,,,,,,,,,,,,,,,,,,,,,,,,,,,,,,,,,,,,,,,,,,,,,,,,,,,,,,,,,,,,,,,,,,,,,,,,,,,,,,,,,,,,,,,,,,,,,,,,,,,,,,,,,,,,,,,,,,,,,,,,,,,,,,,,,,,,,,,,,,,,,,,,,,,,,,,,,,,,,,,,,,,,,,,,,,,,,,,,,,,,,,,,,,,,,,,,,,,,,,,,,,,,,,,,,,,,,,,,,,,,,,,,,,,,,,,,,,,,,,,,,,,,,,,,,,,,,,,,,,,,,,,,,,,,,,,,,,,,,,,,,,,,,,,,,,,,,,,,,,,,,,,,,,,,,,,,,,,,,,,,,,,,,,,,,,,,,,,,,,,,,,,,,,,,,,,,,,,,,,,,,,,,,,,,,,,,,,,,,,,,,,,,,,,,,,,,,,,,,,,,,,,,,,,,,,,,,,,,,,,,,,,,,,,,,,,,,,,,,,,,,,,,,,,,,,,,,,,,,,,,,,,,,,,,,,,,,,,,,,,,,,,,,,,,,,,,,,,,,,,
"Contact: PI=Giuseppe_Zibordi"," PI Email=giuseppe.zibordi@eoscience.eu",,,,,,,,,,,,,,,,,,,,,,,,,,,,,,,,,,,,,,,,,,,,,,,,,,,,,,,,,,,,,,,,,,,,,,,,,,,,,,,,,,,,,,,,,,,,,,,,,,,,,,,,,,,,,,,,,,,,,,,,,,,,,,,,,,,,,,,,,,,,,,,,,,,,,,,,,,,,,,,,,,,,,,,,,,,,,,,,,,,,,,,,,,,,,,,,,,,,,,,,,,,,,,,,,,,,,,,,,,,,,,,,,,,,,,,,,,,,,,,,,,,,,,,,,,,,,,,,,,,,,,,,,,,,,,,,,,,,,,,,,,,,,,,,,,,,,,,,,,,,,,,,,,,,,,,,,,,,,,,,,,,,,,,,,,,,,,,,,,,,,,,,,,,,,,,,,,,,,,,,,,,,,,,,,,,,,,,,,,,,,,,,,,,,,,,,,,,,,,,,,,,,,,,,,,,,,,,,,,,,,,,,,,,,,,,,,,,,,,,,,,,,,,,,,,,,,,,,,,,,,,,,,,,,,,,,,,,,,,,,,,,,,,,,,,,,,,,,,,,,,,,,,,,,,,,,,,,,,,,,,,,,,,,,,,,,,,,,,,,,,,,,,,,,,,,
"AERONET_Site","Date(dd-mm-yyyy)","Time(hh:mm:ss)","Day_of_Year","Day_of_Year(Fraction)","Solar_Zenith_Angle[340nm]","Solar_Zenith_Angle[380nm]","Solar_Zenith_Angle[400nm]","Solar_Zenith_Angle[412nm]","Solar_Zenith_Angle[440nm]","Solar_Zenith_Angle[443nm]","Solar_Zenith_Angle[490nm]","Solar_Zenith_Angle[500nm]","Solar_Zenith_Angle[510nm]","Solar_Zenith_Angle[531nm]","Solar_Zenith_Angle[532nm]","Solar_Zenith_Angle[551nm]","Solar_Zenith_Angle[555nm]","Solar_Zenith_Angle[560nm]","Solar_Zenith_Angle[620nm]","Solar_Zenith_Angle[667nm]","Solar_Zenith_Angle[675nm]","Solar_Zenith_Angle[681nm]","Solar_Zenith_Angle[709nm]","Solar_Zenith_Angle[779nm]","Solar_Zenith_Angle[865nm]","Solar_Zenith_Angle[870nm]","Solar_Zenith_Angle[1020nm]","Solar_Zenith_Angle[Empty]","Solar_Zenith_Angle[Empty]","Solar_Zenith_Angle[Empty]","Solar_Zenith_Angle[Empty]","Solar_Zenith_Angle[Empty]","Solar_Azimuth_Angle[340nm]","Solar_Azimuth_Angle[380nm]","Solar_Azimuth_Angle[400nm]","Solar_Azimuth_Angle[412nm]","Solar_Azimuth_Angle[440nm]","Solar_Azimuth_Angle[443nm]","Solar_Azimuth_Angle[490nm]","Solar_Azimuth_Angle[500nm]","Solar_Azimuth_Angle[510nm]","Solar_Azimuth_Angle[531nm]","Solar_Azimuth_Angle[532nm]","Solar_Azimuth_Angle[551nm]","Solar_Azimuth_Angle[555nm]","Solar_Azimuth_Angle[560nm]","Solar_Azimuth_Angle[620nm]","Solar_Azimuth_Angle[667nm]","Solar_Azimuth_Angle[675nm]","Solar_Azimuth_Angle[681nm]","Solar_Azimuth_Angle[709nm]","Solar_Azimuth_Angle[779nm]","Solar_Azimuth_Angle[865nm]","Solar_Azimuth_Angle[870nm]","Solar_Azimuth_Angle[1020nm]","Solar_Azimuth_Angle[Empty]","Solar_Azimuth_Angle[Empty]","Solar_Azimuth_Angle[Empty]","Solar_Azimuth_Angle[Empty]","Solar_Azimuth_Angle[Empty]","Lt_mean[340nm]","Lt_mean[380nm]","Lt_mean[400nm]","Lt_mean[412nm]","Lt_mean[440nm]","Lt_mean[443nm]","Lt_mean[490nm]","Lt_mean[500nm]","Lt_mean[510nm]","Lt_mean[531nm]","Lt_mean[532nm]","Lt_mean[551nm]","Lt_mean[555nm]","Lt_mean[560nm]","Lt_mean[620nm]","Lt_mean[667nm]","Lt_mean[675nm]","Lt_mean[681nm]","Lt_mean[709nm]","Lt_mean[779nm]","Lt_mean[865nm]","Lt_mean[870nm]","Lt_mean[1020nm]","Lt_mean[Empty]","Lt_mean[Empty]","Lt_mean[Empty]","Lt_mean[Empty]","Lt_mean[Empty]","Lt_stddev[340nm]","Lt_stddev[380nm]","Lt_stddev[400nm]","Lt_stddev[412nm]","Lt_stddev[440nm]","Lt_stddev[443nm]","Lt_stddev[490nm]","Lt_stddev[500nm]","Lt_stddev[510nm]","Lt_stddev[531nm]","Lt_stddev[532nm]","Lt_stddev[551nm]","Lt_stddev[555nm]","Lt_stddev[560nm]","Lt_stddev[620nm]","Lt_stddev[667nm]","Lt_stddev[675nm]","Lt_stddev[681nm]","Lt_stddev[709nm]","Lt_stddev[779nm]","Lt_stddev[865nm]","Lt_stddev[870nm]","Lt_stddev[1020nm]","Lt_stddev[Empty]","Lt_stddev[Empty]","Lt_stddev[Empty]","Lt_stddev[Empty]","Lt_stddev[Empty]","Lt_min_rel[340nm]","Lt_min_rel[380nm]","Lt_min_rel[400nm]","Lt_min_rel[412nm]","Lt_min_rel[440nm]","Lt_min_rel[443nm]","Lt_min_rel[490nm]","Lt_min_rel[500nm]","Lt_min_rel[510nm]","Lt_min_rel[531nm]","Lt_min_rel[532nm]","Lt_min_rel[551nm]","Lt_min_rel[555nm]","Lt_min_rel[560nm]","Lt_min_rel[620nm]","Lt_min_rel[667nm]","Lt_min_rel[675nm]","Lt_min_rel[681nm]","Lt_min_rel[709nm]","Lt_min_rel[779nm]","Lt_min_rel[865nm]","Lt_min_rel[870nm]","Lt_min_rel[1020nm]","Lt_min_rel[Empty]","Lt_min_rel[Empty]","Lt_min_rel[Empty]","Lt_min_rel[Empty]","Lt_min_rel[Empty]","Li_mean[340nm]","Li_mean[380nm]","Li_mean[400nm]","Li_mean[412nm]","Li_mean[440nm]","Li_mean[443nm]","Li_mean[490nm]","Li_mean[500nm]","Li_mean[510nm]","Li_mean[531nm]","Li_mean[532nm]","Li_mean[551nm]","Li_mean[555nm]","Li_mean[560nm]","Li_mean[620nm]","Li_mean[667nm]","Li_mean[675nm]","Li_mean[681nm]","Li_mean[709nm]","Li_mean[779nm]","Li_mean[865nm]","Li_mean[870nm]","Li_mean[1020nm]","Li_mean[Empty]","Li_mean[Empty]","Li_mean[Empty]","Li_mean[Empty]","Li_mean[Empty]","Li_stddev[340nm]","Li_stddev[380nm]","Li_stddev[400nm]","Li_stddev[412nm]","Li_stddev[440nm]","Li_stddev[443nm]","Li_stddev[490nm]","Li_stddev[500nm]","Li_stddev[510nm]","Li_stddev[531nm]","Li_stddev[532nm]","Li_stddev[551nm]","Li_stddev[555nm]","Li_stddev[560nm]","Li_stddev[620nm]","Li_stddev[667nm]","Li_stddev[675nm]","Li_stddev[681nm]","Li_stddev[709nm]","Li_stddev[779nm]","Li_stddev[865nm]","Li_stddev[870nm]","Li_stddev[1020nm]","Li_stddev[Empty]","Li_stddev[Empty]","Li_stddev[Empty]","Li_stddev[Empty]","Li_stddev[Empty]","Rho[340nm]","Rho[380nm]","Rho[400nm]","Rho[412nm]","Rho[440nm]","Rho[443nm]","Rho[490nm]","Rho[500nm]","Rho[510nm]","Rho[531nm]","Rho[532nm]","Rho[551nm]","Rho[555nm]","Rho[560nm]","Rho[620nm]","Rho[667nm]","Rho[675nm]","Rho[681nm]","Rho[709nm]","Rho[779nm]","Rho[865nm]","Rho[870nm]","Rho[1020nm]","Rho[Empty]","Rho[Empty]","Rho[Empty]","Rho[Empty]","Rho[Empty]","Aerosol_Optical_Depth[340nm]","Aerosol_Optical_Depth[380nm]","Aerosol_Optical_Depth[400nm]","Aerosol_Optical_Depth[412nm]","Aerosol_Optical_Depth[440nm]","Aerosol_Optical_Depth[443nm]","Aerosol_Optical_Depth[490nm]","Aerosol_Optical_Depth[500nm]","Aerosol_Optical_Depth[510nm]","Aerosol_Optical_Depth[531nm]","Aerosol_Optical_Depth[532nm]","Aerosol_Optical_Depth[551nm]","Aerosol_Optical_Depth[555nm]","Aerosol_Optical_Depth[560nm]","Aerosol_Optical_Depth[620nm]","Aerosol_Optical_Depth[667nm]","Aerosol_Optical_Depth[675nm]","Aerosol_Optical_Depth[681nm]","Aerosol_Optical_Depth[709nm]","Aerosol_Optical_Depth[779nm]","Aerosol_Optical_Depth[865nm]","Aerosol_Optical_Depth[870nm]","Aerosol_Optical_Depth[1020nm]","Aerosol_Optical_Depth[Empty]","Aerosol_Optical_Depth[Empty]","Aerosol_Optical_Depth[Empty]","Aerosol_Optical_Depth[Empty]","Aerosol_Optical_Depth[Empty]","Ozone_Optical_Depth[340nm]","Ozone_Optical_Depth[380nm]","Ozone_Optical_Depth[400nm]","Ozone_Optical_Depth[412nm]","Ozone_Optical_Depth[440nm]","Ozone_Optical_Depth[443nm]","Ozone_Optical_Depth[490nm]","Ozone_Optical_Depth[500nm]","Ozone_Optical_Depth[510nm]","Ozone_Optical_Depth[531nm]","Ozone_Optical_Depth[532nm]","Ozone_Optical_Depth[551nm]","Ozone_Optical_Depth[555nm]","Ozone_Optical_Depth[560nm]","Ozone_Optical_Depth[620nm]","Ozone_Optical_Depth[667nm]","Ozone_Optical_Depth[675nm]","Ozone_Optical_Depth[681nm]","Ozone_Optical_Depth[709nm]","Ozone_Optical_Depth[779nm]","Ozone_Optical_Depth[865nm]","Ozone_Optical_Depth[870nm]","Ozone_Optical_Depth[1020nm]","Ozone_Optical_Depth[Empty]","Ozone_Optical_Depth[Empty]","Ozone_Optical_Depth[Empty]","Ozone_Optical_Depth[Empty]","Ozone_Optical_Depth[Empty]","Rayleigh_Optical_Depth[340nm]","Rayleigh_Optical_Depth[380nm]","Rayleigh_Optical_Depth[400nm]","Rayleigh_Optical_Depth[412nm]","Rayleigh_Optical_Depth[440nm]","Rayleigh_Optical_Depth[443nm]","Rayleigh_Optical_Depth[490nm]","Rayleigh_Optical_Depth[500nm]","Rayleigh_Optical_Depth[510nm]","Rayleigh_Optical_Depth[531nm]","Rayleigh_Optical_Depth[532nm]","Rayleigh_Optical_Depth[551nm]","Rayleigh_Optical_Depth[555nm]","Rayleigh_Optical_Depth[560nm]","Rayleigh_Optical_Depth[620nm]","Rayleigh_Optical_Depth[667nm]","Rayleigh_Optical_Depth[675nm]","Rayleigh_Optical_Depth[681nm]","Rayleigh_Optical_Depth[709nm]","Rayleigh_Optical_Depth[779nm]","Rayleigh_Optical_Depth[865nm]","Rayleigh_Optical_Depth[870nm]","Rayleigh_Optical_Depth[1020nm]","Rayleigh_Optical_Depth[Empty]","Rayleigh_Optical_Depth[Empty]","Rayleigh_Optical_Depth[Empty]","Rayleigh_Optical_Depth[Empty]","Rayleigh_Optical_Depth[Empty]","NO2_Optical_Depth[340nm]","NO2_Optical_Depth[380nm]","NO2_Optical_Depth[400nm]","NO2_Optical_Depth[412nm]","NO2_Optical_Depth[440nm]","NO2_Optical_Depth[443nm]","NO2_Optical_Depth[490nm]","NO2_Optical_Depth[500nm]","NO2_Optical_Depth[510nm]","NO2_Optical_Depth[531nm]","NO2_Optical_Depth[532nm]","NO2_Optical_Depth[551nm]","NO2_Optical_Depth[555nm]","NO2_Optical_Depth[560nm]","NO2_Optical_Depth[620nm]","NO2_Optical_Depth[667nm]","NO2_Optical_Depth[675nm]","NO2_Optical_Depth[681nm]","NO2_Optical_Depth[709nm]","NO2_Optical_Depth[779nm]","NO2_Optical_Depth[865nm]","NO2_Optical_Depth[870nm]","NO2_Optical_Depth[1020nm]","NO2_Optical_Depth[Empty]","NO2_Optical_Depth[Empty]","NO2_Optical_Depth[Empty]","NO2_Optical_Depth[Empty]","NO2_Optical_Depth[Empty]","Water_Vapor_Optical_Depth[340nm]","Water_Vapor_Optical_Depth[380nm]","Water_Vapor_Optical_Depth[400nm]","Water_Vapor_Optical_Depth[412nm]","Water_Vapor_Optical_Depth[440nm]","Water_Vapor_Optical_Depth[443nm]","Water_Vapor_Optical_Depth[490nm]","Water_Vapor_Optical_Depth[500nm]","Water_Vapor_Optical_Depth[510nm]","Water_Vapor_Optical_Depth[531nm]","Water_Vapor_Optical_Depth[532nm]","Water_Vapor_Optical_Depth[551nm]","Water_Vapor_Optical_Depth[555nm]","Water_Vapor_Optical_Depth[560nm]","Water_Vapor_Optical_Depth[620nm]","Water_Vapor_Optical_Depth[667nm]","Water_Vapor_Optical_Depth[675nm]","Water_Vapor_Optical_Depth[681nm]","Water_Vapor_Optical_Depth[709nm]","Water_Vapor_Optical_Depth[779nm]","Water_Vapor_Optical_Depth[865nm]","Water_Vapor_Optical_Depth[870nm]","Water_Vapor_Optical_Depth[1020nm]","Water_Vapor_Optical_Depth[Empty]","Water_Vapor_Optical_Depth[Empty]","Water_Vapor_Optical_Depth[Empty]","Water_Vapor_Optical_Depth[Empty]","Water_Vapor_Optical_Depth[Empty]","Total_Ozone(Du)","Total_NO2(DU)","Total_Precipitable_Water(cm)","Chlorophyll-a","Wind_Speed(m/s)","Pressure(hPa)","Lw[340nm]","Lw[380nm]","Lw[400nm]","Lw[412nm]","Lw[440nm]","Lw[443nm]","Lw[490nm]","Lw[500nm]","Lw[510nm]","Lw[531nm]","Lw[532nm]","Lw[551nm]","Lw[555nm]","Lw[560nm]","Lw[620nm]","Lw[667nm]","Lw[675nm]","Lw[681nm]","Lw[709nm]","Lw[779nm]","Lw[865nm]","Lw[870nm]","Lw[1020nm]","Lw[Empty]","Lw[Empty]","Lw[Empty]","Lw[Empty]","Lw[Empty]","LwQ[340nm]","LwQ[380nm]","LwQ[400nm]","LwQ[412nm]","LwQ[440nm]","LwQ[443nm]","LwQ[490nm]","LwQ[500nm]","LwQ[510nm]","LwQ[531nm]","LwQ[532nm]","LwQ[551nm]","LwQ[555nm]","LwQ[560nm]","LwQ[620nm]","LwQ[667nm]","LwQ[675nm]","LwQ[681nm]","LwQ[709nm]","LwQ[779nm]","LwQ[865nm]","LwQ[870nm]","LwQ[1020nm]","LwQ[Empty]","LwQ[Empty]","LwQ[Empty]","LwQ[Empty]","LwQ[Empty]","Lwn[340nm]","Lwn[380nm]","Lwn[400nm]","Lwn[412nm]","Lwn[440nm]","Lwn[443nm]","Lwn[490nm]","Lwn[500nm]","Lwn[510nm]","Lwn[531nm]","Lwn[532nm]","Lwn[551nm]","Lwn[555nm]","Lwn[560nm]","Lwn[620nm]","Lwn[667nm]","Lwn[675nm]","Lwn[681nm]","Lwn[709nm]","Lwn[779nm]","Lwn[865nm]","Lwn[870nm]","Lwn[1020nm]","Lwn[Empty]","Lwn[Empty]","Lwn[Empty]","Lwn[Empty]","Lwn[Empty]","Lwn_f/Q[340nm]","Lwn_f/Q[380nm]","Lwn_f/Q[400nm]","Lwn_f/Q[412nm]","Lwn_f/Q[440nm]","Lwn_f/Q[443nm]","Lwn_f/Q[490nm]","Lwn_f/Q[500nm]","Lwn_f/Q[510nm]","Lwn_f/Q[531nm]","Lwn_f/Q[532nm]","Lwn_f/Q[551nm]","Lwn_f/Q[555nm]","Lwn_f/Q[560nm]","Lwn_f/Q[620nm]","Lwn_f/Q[667nm]","Lwn_f/Q[675nm]","Lwn_f/Q[681nm]","Lwn_f/Q[709nm]","Lwn_f/Q[779nm]","Lwn_f/Q[865nm]","Lwn_f/Q[870nm]","Lwn_f/Q[1020nm]","Lwn_f/Q[Empty]","Lwn_f/Q[Empty]","Lwn_f/Q[Empty]","Lwn_f/Q[Empty]","Lwn_f/Q[Empty]","Lwn_IOP[340nm]","Lwn_IOP[380nm]","Lwn_IOP[400nm]","Lwn_IOP[412nm]","Lwn_IOP[440nm]","Lwn_IOP[443nm]","Lwn_IOP[490nm]","Lwn_IOP[500nm]","Lwn_IOP[510nm]","Lwn_IOP[531nm]","Lwn_IOP[532nm]","Lwn_IOP[551nm]","Lwn_IOP[555nm]","Lwn_IOP[560nm]","Lwn_IOP[620nm]","Lwn_IOP[667nm]","Lwn_IOP[675nm]","Lwn_IOP[681nm]","Lwn_IOP[709nm]","Lwn_IOP[779nm]","Lwn_IOP[865nm]","Lwn_IOP[870nm]","Lwn_IOP[1020nm]","Lwn_IOP[Empty]","Lwn_IOP[Empty]","Lwn_IOP[Empty]","Lwn_IOP[Empty]","Lwn_IOP[Empty]","Number_of_Wavelengths","Exact_Wavelengths(um)_340","Exact_Wavelengths(um)_380","Exact_Wavelengths(um)_400","Exact_Wavelengths(um)_412","Exact_Wavelengths(um)_440","Exact_Wavelengths(um)_443","Exact_Wavelengths(um)_490","Exact_Wavelengths(um)_500","Exact_Wavelengths(um)_510","Exact_Wavelengths(um)_531","Exact_Wavelengths(um)_532","Exact_Wavelengths(um)_551","Exact_Wavelengths(um)_555","Exact_Wavelengths(um)_560","Exact_Wavelengths(um)_620","Exact_Wavelengths(um)_667","Exact_Wavelengths(um)_675","Exact_Wavelengths(um)_681","Exact_Wavelengths(um)_709","Exact_Wavelengths(um)_779","Exact_Wavelengths(um)_865","Exact_Wavelengths(um)_870","Exact_Wavelengths(um)_1020","Exact_Wavelengths(um)_Empty","Exact_Wavelengths(um)_Empty","Exact_Wavelengths(um)_Empty","Exact_Wavelengths(um)_Empty","Exact_Wavelengths(um)_Empty","AERONET_Site_Name","Site_Latitude(Degrees)","Site_Longitude(Degrees)","Site_Elevation(m)","AERONET_Instrument_Number","ASea(Degrees)","ZSea(Degrees)","Data_Quality_Level","Last_Date_Processed"
"AAOT","01:07:2025","10:47:57",182,182.449965,-999,-999,22.741448,22.75284,-999,22.763633,22.774535,-999,22.786282,-999,-999,-999,-999,22.797407,22.809393,22.82074,-999,-999,-999,22.832963,22.844533,-999,22.857775,-999,-999,-999,-999,-999,-999,-999,165.990571,165.834771,-999,165.68883,165.543009,-999,165.3876,-999,-999,-999,-999,165.242029,165.08689,164.941574,-999,-999,-999,164.786708,164.641652,-999,164.477408,-999,-999,-999,-999,-999,-999,-999,0.765894,0.881383,-999,0.988535,1.181623,-999,1.247242,-999,-999,-999,-999,1.41855,0.513152,0.361876,-999,-999,-999,0.125983,0.204093,-999,0.042815,-999,-999,-999,-999,-999,-999,-999,0.086624,0.060313,-999,0.129372,0.064588,-999,0.029536,-999,-999,-999,-999,0.033526,0.029485,0.014782,-999,-999,-999,0.015982,0.416409,-999,0.020539,-999,-999,-999,-999,-999,-999,-999,0.694519,0.81522,-999,0.890119,1.113544,-999,1.206161,-999,-999,-999,-999,1.378821,0.483574,0.342662,-999,-999,-999,0.110132,0.069926,-999,0.032645,-999,-999,-999,-999,-999,-999,-999,12.96468,14.515668,-999,14.039474,12.464453,-999,11.648203,-999,-999,-999,-999,9.490864,7.186381,6.085188,-999,-999,-999,3.614001,2.316472,-999,1.200323,-999,-999,-999,-999,-999,-999,-999,0.003636,0.003897,-999,0.00934,0.003018,-999,0.000298,-999,-999,-999,-999,0.002603,0.000381,0.006185,-999,-999,-999,0.002465,0.001912,-999,0.000705,-999,-999,-999,-999,-999,-999,-999,0.026125,0.026125,-999,0.026125,0.026125,-999,0.026125,-999,-999,-999,-999,0.026125,0.026125,0.026125,-999,-999,-999,0.026125,0.026125,-999,0.026125,-999,-999,-999,-999,-999,-999,-999,0.444359,0.427478,-999,0.388332,0.332423,-999,0.314193,-999,-999,-999,-999,0.258408,0.212298,0.193448,-999,-999,-999,0.14335,0.119666,-999,0.087995,-999,-999,-999,-999,-999,-999,-999,0,0,-999,0,0.007078,-999,0.013932,-999,-999,-999,-999,0.035009,0.036209,0.016693,-999,-999,-999,0,0,-999,0,-999,-999,-999,-999,-999,-999,-999,0.361638,0.318177,-999,0.237648,0.156027,-999,0.132499,-999,-999,-999,-999,0.0905,0.059764,0.044965,-999,-999,-999,0.023686,0.015514,-999,0.007999,-999,-999,-999,-999,-999,-999,-999,0.004305,0.004202,-999,0.003393,0.002061,-999,0.001522,-999,-999,-999,-999,0.000512,0.000199,0.000054,-999,-999,-999,0,0,-999,0,-999,-999,-999,-999,-999,-999,-999,0,0,-999,0,0,-999,0,-999,-999,-999,-999,0,0,0,-999,-999,-999,0,0,-999,0.008901,-999,-999,-999,-999,-999,337.324577,0.264293,3.751505,3.363549,1.94184,1015.475195,-999,-999,0.355815,0.435997,-999,0.523336,0.787908,-999,0.90185,-999,-999,-999,-999,1.130871,0.295829,0.183685,-999,-999,-999,0.015716,0.009408,-999,0.001287,-999,-999,-999,-999,-999,-999,-999,0.338282,0.413299,-999,0.491625,0.725968,-999,0.826651,-999,-999,-999,-999,1.027929,0.275865,0.172755,-999,-999,-999,0.015716,0.009408,-999,0.001287,-999,-999,-999,-999,-999,-999,-999,0.530927,0.632959,-999,0.720549,1.032527,-999,1.170688,-999,-999,-999,-999,1.451177,0.370514,0.222621,-999,-999,-999,0.018322,0.010874,-999,0.001487,-999,-999,-999,-999,-999,-999,-999,0.5018,0.595881,-999,0.67007,0.935239,-999,1.052721,-999,-999,-999,-999,1.289466,0.340818,0.207235,-999,-999,-999,0.018322,-9.999,-999,0.001487,-999,-999,-999,-999,-999,-999,-999,0.499983,0.594714,-999,0.674589,0.959968,-999,1.08577,-999,-999,-999,-999,1.339137,0.346266,0.208449,-999,-999,-999,0.018322,-9.999,-999,0.001487,-999,-999,-999,-999,-999,11,-999,-999,0.399829,0.412333,-999,0.442436,0.490041,-999,0.50997,-999,-999,-999,-999,0.559823,0.619891,0.664896,-999,-999,-999,0.779004,0.865115,-999,1.019796,-999,-999,-999,-999,-999,"AAOT",45.3139,12.5083,10,1011,-90,40,"lev20","16:03:2026"
"AAOT","01:07:2025","10:57:35",182,182.456655,-999,-999,22.414187,22.420575,-999,22.427514,22.434582,-999,22.441325,-999,-999,-999,-999,22.448182,22.45562,22.462711,-999,-999,-999,22.470398,22.477722,-999,22.486158,-999,-999,-999,-999,-999,-999,-999,171.698106,171.548315,-999,171.38862,171.229012,-999,171.079458,-999,-999,-999,-999,170.929983,170.770631,170.621322,-999,-999,-999,170.462149,170.313011,-999,170.14409,-999,-999,-999,-999,-999,-999,-999,0.741954,0.883107,-999,0.974609,1.19232,-999,1.259411,-999,-999,-999,-999,1.422087,0.516212,0.392358,-999,-999,-999,0.167305,0.100325,-999,0.106826,-999,-999,-999,-999,-999,-999,-999,0.034217,0.041971,-999,0.062224,0.038995,-999,0.060633,-999,-999,-999,-999,0.030753,0.023029,0.059365,-999,-999,-999,0.136127,0.029835,-999,0.122751,-999,-999,-999,-999,-999,-999,-999,0.696828,0.844332,-999,0.899694,1.14797,-999,1.190997,-999,-999,-999,-999,1.387261,0.484032,0.342116,-999,-999,-999,0.101493,0.06966,-999,0.032293,-999,-999,-999,-999,-999,-999,-999,13.025596,14.627123,-999,14.166118,12.584997,-999,11.786769,-999,-999,-999,-999,9.607392,7.214427,5.974451,-999,-999,-999,3.454981,2.189933,-999,1.105928,-999,-999,-999,-999,-999,-999,-999,0.003174,0.002299,-999,0.005298,0.004556,-999,0.0035,-999,-999,-999,-999,0.001942,0.002466,0.001838,-999,-999,-999,0.001039,0.000997,-999,0.003568,-999,-999,-999,-999,-999,-999,-999,0.026096,0.026096,-999,0.026096,0.026096,-999,0.026096,-999,-999,-999,-999,0.026096,0.026096,0.026096,-999,-999,-999,0.026096,0.026096,-999,0.026096,-999,-999,-999,-999,-999,-999,-999,0.439899,0.423228,-999,0.384748,0.329749,-999,0.311715,-999,-999,-999,-999,0.257399,0.210768,0.192199,-999,-999,-999,0.142557,0.119121,-999,0.087422,-999,-999,-999,-999,-999,-999,-999,0,0,-999,0,0.007078,-999,0.013932,-999,-999,-999,-999,0.035009,0.036209,0.016693,-999,-999,-999,0,0,-999,0,-999,-999,-999,-999,-999,-999,-999,0.361633,0.318172,-999,0.237644,0.156025,-999,0.132497,-999,-999,-999,-999,0.090498,0.059763,0.044965,-999,-999,-999,0.023686,0.015514,-999,0.007999,-999,-999,-999,-999,-999,-999,-999,0.004305,0.004202,-999,0.003393,0.002061,-999,0.001522,-999,-999,-999,-999,0.000512,0.000199,0.000054,-999,-999,-999,0,0,-999,0,-999,-999,-999,-999,-999,-999,-999,0,0,-999,0,0,-999,0,-999,-999,-999,-999,0,0,0,-999,-999,-999,0,0,-999,0.008868,-999,-999,-999,-999,-999,337.3205,0.264287,3.737076,3.083337,1.91988,1015.458855,-999,-999,0.356909,0.462619,-999,0.530012,0.819548,-999,0.883407,-999,-999,-999,-999,1.136545,0.295762,0.186206,-999,-999,-999,0.011331,0.012511,-999,0.003433,-999,-999,-999,-999,-999,-999,-999,0.340059,0.439494,-999,0.498972,0.756895,-999,0.811787,-999,-999,-999,-999,1.036208,0.276735,0.175614,-999,-999,-999,0.011331,0.012511,-999,0.003433,-999,-999,-999,-999,-999,-999,-999,0.530524,0.669079,-999,0.727143,1.070432,-999,1.142964,-999,-999,-999,-999,1.454007,0.369275,0.224995,-999,-999,-999,0.013173,0.01442,-999,0.003956,-999,-999,-999,-999,-999,-999,-999,0.502776,0.63162,-999,0.678114,0.972814,-999,1.031551,-999,-999,-999,-999,1.29779,0.341257,0.210221,-999,-999,-999,-9.999,0.01442,-999,0.003956,-999,-999,-999,-999,-999,-999,-999,0.499973,0.628717,-999,0.681169,0.99541,-999,1.061059,-999,-999,-999,-999,1.34252,0.345329,0.210784,-999,-999,-999,-9.999,0.01442,-999,0.003956,-999,-999,-999,-999,-999,11,-999,-999,0.399829,0.412333,-999,0.442436,0.490041,-999,0.50997,-999,-999,-999,-999,0.559823,0.619891,0.664896,-999,-999,-999,0.779004,0.865115,-999,1.019796,-999,-999,-999,-999,-999,"AAOT",45.3139,12.5083,10,1011,-90,40,"lev20","16:03:2026"
"AAOT","01:07:2025","11:28:19",182,182.477998,-999,-999,22.508031,22.500259,-999,22.492092,22.484552,-999,22.476634,-999,-999,-999,-999,22.469327,22.462133,22.454583,-999,-999,-999,22.447622,22.440322,-999,22.433151,-999,-999,-999,-999,-999,-999,-999,190.248529,190.099734,-999,189.940921,189.791944,-999,189.632942,-999,-999,-999,-999,189.483789,189.334554,189.175279,-999,-999,-999,189.025875,188.866424,-999,188.706884,-999,-999,-999,-999,-999,-999,-999,0.725813,0.841712,-999,0.915669,1.154373,-999,1.223689,-999,-999,-999,-999,1.404358,0.503225,0.345536,-999,-999,-999,0.114775,0.072646,-999,0.034347,-999,-999,-999,-999,-999,-999,-999,0.04115,0.066728,-999,0.052242,0.037927,-999,0.038595,-999,-999,-999,-999,0.061821,0.027031,0.023226,-999,-999,-999,0.021685,0.011549,-999,0.007453,-999,-999,-999,-999,-999,-999,-999,0.662492,0.768282,-999,0.857695,1.109043,-999,1.172576,-999,-999,-999,-999,1.356225,0.468804,0.314129,-999,-999,-999,0.092284,0.060274,-999,0.026489,-999,-999,-999,-999,-999,-999,-999,12.200824,13.65573,-999,13.090331,11.360634,-999,10.498927,-999,-999,-999,-999,8.405847,6.180882,5.064746,-999,-999,-999,2.880399,1.824071,-999,0.923683,-999,-999,-999,-999,-999,-999,-999,0.003732,0.007086,-999,0.0025,0.002167,-999,0.002306,-999,-999,-999,-999,0.000596,0.001055,0.001426,-999,-999,-999,0.000549,0.002599,-999,0.002413,-999,-999,-999,-999,-999,-999,-999,0.026006,0.026006,-999,0.026006,0.026006,-999,0.026006,-999,-999,-999,-999,0.026006,0.026006,0.026006,-999,-999,-999,0.026006,0.026006,-999,0.026006,-999,-999,-999,-999,-999,-999,-999,0.386694,0.371428,-999,0.336734,0.287706,-999,0.271972,-999,-999,-999,-999,0.223096,0.182162,0.166932,-999,-999,-999,0.124183,0.104513,-999,0.077297,-999,-999,-999,-999,-999,-999,-999,0,0,-999,0,0.007077,-999,0.013932,-999,-999,-999,-999,0.035008,0.036208,0.016692,-999,-999,-999,0,0,-999,0,-999,-999,-999,-999,-999,-999,-999,0.361614,0.318156,-999,0.237632,0.156017,-999,0.13249,-999,-999,-999,-999,0.090494,0.05976,0.044962,-999,-999,-999,0.023685,0.015513,-999,0.007998,-999,-999,-999,-999,-999,-999,-999,0.004305,0.004202,-999,0.003393,0.00206,-999,0.001521,-999,-999,-999,-999,0.000512,0.000199,0.000054,-999,-999,-999,0,0,-999,0,-999,-999,-999,-999,-999,-999,-999,0,0,-999,0,0,-999,0,-999,-999,-999,-999,0,0,0,-999,-999,-999,0,0,-999,0.008692,-999,-999,-999,-999,-999,337.307654,0.264269,3.659049,3.157834,1.849823,1015.407375,-999,-999,0.345195,0.413149,-999,0.517265,0.813596,-999,0.899539,-999,-999,-999,-999,1.137622,0.308063,0.182415,-999,-999,-999,0.017376,0.012837,-999,0.002468,-999,-999,-999,-999,-999,-999,-999,0.328907,0.392518,-999,0.487027,0.751471,-999,0.826668,-999,-999,-999,-999,1.037125,0.288197,0.172036,-999,-999,-999,0.017376,0.012837,-999,0.002468,-999,-999,-999,-999,-999,-999,-999,0.508842,0.592617,-999,0.70417,1.055384,-999,1.156187,-999,-999,-999,-999,1.447011,0.382752,0.219437,-999,-999,-999,0.020132,0.014754,-999,0.002837,-999,-999,-999,-999,-999,-999,-999,0.482171,0.559383,-999,0.656639,0.958937,-999,1.043216,-999,-999,-999,-999,1.290957,0.353566,0.205001,-999,-999,-999,0.020132,0.014754,-999,0.002837,-999,-999,-999,-999,-999,-999,-999,0.47976,0.55761,-999,0.659869,0.981552,-999,1.073128,-999,-999,-999,-999,1.336081,0.357806,0.205598,-999,-999,-999,0.020132,0.014754,-999,0.002837,-999,-999,-999,-999,-999,11,-999,-999,0.399829,0.412333,-999,0.442436,0.490041,-999,0.50997,-999,-999,-999,-999,0.559823,0.619891,0.664896,-999,-999,-999,0.779004,0.865115,-999,1.019796,-999,-999,-999,-999,-999,"AAOT",45.3139,12.5083,10,1011,-90,40,"lev20","16:03:2026"
"AAOT","01:07:2025","11:33:06",182,182.481319,-999,-999,22.678871,22.668311,-999,22.658523,22.648205,-999,22.638645,-999,-999,-999,-999,22.628569,22.619237,22.610016,-999,-999,-999,22.600302,22.591309,-999,22.581252,-999,-999,-999,-999,-999,-999,-999,193.086718,192.930043,-999,192.783047,192.626131,-999,192.47891,-999,-999,-999,-999,192.321758,192.174319,192.026775,-999,-999,-999,191.869282,191.721526,-999,191.553948,-999,-999,-999,-999,-999,-999,-999,0.731392,0.842953,-999,0.918858,1.166915,-999,1.228287,-999,-999,-999,-999,1.435061,0.522406,0.359183,-999,-999,-999,0.10441,0.062413,-999,0.033099,-999,-999,-999,-999,-999,-999,-999,0.04888,0.048079,-999,0.05761,0.077445,-999,0.069882,-999,-999,-999,-999,0.097356,0.099946,0.05335,-999,-999,-999,0.007345,0.009265,-999,0.004717,-999,-999,-999,-999,-999,-999,-999,0.693558,0.773971,-999,0.851017,1.082669,-999,1.154155,-999,-999,-999,-999,1.381076,0.456458,0.309177,-999,-999,-999,0.094605,0.052087,-999,0.026384,-999,-999,-999,-999,-999,-999,-999,12.064249,13.431435,-999,12.869498,11.22196,-999,10.372327,-999,-999,-999,-999,8.291243,6.112138,5.021402,-999,-999,-999,2.851959,1.787483,-999,0.892914,-999,-999,-999,-999,-999,-999,-999,0.006072,0.006844,-999,0.011151,0.002054,-999,0.000714,-999,-999,-999,-999,0.005751,0.00037,0.000997,-999,-999,-999,0.001066,0.001578,-999,0.003599,-999,-999,-999,-999,-999,-999,-999,0.025992,0.025992,-999,0.025992,0.025992,-999,0.025992,-999,-999,-999,-999,0.025992,0.025992,0.025992,-999,-999,-999,0.025992,0.025992,-999,0.025992,-999,-999,-999,-999,-999,-999,-999,0.374519,0.359708,-999,0.32583,0.278001,-999,0.262809,-999,-999,-999,-999,0.214916,0.175506,0.161054,-999,-999,-999,0.119885,0.101052,-999,0.074924,-999,-999,-999,-999,-999,-999,-999,0,0,-999,0,0.007077,-999,0.013931,-999,-999,-999,-999,0.035008,0.036208,0.016692,-999,-999,-999,0,0,-999,0,-999,-999,-999,-999,-999,-999,-999,0.361611,0.318153,-999,0.23763,0.156016,-999,0.132489,-999,-999,-999,-999,0.090493,0.05976,0.044962,-999,-999,-999,0.023685,0.015513,-999,0.007998,-999,-999,-999,-999,-999,-999,-999,0.004305,0.004202,-999,0.003392,0.00206,-999,0.001521,-999,-999,-999,-999,0.000512,0.000199,0.000054,-999,-999,-999,0,0,-999,0,-999,-999,-999,-999,-999,-999,-999,0,0,-999,0,0,-999,0,-999,-999,-999,-999,0,0,0,-999,-999,-999,0,0,-999,0.008673,-999,-999,-999,-999,-999,337.305647,0.264266,3.650872,3.618006,1.838919,1015.39933,-999,-999,0.379979,0.424856,-999,0.516507,0.790983,-999,0.884553,-999,-999,-999,-999,1.165566,0.297588,0.178658,-999,-999,-999,0.020476,0.005626,-999,0.003175,-999,-999,-999,-999,-999,-999,-999,0.361006,0.402479,-999,0.484949,0.728355,-999,0.810218,-999,-999,-999,-999,1.058315,0.277115,0.167868,-999,-999,-999,0.020476,0.005626,-999,0.003175,-999,-999,-999,-999,-999,-999,-999,0.559819,0.609098,-999,0.702823,1.02572,-999,1.136638,-999,-999,-999,-999,1.482382,0.369775,0.214959,-999,-999,-999,0.023733,0.006469,-999,0.003653,-999,-999,-999,-999,-999,-999,-999,0.528612,0.572913,-999,0.653089,0.928206,-999,1.021017,-999,-999,-999,-999,1.315138,0.339519,0.199883,-999,-999,-999,0.023733,0.006469,-999,0.003653,-999,-999,-999,-999,-999,-999,-999,0.526787,0.572434,-999,0.658095,0.953679,-999,1.054576,-999,-999,-999,-999,1.367598,0.34561,0.201343,-999,-999,-999,0.023733,0.006469,-999,0.003653,-999,-999,-999,-999,-999,11,-999,-999,0.399829,0.412333,-999,0.442436,0.490041,-999,0.50997,-999,-999,-999,-999,0.559823,0.619891,0.664896,-999,-999,-999,0.779004,0.865115,-999,1.019796,-999,-999,-999,-999,-999,"AAOT",45.3139,12.5083,10,1011,-90,40,"lev20","16:03:2026"
"AAOT","01:07:2025","12:52:33",182,182.536493,-999,-999,30.283385,30.24687,-999,30.212683,30.17854,-999,30.14217,-999,-999,-999,-999,30.108119,30.071848,30.03789,-999,-999,-999,30.001717,29.967853,-999,29.93178,-999,-999,-999,-999,-999,-999,-999,231.222075,231.124354,-999,231.032576,230.940639,-999,230.842397,-999,-999,-999,-999,230.75013,230.651535,230.558937,-999,-999,-999,230.459988,230.367056,-999,230.267752,-999,-999,-999,-999,-999,-999,-999,0.678546,0.785593,-999,0.847353,1.063321,-999,1.122035,-999,-999,-999,-999,1.275685,0.434725,0.289488,-999,-999,-999,0.085223,0.053276,-999,0.029556,-999,-999,-999,-999,-999,-999,-999,0.055413,0.051488,-999,0.075698,0.027684,-999,0.04668,-999,-999,-999,-999,0.034067,0.019979,0.01725,-999,-999,-999,0.010869,0.009518,-999,0.017777,-999,-999,-999,-999,-999,-999,-999,0.600841,0.731964,-999,0.766374,1.027892,-999,1.076797,-999,-999,-999,-999,1.227257,0.413108,0.264016,-999,-999,-999,0.072952,0.040871,-999,0.019242,-999,-999,-999,-999,-999,-999,-999,10.736975,11.875542,-999,11.191881,9.540533,-999,8.755033,-999,-999,-999,-999,6.897994,5.011921,4.091495,-999,-999,-999,2.309852,1.443189,-999,0.717165,-999,-999,-999,-999,-999,-999,-999,0.005252,0.001398,-999,0.003638,0.000638,-999,0.00056,-999,-999,-999,-999,0.004143,0.001003,0.001,-999,-999,-999,0.000751,0.002248,-999,0.000683,-999,-999,-999,-999,-999,-999,-999,0.025677,0.025677,-999,0.025677,0.025677,-999,0.025677,-999,-999,-999,-999,0.025677,0.025677,0.025677,-999,-999,-999,0.025677,0.025677,-999,0.025677,-999,-999,-999,-999,-999,-999,-999,0.366226,0.350805,-999,0.316627,0.268815,-999,0.253796,-999,-999,-999,-999,0.206694,0.167909,0.153803,-999,-999,-999,0.114242,0.096282,-999,0.071617,-999,-999,-999,-999,-999,-999,-999,0,0,-999,0,0.007074,-999,0.013924,-999,-999,-999,-999,0.03499,0.036189,0.016684,-999,-999,-999,0,0,-999,0,-999,-999,-999,-999,-999,-999,-999,0.361573,0.318119,-999,0.237605,0.155999,-999,0.132475,-999,-999,-999,-999,0.090483,0.059753,0.044957,-999,-999,-999,0.023682,0.015512,-999,0.007997,-999,-999,-999,-999,-999,-999,-999,0.004304,0.004201,-999,0.003392,0.00206,-999,0.001521,-999,-999,-999,-999,0.000511,0.000199,0.000054,-999,-999,-999,0,0,-999,0,-999,-999,-999,-999,-999,-999,-999,0,0,-999,0,0,-999,0,-999,-999,-999,-999,0,0,0,-999,-999,-999,0,0,-999,0.008744,-999,-999,-999,-999,-999,337.272421,0.26422,3.682367,2.804774,1.557122,1015.290767,-999,-999,0.325151,0.42704,-999,0.479004,0.782923,-999,0.851997,-999,-999,-999,-999,1.05014,0.284418,0.15896,-999,-999,-999,0.013643,0.003814,-999,0.000828,-999,-999,-999,-999,-999,-999,-999,0.308362,0.403787,-999,0.448733,0.719398,-999,0.779062,-999,-999,-999,-999,0.953004,0.26491,0.149174,-999,-999,-999,0.013643,0.003814,-999,0.000828,-999,-999,-999,-999,-999,-999,-999,0.52071,0.663924,-999,0.704049,1.092757,-999,1.177273,-999,-999,-999,-999,1.434954,0.379035,0.204642,-999,-999,-999,0.016878,0.004679,-999,0.001016,-999,-999,-999,-999,-999,-999,-999,0.489235,0.620897,-999,0.648837,0.9769,-999,1.044165,-999,-999,-999,-999,1.256713,0.345555,0.188818,-999,-999,-999,0.016878,0.004679,-999,0.001016,-999,-999,-999,-999,-999,-999,-999,0.486489,0.618244,-999,0.653355,1.00547,-999,1.081097,-999,-999,-999,-999,1.311046,0.350336,0.189561,-999,-999,-999,0.016878,0.004679,-999,0.001016,-999,-999,-999,-999,-999,11,-999,-999,0.399829,0.412333,-999,0.442436,0.490041,-999,0.50997,-999,-999,-999,-999,0.559823,0.619891,0.664896,-999,-999,-999,0.779004,0.865115,-999,1.019796,-999,-999,-999,-999,-999,"AAOT",45.3139,12.5083,10,1011,-90,40,"lev20","16:03:2026"
"AAOT","01:07:2025","12:57:18",182,182.539792,-999,-999,30.944337,30.906958,-999,30.871958,30.834669,-999,30.799754,-999,-999,-999,-999,30.764881,30.727728,30.692941,-999,-999,-999,30.655881,30.618869,-999,30.581905,-999,-999,-999,-999,-999,-999,-999,232.93885,232.844286,-999,232.755474,232.660574,-999,232.571448,-999,-999,-999,-999,232.482168,232.386767,232.297169,-999,-999,-999,232.201429,232.105512,-999,232.009419,-999,-999,-999,-999,-999,-999,-999,0.663874,0.789386,-999,0.910579,1.062364,-999,1.16409,-999,-999,-999,-999,1.283177,0.450646,0.305877,-999,-999,-999,0.093291,0.061742,-999,0.023902,-999,-999,-999,-999,-999,-999,-999,0.044769,0.054641,-999,0.15735,0.058605,-999,0.076305,-999,-999,-999,-999,0.037293,0.060671,0.052372,-999,-999,-999,0.029675,0.021205,-999,0.004524,-999,-999,-999,-999,-999,-999,-999,0.614018,0.72068,-999,0.819075,0.992008,-999,1.101912,-999,-999,-999,-999,1.230717,0.400578,0.264107,-999,-999,-999,0.069793,0.042402,-999,0.01882,-999,-999,-999,-999,-999,-999,-999,10.600592,11.728688,-999,11.019538,9.362001,-999,8.606635,-999,-999,-999,-999,6.751304,4.893577,3.997386,-999,-999,-999,2.262917,1.42373,-999,0.712756,-999,-999,-999,-999,-999,-999,-999,0.00426,0.001868,-999,0.003784,0.002808,-999,0.002738,-999,-999,-999,-999,0.000819,0.001798,0.000688,-999,-999,-999,0.000805,0.001576,-999,0.000284,-999,-999,-999,-999,-999,-999,-999,0.025671,0.025671,-999,0.025671,0.025671,-999,0.025671,-999,-999,-999,-999,0.025671,0.025671,0.025671,-999,-999,-999,0.025671,0.025671,-999,0.025671,-999,-999,-999,-999,-999,-999,-999,0.372593,0.357176,-999,0.322731,0.274394,-999,0.259218,-999,-999,-999,-999,0.211511,0.17231,0.157813,-999,-999,-999,0.11747,0.09903,-999,0.073869,-999,-999,-999,-999,-999,-999,-999,0,0,-999,0,0.007073,-999,0.013924,-999,-999,-999,-999,0.034988,0.036187,0.016683,-999,-999,-999,0,0,-999,0,-999,-999,-999,-999,-999,-999,-999,0.361571,0.318117,-999,0.237603,0.155998,-999,0.132474,-999,-999,-999,-999,0.090483,0.059753,0.044957,-999,-999,-999,0.023682,0.015511,-999,0.007997,-999,-999,-999,-999,-999,-999,-999,0.004304,0.004201,-999,0.003392,0.00206,-999,0.001521,-999,-999,-999,-999,0.000511,0.000199,0.000054,-999,-999,-999,0,0,-999,0,-999,-999,-999,-999,-999,-999,-999,0,0,-999,0,0,-999,0,-999,-999,-999,-999,0,0,0,-999,-999,-999,0,0,-999,0.008769,-999,-999,-999,-999,-999,337.270428,0.264218,3.693153,3.157683,1.537193,1015.285068,-999,-999,0.341889,0.419592,-999,0.536192,0.751676,-999,0.88097,-999,-999,-999,-999,1.057404,0.274955,0.161489,-999,-999,-999,0.011702,0.005853,-999,0.000523,-999,-999,-999,-999,-999,-999,-999,0.323254,0.395523,-999,0.50072,0.688248,-999,0.802474,-999,-999,-999,-999,0.955288,0.254999,0.151014,-999,-999,-999,0.011702,0.005853,-999,0.000523,-999,-999,-999,-999,-999,-999,-999,0.553019,0.658755,-999,0.795488,1.058448,-999,1.227994,-999,-999,-999,-999,1.457262,0.369465,0.209557,-999,-999,-999,0.014586,0.007232,-999,0.000647,-999,-999,-999,-999,-999,-999,-999,0.517183,0.61311,-999,0.729331,0.940406,-999,1.0818,-999,-999,-999,-999,1.265988,0.334306,0.192138,-999,-999,-999,0.014586,0.007232,-999,0.000647,-999,-999,-999,-999,-999,-999,-999,0.514752,0.611622,-999,0.73504,0.971548,-999,1.123978,-999,-999,-999,-999,1.327644,0.340536,0.193483,-999,-999,-999,0.014586,0.007232,-999,0.000647,-999,-999,-999,-999,-999,11,-999,-999,0.399829,0.412333,-999,0.442436,0.490041,-999,0.50997,-999,-999,-999,-999,0.559823,0.619891,0.664896,-999,-999,-999,0.779004,0.865115,-999,1.019796,-999,-999,-999,-999,-999,"AAOT",45.3139,12.5083,10,1011,-90,40,"lev20","16:03:2026"
"AAOT","02:07:2025","09:48:10",183,183.408449,-999,-999,28.010751,28.043424,-999,28.074113,28.106911,-999,28.137717,-999,-999,-999,-999,28.170638,28.20156,28.234605,-999,-999,-999,28.265642,28.298809,-999,28.332039,-999,-999,-999,-999,-999,-999,-999,135.827322,135.716835,-999,135.61344,135.503351,-999,135.400328,-999,-999,-999,-999,135.290634,135.187981,135.078681,-999,-999,-999,134.976397,134.86749,-999,134.758786,-999,-999,-999,-999,-999,-999,-999,0.649062,0.749367,-999,0.824442,1.026744,-999,1.083098,-999,-999,-999,-999,1.161566,0.423818,0.259577,-999,-999,-999,0.069088,0.042808,-999,0.018568,-999,-999,-999,-999,-999,-999,-999,0.034829,0.03932,-999,0.029498,0.026059,-999,0.032347,-999,-999,-999,-999,0.030602,0.102984,0.010799,-999,-999,-999,0.010513,0.011409,-999,0.002794,-999,-999,-999,-999,-999,-999,-999,0.609224,0.694711,-999,0.789397,0.992081,-999,1.029061,-999,-999,-999,-999,1.134323,0.366924,0.242481,-999,-999,-999,0.05168,0.032184,-999,0.015162,-999,-999,-999,-999,-999,-999,-999,10.46236,11.549437,-999,10.692657,8.851089,-999,8.009495,-999,-999,-999,-999,6.086526,4.262516,3.381347,-999,-999,-999,1.804647,1.099836,-999,0.537177,-999,-999,-999,-999,-999,-999,-999,0.005062,0.008925,-999,0.001986,0.000651,-999,0.001187,-999,-999,-999,-999,0.000908,0.002535,0.00098,-999,-999,-999,0.001233,0.001062,-999,0.001318,-999,-999,-999,-999,-999,-999,-999,0.026338,0.026338,-999,0.026338,0.026338,-999,0.026338,-999,-999,-999,-999,0.026338,0.026338,0.026338,-999,-999,-999,0.026338,0.026338,-999,0.026338,-999,-999,-999,-999,-999,-999,-999,0.274228,0.261643,-999,0.232896,0.19412,-999,0.182269,-999,-999,-999,-999,0.14356,0.11399,0.105741,-999,-999,-999,0.078202,0.066652,-999,0.049783,-999,-999,-999,-999,-999,-999,-999,0,0,-999,0,0.007064,-999,0.013904,-999,-999,-999,-999,0.03494,0.036137,0.01666,-999,-999,-999,0,0,-999,0,-999,-999,-999,-999,-999,-999,-999,0.361779,0.3183,-999,0.23774,0.156088,-999,0.13255,-999,-999,-999,-999,0.090535,0.059787,0.044983,-999,-999,-999,0.023696,0.01552,-999,0.008002,-999,-999,-999,-999,-999,-999,-999,0.004292,0.00419,-999,0.003383,0.002054,-999,0.001517,-999,-999,-999,-999,0.00051,0.000198,0.000054,-999,-999,-999,0,0,-999,0,-999,-999,-999,-999,-999,-999,-999,0,0,-999,0,0,-999,0,-999,-999,-999,-999,0,0,0,-999,-999,-999,0,0,-999,0.008178,-999,-999,-999,-999,-999,336.74738,0.263494,3.431559,2.540709,2.770884,1015.869503,-999,-999,0.333662,0.390517,-999,0.50777,0.758958,-999,0.818104,-999,-999,-999,-999,0.974013,0.254656,0.153422,-999,-999,-999,0.004148,0.003216,-999,0.001014,-999,-999,-999,-999,-999,-999,-999,0.317794,0.370856,-999,0.477823,0.700793,-999,0.751911,-999,-999,-999,-999,0.8889,0.238373,0.144604,-999,-999,-999,0.004148,0.003216,-999,0.001014,-999,-999,-999,-999,-999,-999,-999,0.510819,0.581568,-999,0.716969,1.021111,-999,1.09131,-999,-999,-999,-999,1.287976,0.329354,0.192143,-999,-999,-999,0.00501,0.003859,-999,0.001219,-999,-999,-999,-999,-999,-999,-999,0.483019,0.547499,-999,0.665684,0.921246,-999,0.977417,-999,-999,-999,-999,1.140469,0.302959,0.178657,-999,-999,-999,0.00501,0.003859,-999,0.001219,-999,-999,-999,-999,-999,-999,-999,0.479814,0.545104,-999,0.668484,0.944593,-999,1.007509,-999,-999,-999,-999,1.183227,0.306003,0.17876,-999,-999,-999,0.00501,0.003859,-999,0.001219,-999,-999,-999,-999,-999,11,-999,-999,0.399829,0.412333,-999,0.442436,0.490041,-999,0.50997,-999,-999,-999,-999,0.559823,0.619891,0.664896,-999,-999,-999,0.779004,0.865115,-999,1.019796,-999,-999,-999,-999,-999,"AAOT",45.3139,12.5083,10,1011,-90,40,"lev20","16:03:2026"
"AAOT","02:07:2025","10:28:28",183,183.436435,-999,-999,23.970535,23.990393,-999,24.009107,24.027913,-999,24.048075,-999,-999,-999,-999,24.067072,24.087437,24.106624,-999,-999,-999,24.12719,24.146566,-999,24.167333,-999,-999,-999,-999,-999,-999,-999,154.978891,154.836085,-999,154.702386,154.568863,-999,154.426635,-999,-999,-999,-999,154.293479,154.151643,154.018856,-999,-999,-999,153.877414,153.744998,-999,153.603952,-999,-999,-999,-999,-999,-999,-999,0.708906,0.778453,-999,0.855456,1.044277,-999,1.099317,-999,-999,-999,-999,1.210181,0.409701,0.276899,-999,-999,-999,0.075073,0.042342,-999,0.017954,-999,-999,-999,-999,-999,-999,-999,0.099706,0.031385,-999,0.028312,0.015823,-999,0.025287,-999,-999,-999,-999,0.149706,0.03722,0.025331,-999,-999,-999,0.014645,0.007545,-999,0.003373,-999,-999,-999,-999,-999,-999,-999,0.629135,0.737195,-999,0.810961,1.018963,-999,1.07088,-999,-999,-999,-999,1.135267,0.378585,0.2403,-999,-999,-999,0.063058,0.034381,-999,0.014388,-999,-999,-999,-999,-999,-999,-999,10.876021,11.963653,-999,11.079087,9.156087,-999,8.307677,-999,-999,-999,-999,6.311024,4.412414,3.511106,-999,-999,-999,1.875177,1.145034,-999,0.562459,-999,-999,-999,-999,-999,-999,-999,0.006171,0.003699,-999,0.001257,0.002684,-999,0.008037,-999,-999,-999,-999,0.001922,0.0006,0.0015,-999,-999,-999,0.001297,0.001258,-999,0.000708,-999,-999,-999,-999,-999,-999,-999,0.027184,0.027184,-999,0.027184,0.027184,-999,0.027184,-999,-999,-999,-999,0.027184,0.027184,0.027184,-999,-999,-999,0.027184,0.027184,-999,0.027184,-999,-999,-999,-999,-999,-999,-999,0.271756,0.259233,-999,0.23097,0.192917,-999,0.18118,-999,-999,-999,-999,0.143444,0.113145,0.105317,-999,-999,-999,0.078007,0.066817,-999,0.050014,-999,-999,-999,-999,-999,-999,-999,0,0,-999,0,0.007065,-999,0.013907,-999,-999,-999,-999,0.034946,0.036143,0.016662,-999,-999,-999,0,0,-999,0,-999,-999,-999,-999,-999,-999,-999,0.361724,0.318252,-999,0.237704,0.156064,-999,0.13253,-999,-999,-999,-999,0.090521,0.059778,0.044976,-999,-999,-999,0.023692,0.015518,-999,0.008001,-999,-999,-999,-999,-999,-999,-999,0.004292,0.004189,-999,0.003382,0.002054,-999,0.001517,-999,-999,-999,-999,0.00051,0.000198,0.000054,-999,-999,-999,0,0,-999,0,-999,-999,-999,-999,-999,-999,-999,0,0,-999,0,0,-999,0,-999,-999,-999,-999,0,0,0,-999,-999,-999,0,0,-999,0.008275,-999,-999,-999,-999,-999,336.730485,0.26347,3.474642,2.401953,2.627473,1015.714568,-999,-999,0.333478,0.411972,-999,0.509785,0.770062,-999,0.845042,-999,-999,-999,-999,0.963707,0.258636,0.144853,-999,-999,-999,0.012083,0.003254,-999,-0.000902,-999,-999,-999,-999,-999,-999,-999,0.319115,0.393125,-999,0.482178,0.715032,-999,0.781217,-999,-999,-999,-999,0.885049,0.243533,0.137293,-999,-999,-999,0.012083,0.003254,-999,-0.000902,-999,-999,-999,-999,-999,-999,-999,0.488605,0.587617,-999,0.690629,0.995647,-999,1.083479,-999,-999,-999,-999,1.225252,0.321779,0.174692,-999,-999,-999,0.01407,0.003765,-999,-0.001046,-999,-999,-999,-999,-999,-999,-999,0.465294,0.55742,-999,0.6471,0.90917,-999,0.983145,-999,-999,-999,-999,1.10106,0.299454,0.164147,-999,-999,-999,0.01407,0.003765,-999,-0.001046,-999,-999,-999,-999,-999,-999,-999,0.462131,0.554298,-999,0.648403,0.927284,-999,1.0068,-999,-999,-999,-999,1.133461,0.300976,0.16368,-999,-999,-999,0.01407,0.003765,-999,-0.001046,-999,-999,-999,-999,-999,11,-999,-999,0.399829,0.412333,-999,0.442436,0.490041,-999,0.50997,-999,-999,-999,-999,0.559823,0.619891,0.664896,-999,-999,-999,0.779004,0.865115,-999,1.019796,-999,-999,-999,-999,-999,"AAOT",45.3139,12.5083,10,1011,-90,40,"lev20","16:03:2026"
"AAOT","02:07:2025","10:33:15",183,183.439757,-999,-999,23.632564,23.649359,-999,23.667381,23.684376,-999,23.702611,-999,-999,-999,-999,23.719806,23.737097,23.755647,-999,-999,-999,23.773136,23.791897,-999,23.810765,-999,-999,-999,-999,-999,-999,-999,157.573883,157.436721,-999,157.290597,157.153779,-999,157.008023,-999,-999,-999,-999,156.871551,156.735248,156.590044,-999,-999,-999,156.454091,156.309261,-999,156.164627,-999,-999,-999,-999,-999,-999,-999,0.707122,0.798798,-999,0.857138,1.099285,-999,1.12944,-999,-999,-999,-999,1.186255,0.421232,0.290827,-999,-999,-999,0.101567,0.043237,-999,0.018568,-999,-999,-999,-999,-999,-999,-999,0.14627,0.060673,-999,0.043129,0.089681,-999,0.048501,-999,-999,-999,-999,0.115683,0.062494,0.04403,-999,-999,-999,0.103481,0.007952,-999,0.001725,-999,-999,-999,-999,-999,-999,-999,0.616823,0.740134,-999,0.790927,1.039568,-999,1.080713,-999,-999,-999,-999,1.123261,0.372731,0.246343,-999,-999,-999,0.06302,0.034714,-999,0.016358,-999,-999,-999,-999,-999,-999,-999,10.846911,11.915924,-999,11.015738,9.087066,-999,8.238058,-999,-999,-999,-999,6.260029,4.373179,3.477061,-999,-999,-999,1.861351,1.138311,-999,0.560372,-999,-999,-999,-999,-999,-999,-999,0.001927,0.002421,-999,0.002458,0.004774,-999,0.001957,-999,-999,-999,-999,0.002759,0.001669,0.001943,-999,-999,-999,0.000979,0.002736,-999,0.001888,-999,-999,-999,-999,-999,-999,-999,0.027154,0.027154,-999,0.027154,0.027154,-999,0.027154,-999,-999,-999,-999,0.027154,0.027154,0.027154,-999,-999,-999,0.027154,0.027154,-999,0.027154,-999,-999,-999,-999,-999,-999,-999,0.271371,0.258908,-999,0.230674,0.192695,-999,0.180991,-999,-999,-999,-999,0.14328,0.112997,0.105216,-999,-999,-999,0.077939,0.066769,-999,0.050009,-999,-999,-999,-999,-999,-999,-999,0,0,-999,0,0.007065,-999,0.013907,-999,-999,-999,-999,0.034946,0.036144,0.016663,-999,-999,-999,0,0,-999,0,-999,-999,-999,-999,-999,-999,-999,0.361717,0.318246,-999,0.2377,0.156061,-999,0.132528,-999,-999,-999,-999,0.09052,0.059777,0.044975,-999,-999,-999,0.023692,0.015518,-999,0.008001,-999,-999,-999,-999,-999,-999,-999,0.004292,0.004189,-999,0.003382,0.002054,-999,0.001517,-999,-999,-999,-999,0.00051,0.000198,0.000054,-999,-999,-999,0,0,-999,0,-999,-999,-999,-999,-999,-999,-999,0,0,-999,0,0,-999,0,-999,-999,-999,-999,0,0,0,-999,-999,-999,0,0,-999,0.00827,-999,-999,-999,-999,-999,336.728485,0.263468,3.472554,2.177463,2.610451,1015.696224,-999,-999,0.322284,0.416566,-999,0.491802,0.792816,-999,0.857014,-999,-999,-999,-999,0.953275,0.253981,0.151926,-999,-999,-999,0.012476,0.003804,-999,0.001142,-999,-999,-999,-999,-999,-999,-999,0.309014,0.398324,-999,0.466184,0.738035,-999,0.794535,-999,-999,-999,-999,0.878453,0.239843,0.144342,-999,-999,-999,0.012476,0.003804,-999,0.001142,-999,-999,-999,-999,-999,-999,-999,0.470626,0.592216,-999,0.664164,1.021952,-999,1.095501,-999,-999,-999,-999,1.208329,0.315043,0.182689,-999,-999,-999,0.014487,0.004388,-999,0.00132,-999,-999,-999,-999,-999,-999,-999,0.44938,0.563371,-999,0.624249,0.936799,-999,0.998375,-999,-999,-999,-999,1.091579,0.294496,0.172313,-999,-999,-999,0.014487,0.004388,-999,0.00132,-999,-999,-999,-999,-999,-999,-999,0.445658,0.55903,-999,0.624276,0.952097,-999,1.018471,-999,-999,-999,-999,1.118669,0.294894,0.171232,-999,-999,-999,0.014487,0.004388,-999,0.00132,-999,-999,-999,-999,-999,11,-999,-999,0.399829,0.412333,-999,0.442436,0.490041,-999,0.50997,-999,-999,-999,-999,0.559823,0.619891,0.664896,-999,-999,-999,0.779004,0.865115,-999,1.019796,-999,-999,-999,-999,-999,"AAOT",45.3139,12.5083,10,1011,-90,40,"lev20","16:03:2026"
"AAOT","02:07:2025","11:28:34",183,183.478171,-999,-999,22.5834,22.575619,-999,22.567442,22.559893,-999,22.552456,-999,-999,-999,-999,22.544647,22.537442,22.529881,-999,-999,-999,22.52291,22.516051,-999,22.508414,-999,-999,-999,-999,-999,-999,-999,190.258529,190.110124,-999,189.951728,189.803143,-999,189.654472,-999,-999,-999,-999,189.495797,189.346954,189.188098,-999,-999,-999,189.039088,188.889999,-999,188.720937,-999,-999,-999,-999,-999,-999,-999,0.675575,0.790834,-999,0.863034,1.095828,-999,1.17141,-999,-999,-999,-999,1.191909,0.420576,0.272901,-999,-999,-999,0.078782,0.04423,-999,0.032479,-999,-999,-999,-999,-999,-999,-999,0.05013,0.032704,-999,0.048899,0.093977,-999,0.06805,-999,-999,-999,-999,0.070414,0.072497,0.023772,-999,-999,-999,0.012781,0.006274,-999,0.037461,-999,-999,-999,-999,-999,-999,-999,0.640197,0.737195,-999,0.812169,1.029488,-999,1.095758,-999,-999,-999,-999,1.145963,0.36921,0.252976,-999,-999,-999,0.067701,0.035579,-999,0.015866,-999,-999,-999,-999,-999,-999,-999,11.089818,12.224569,-999,11.358508,9.42271,-999,8.557131,-999,-999,-999,-999,6.536118,4.597432,3.66843,-999,-999,-999,1.967933,1.203412,-999,0.590767,-999,-999,-999,-999,-999,-999,-999,0.001555,0.008652,-999,0.000794,0.001391,-999,0.00056,-999,-999,-999,-999,0.000736,0.000509,0.001357,-999,-999,-999,0.002794,0.000139,-999,0.00088,-999,-999,-999,-999,-999,-999,-999,0.026821,0.026821,-999,0.026821,0.026821,-999,0.026821,-999,-999,-999,-999,0.026821,0.026821,0.026821,-999,-999,-999,0.026821,0.026821,-999,0.026821,-999,-999,-999,-999,-999,-999,-999,0.274804,0.261912,-999,0.233506,0.195236,-999,0.183268,-999,-999,-999,-999,0.146272,0.114746,0.106704,-999,-999,-999,0.079026,0.067654,-999,0.05052,-999,-999,-999,-999,-999,-999,-999,0,0,-999,0,0.007065,-999,0.013907,-999,-999,-999,-999,0.034945,0.036143,0.016662,-999,-999,-999,0,0,-999,0,-999,-999,-999,-999,-999,-999,-999,0.361642,0.31818,-999,0.23765,0.156029,-999,0.1325,-999,-999,-999,-999,0.090501,0.059765,0.044966,-999,-999,-999,0.023687,0.015514,-999,0.007999,-999,-999,-999,-999,-999,-999,-999,0.004291,0.004189,-999,0.003382,0.002054,-999,0.001517,-999,-999,-999,-999,0.00051,0.000198,0.000054,-999,-999,-999,0,0,-999,0,-999,-999,-999,-999,-999,-999,-999,0,0,-999,0,0,-999,0,-999,-999,-999,-999,0,0,0,-999,-999,-999,0,0,-999,0.008248,-999,-999,-999,-999,-999,336.705352,0.263436,3.462611,2.397181,2.413602,1015.484083,-999,-999,0.342755,0.409318,-999,0.50752,0.77676,-999,0.866246,-999,-999,-999,-999,0.970657,0.245902,0.154585,-999,-999,-999,0.014919,0.003302,-999,0.000021,-999,-999,-999,-999,-999,-999,-999,0.328403,0.391105,-999,0.480713,0.722366,-999,0.80211,-999,-999,-999,-999,0.892953,0.23193,0.146763,-999,-999,-999,0.014919,0.003302,-999,0.000021,-999,-999,-999,-999,-999,-999,-999,0.495904,0.576495,-999,0.679118,0.992223,-999,1.097104,-999,-999,-999,-999,1.219021,0.302142,0.184137,-999,-999,-999,0.017161,0.003773,-999,0.000023,-999,-999,-999,-999,-999,-999,-999,0.473158,0.548038,-999,0.638015,0.909381,-999,0.999515,-999,-999,-999,-999,1.100458,0.282178,0.173594,-999,-999,-999,0.017161,0.003773,-999,0.000023,-999,-999,-999,-999,-999,-999,-999,0.469721,0.544826,-999,0.638857,0.925912,-999,1.021299,-999,-999,-999,-999,1.130063,0.283354,0.172871,-999,-999,-999,0.017161,0.003773,-999,0.000023,-999,-999,-999,-999,-999,11,-999,-999,0.399829,0.412333,-999,0.442436,0.490041,-999,0.50997,-999,-999,-999,-999,0.559823,0.619891,0.664896,-999,-999,-999,0.779004,0.865115,-999,1.019796,-999,-999,-999,-999,-999,"AAOT",45.3139,12.5083,10,1011,-90,40,"lev20","16:03:2026"
"AAOT","02:07:2025","11:48:01",183,183.491678,-999,-999,23.520367,23.504339,-999,23.487352,23.471529,-999,23.45476,-999,-999,-999,-999,23.439143,23.422594,23.407183,-999,-999,-999,23.390855,23.375651,-999,23.359545,-999,-999,-999,-999,-999,-999,-999,201.448854,201.310407,-999,201.162553,201.023774,-999,200.875569,-999,-999,-999,-999,200.736462,200.587908,200.448476,-999,-999,-999,200.299576,200.159822,-999,200.010581,-999,-999,-999,-999,-999,-999,-999,0.678461,0.790851,-999,0.866677,1.015171,-999,1.079383,-999,-999,-999,-999,1.124706,0.368978,0.286821,-999,-999,-999,0.09287,0.044169,-999,0.019515,-999,-999,-999,-999,-999,-999,-999,0.028001,0.065373,-999,0.085948,0.037093,-999,0.037908,-999,-999,-999,-999,0.020456,0.014711,0.105854,-999,-999,-999,0.068119,0.006272,-999,0.002566,-999,-999,-999,-999,-999,-999,-999,0.645679,0.705618,-999,0.783284,0.968878,-999,1.034096,-999,-999,-999,-999,1.09254,0.351239,0.227079,-999,-999,-999,0.063667,0.037077,-999,0.015654,-999,-999,-999,-999,-999,-999,-999,10.894699,11.985542,-999,11.116592,9.187117,-999,8.333427,-999,-999,-999,-999,6.345527,4.449455,3.550211,-999,-999,-999,1.907044,1.166092,-999,0.572122,-999,-999,-999,-999,-999,-999,-999,0.007368,0.002466,-999,0.011714,0.015583,-999,0.003958,-999,-999,-999,-999,0.001732,0.001587,0.002726,-999,-999,-999,0.001714,0.001648,-999,0.000905,-999,-999,-999,-999,-999,-999,-999,0.02671,0.02671,-999,0.02671,0.02671,-999,0.02671,-999,-999,-999,-999,0.02671,0.02671,0.02671,-999,-999,-999,0.02671,0.02671,-999,0.02671,-999,-999,-999,-999,-999,-999,-999,0.271205,0.258222,-999,0.230262,0.192663,-999,0.180722,-999,-999,-999,-999,0.145485,0.113007,0.105152,-999,-999,-999,0.077884,0.066771,-999,0.04983,-999,-999,-999,-999,-999,-999,-999,0,0,-999,0,0.007064,-999,0.013906,-999,-999,-999,-999,0.034943,0.036141,0.016661,-999,-999,-999,0,0,-999,0,-999,-999,-999,-999,-999,-999,-999,0.361615,0.318156,-999,0.237633,0.156017,-999,0.13249,-999,-999,-999,-999,0.090494,0.05976,0.044963,-999,-999,-999,0.023685,0.015513,-999,0.007998,-999,-999,-999,-999,-999,-999,-999,0.004291,0.004188,-999,0.003382,0.002054,-999,0.001517,-999,-999,-999,-999,0.00051,0.000198,0.000054,-999,-999,-999,0,0,-999,0,-999,-999,-999,-999,-999,-999,-999,0,0,-999,0,0,-999,0,-999,-999,-999,-999,0,0,0,-999,-999,-999,0,0,-999,0.008195,-999,-999,-999,-999,-999,336.697218,0.263424,3.439058,2.521628,2.344388,1015.409492,-999,-999,0.354682,0.385483,-999,0.486359,0.72349,-999,0.81151,-999,-999,-999,-999,0.92305,0.232394,0.132253,-999,-999,-999,0.01273,0.005931,-999,0.000373,-999,-999,-999,-999,-999,-999,-999,0.339244,0.36768,-999,0.459811,0.671418,-999,0.749739,-999,-999,-999,-999,0.846993,0.218694,0.125311,-999,-999,-999,0.01273,0.005931,-999,0.000373,-999,-999,-999,-999,-999,-999,-999,0.517335,0.547189,-999,0.65568,0.93085,-999,1.035064,-999,-999,-999,-999,1.16766,0.287509,0.158582,-999,-999,-999,0.014737,0.00682,-999,0.00043,-999,-999,-999,-999,-999,-999,-999,0.492394,0.518828,-999,0.614155,0.849874,-999,0.93907,-999,-999,-999,-999,1.049022,0.267467,0.148994,-999,-999,-999,0.014737,0.00682,-999,0.00043,-999,-999,-999,-999,-999,-999,-999,0.489844,0.517406,-999,0.616898,0.868873,-999,0.963665,-999,-999,-999,-999,1.082205,0.269467,0.148831,-999,-999,-999,0.014737,0.00682,-999,0.00043,-999,-999,-999,-999,-999,11,-999,-999,0.399829,0.412333,-999,0.442436,0.490041,-999,0.50997,-999,-999,-999,-999,0.559823,0.619891,0.664896,-999,-999,-999,0.779004,0.865115,-999,1.019796,-999,-999,-999,-999,-999,"AAOT",45.3139,12.5083,10,1011,-90,40,"lev20","16:03:2026"
"AAOT","02:07:2025","12:23:41",183,183.516447,-999,-999,26.7124,26.682709,-999,26.654943,26.6254,-999,26.597772,-999,-999,-999,-999,26.568376,26.540888,26.511641,-999,-999,-999,26.484293,26.457013,-999,26.426178,-999,-999,-999,-999,-999,-999,-999,219.356846,219.237362,-999,219.125148,219.005244,-999,218.892637,-999,-999,-999,-999,218.772313,218.659312,218.538568,-999,-999,-999,218.425172,218.311586,-999,218.182623,-999,-999,-999,-999,-999,-999,-999,0.646266,0.758679,-999,0.807034,1.007033,-999,1.065738,-999,-999,-999,-999,1.102306,0.371364,0.278642,-999,-999,-999,0.109047,0.040472,-999,0.017973,-999,-999,-999,-999,-999,-999,-999,0.025476,0.043127,-999,0.020449,0.02878,-999,0.03422,-999,-999,-999,-999,0.014268,0.01902,0.089913,-999,-999,-999,0.128865,0.004894,-999,0.003224,-999,-999,-999,-999,-999,-999,-999,0.609707,0.702678,-999,0.777249,0.983397,-999,1.013543,-999,-999,-999,-999,1.085987,0.347855,0.236484,-999,-999,-999,0.063058,0.033216,-999,0.013931,-999,-999,-999,-999,-999,-999,-999,10.474192,11.513366,-999,10.653412,8.784699,-999,7.957612,-999,-999,-999,-999,6.037046,4.226698,3.36272,-999,-999,-999,1.805487,1.101435,-999,0.541939,-999,-999,-999,-999,-999,-999,-999,0.00327,0.001762,-999,0.004935,0.001706,-999,0.000181,-999,-999,-999,-999,0.003008,0.004515,0.00021,-999,-999,-999,0.002625,0.0005,-999,0.001277,-999,-999,-999,-999,-999,-999,-999,0.026032,0.026032,-999,0.026032,0.026032,-999,0.026032,-999,-999,-999,-999,0.026032,0.026032,0.026032,-999,-999,-999,0.026032,0.026032,-999,0.026032,-999,-999,-999,-999,-999,-999,-999,0.263166,0.250387,-999,0.22352,0.1871,-999,0.175389,-999,-999,-999,-999,0.142478,0.109452,0.101897,-999,-999,-999,0.075584,0.064888,-999,0.048644,-999,-999,-999,-999,-999,-999,-999,0,0,-999,0,0.007063,-999,0.013903,-999,-999,-999,-999,0.034936,0.036134,0.016658,-999,-999,-999,0,0,-999,0,-999,-999,-999,-999,-999,-999,-999,0.361578,0.318123,-999,0.237608,0.156001,-999,0.132477,-999,-999,-999,-999,0.090485,0.059754,0.044958,-999,-999,-999,0.023682,0.015512,-999,0.007998,-999,-999,-999,-999,-999,-999,-999,0.004291,0.004188,-999,0.003381,0.002054,-999,0.001516,-999,-999,-999,-999,0.00051,0.000198,0.000054,-999,-999,-999,0,0,-999,0,-999,-999,-999,-999,-999,-999,-999,0,0,-999,0,0,-999,0,-999,-999,-999,-999,0,0,0,-999,-999,-999,0,0,-999,0.008172,-999,-999,-999,-999,-999,336.682296,0.263404,3.429086,2.297516,2.341347,1015.304807,-999,-999,0.337047,0.402966,-999,0.499923,0.754716,-999,0.806393,-999,-999,-999,-999,0.928832,0.237827,0.148947,-999,-999,-999,0.016058,0.004544,-999,-0.000177,-999,-999,-999,-999,-999,-999,-999,0.321954,0.38385,-999,0.471995,0.699533,-999,0.744253,-999,-999,-999,-999,0.851794,0.223595,0.140934,-999,-999,-999,0.016058,0.004544,-999,-0.000177,-999,-999,-999,-999,-999,-999,-999,0.507329,0.589791,-999,0.694027,0.998766,-999,1.05759,-999,-999,-999,-999,1.208223,0.302317,0.183344,-999,-999,-999,0.019068,0.005358,-999,-0.000209,-999,-999,-999,-999,-999,-999,-999,0.481771,0.557807,-999,0.647859,0.907417,-999,0.954691,-999,-999,-999,-999,1.079922,0.280264,0.171661,-999,-999,-999,0.019068,0.005358,-999,-0.000209,-999,-999,-999,-999,-999,-999,-999,0.478309,0.554725,-999,0.64957,0.927151,-999,0.97982,-999,-999,-999,-999,1.114151,0.281886,0.171106,-999,-999,-999,0.019068,0.005358,-999,-0.000209,-999,-999,-999,-999,-999,11,-999,-999,0.399829,0.412333,-999,0.442436,0.490041,-999,0.50997,-999,-999,-999,-999,0.559823,0.619891,0.664896,-999,-999,-999,0.779004,0.865115,-999,1.019796,-999,-999,-999,-999,-999,"AAOT",45.3139,12.5083,10,1011,-90,40,"lev20","16:03:2026"
"AAOT","02:07:2025","12:33:15",183,183.52309,-999,-999,27.823443,27.793224,-999,27.761054,27.730956,-999,27.698917,-999,-999,-999,-999,27.668941,27.637032,27.607178,-999,-999,-999,27.577385,27.545671,-999,27.514026,-999,-999,-999,-999,-999,-999,-999,223.495126,223.390236,-999,223.278153,223.172886,-999,223.060401,-999,-999,-999,-999,222.954756,222.841866,222.735842,-999,-999,-999,222.629635,222.516144,-999,222.402443,-999,-999,-999,-999,-999,-999,-999,0.638956,0.734627,-999,0.810999,1.011829,-999,1.072975,-999,-999,-999,-999,1.121838,0.386013,0.255669,-999,-999,-999,0.067677,0.038983,-999,0.017333,-999,-999,-999,-999,-999,-999,-999,0.034859,0.043119,-999,0.036376,0.040031,-999,0.02307,-999,-999,-999,-999,0.022696,0.026902,0.013379,-999,-999,-999,0.005187,0.009056,-999,0.00328,-999,-999,-999,-999,-999,-999,-999,0.58922,0.695282,-999,0.765019,0.96406,-999,1.041797,-999,-999,-999,-999,1.093274,0.356269,0.237665,-999,-999,-999,0.059862,0.032251,-999,0.013298,-999,-999,-999,-999,-999,-999,-999,10.224951,11.220285,-999,10.34954,8.490523,-999,7.675227,-999,-999,-999,-999,5.80965,4.063418,3.237716,-999,-999,-999,1.741502,1.064003,-999,0.525171,-999,-999,-999,-999,-999,-999,-999,0.004962,0.001328,-999,0.003392,0.000771,-999,0.001646,-999,-999,-999,-999,0.002037,0.001497,0.001683,-999,-999,-999,0.000274,0.000102,-999,0.000638,-999,-999,-999,-999,-999,-999,-999,0.026042,0.026042,-999,0.026042,0.026042,-999,0.026042,-999,-999,-999,-999,0.026042,0.026042,0.026042,-999,-999,-999,0.026042,0.026042,-999,0.026042,-999,-999,-999,-999,-999,-999,-999,0.252632,0.24034,-999,0.214234,0.179074,-999,0.168027,-999,-999,-999,-999,0.135464,0.104326,0.09737,-999,-999,-999,0.072395,0.062312,-999,0.046946,-999,-999,-999,-999,-999,-999,-999,0,0,-999,0,0.007062,-999,0.013902,-999,-999,-999,-999,0.034934,0.036131,0.016657,-999,-999,-999,0,0,-999,0,-999,-999,-999,-999,-999,-999,-999,0.36157,0.318116,-999,0.237603,0.155998,-999,0.132474,-999,-999,-999,-999,0.090483,0.059753,0.044957,-999,-999,-999,0.023682,0.015511,-999,0.007997,-999,-999,-999,-999,-999,-999,-999,0.004291,0.004188,-999,0.003381,0.002054,-999,0.001516,-999,-999,-999,-999,0.00051,0.000198,0.000054,-999,-999,-999,0,0,-999,0,-999,-999,-999,-999,-999,-999,-999,0,0,-999,0,0,-999,0,-999,-999,-999,-999,0,0,0,-999,-999,-999,0,0,-999,0.008136,-999,-999,-999,-999,-999,336.678295,0.263398,3.413182,2.469097,2.357344,1015.281905,-999,-999,0.322946,0.403087,-999,0.4955,0.742953,-999,0.841921,-999,-999,-999,-999,0.941981,0.250451,0.15335,-999,-999,-999,0.01451,0.004543,-999,-0.000379,-999,-999,-999,-999,-999,-999,-999,0.307824,0.38312,-999,0.46673,0.68681,-999,0.774818,-999,-999,-999,-999,0.861002,0.234779,0.144733,-999,-999,-999,0.01451,0.004543,-999,-0.000379,-999,-999,-999,-999,-999,-999,-999,0.491343,0.596201,-999,0.694841,0.992873,-999,1.115023,-999,-999,-999,-999,1.237308,0.321496,0.190579,-999,-999,-999,0.017393,0.005407,-999,-0.000452,-999,-999,-999,-999,-999,-999,-999,0.465104,0.561963,-999,0.646096,0.897549,-999,1.000998,-999,-999,-999,-999,1.098788,0.296488,0.177626,-999,-999,-999,0.017393,0.005407,-999,-0.000452,-999,-999,-999,-999,-999,-999,-999,0.46234,0.559423,-999,0.648894,0.919834,-999,1.030247,-999,-999,-999,-999,1.138416,0.29905,0.17748,-999,-999,-999,0.017393,0.005407,-999,-0.000452,-999,-999,-999,-999,-999,11,-999,-999,0.399829,0.412333,-999,0.442436,0.490041,-999,0.50997,-999,-999,-999,-999,0.559823,0.619891,0.664896,-999,-999,-999,0.779004,0.865115,-999,1.019796,-999,-999,-999,-999,-999,"AAOT",45.3139,12.5083,10,1011,-90,40,"lev20","16:03:2026"
"AAOT","02:07:2025","12:47:57",183,183.533299,-999,-999,29.698389,29.662849,-999,29.629578,29.594142,-999,29.56097,-999,-999,-999,-999,29.525639,29.492567,29.457342,-999,-999,-999,29.42437,29.391446,-999,29.354191,-999,-999,-999,-999,-999,-999,-999,229.35837,229.257391,-999,229.162552,229.06121,-999,228.96603,-999,-999,-999,-999,228.864323,228.7688,228.666726,-999,-999,-999,228.57086,228.474826,-999,228.365785,-999,-999,-999,-999,-999,-999,-999,0.617656,0.711868,-999,0.787929,1.011806,-999,1.040397,-999,-999,-999,-999,1.104928,0.354369,0.240767,-999,-999,-999,0.062169,0.035389,-999,0.016157,-999,-999,-999,-999,-999,-999,-999,0.022066,0.034007,-999,0.039326,0.050463,-999,0.024871,-999,-999,-999,-999,0.025206,0.015102,0.019978,-999,-999,-999,0.007871,0.003828,-999,0.001969,-999,-999,-999,-999,-999,-999,-999,0.59605,0.658583,-999,0.731226,0.969449,-999,1.006494,-999,-999,-999,-999,1.072041,0.333359,0.222854,-999,-999,-999,0.052669,0.030786,-999,0.013931,-999,-999,-999,-999,-999,-999,-999,9.934736,10.890727,-999,10.024481,8.205605,-999,7.421946,-999,-999,-999,-999,5.604205,3.911021,3.110653,-999,-999,-999,1.668892,1.020203,-999,0.501155,-999,-999,-999,-999,-999,-999,-999,0.003796,0.001613,-999,0.006084,0.000671,-999,0.002566,-999,-999,-999,-999,0.002506,0.001647,0.000657,-999,-999,-999,0.000761,0.001107,-999,0.001221,-999,-999,-999,-999,-999,-999,-999,0.026057,0.026057,-999,0.026057,0.026057,-999,0.026057,-999,-999,-999,-999,0.026057,0.026057,0.026057,-999,-999,-999,0.026057,0.026057,-999,0.026057,-999,-999,-999,-999,-999,-999,-999,0.246854,0.234787,-999,0.209104,0.174788,-999,0.164027,-999,-999,-999,-999,0.132101,0.101658,0.094964,-999,-999,-999,0.070653,0.060869,-999,0.045815,-999,-999,-999,-999,-999,-999,-999,0,0,-999,0,0.007061,-999,0.0139,-999,-999,-999,-999,0.034929,0.036126,0.016654,-999,-999,-999,0,0,-999,0,-999,-999,-999,-999,-999,-999,-999,0.361557,0.318105,-999,0.237595,0.155992,-999,0.132469,-999,-999,-999,-999,0.09048,0.059751,0.044955,-999,-999,-999,0.023681,0.015511,-999,0.007997,-999,-999,-999,-999,-999,-999,-999,0.004291,0.004188,-999,0.003381,0.002054,-999,0.001516,-999,-999,-999,-999,0.00051,0.000198,0.000054,-999,-999,-999,0,0,-999,0,-999,-999,-999,-999,-999,-999,-999,0,0,-999,0,0,-999,0,-999,-999,-999,-999,0,0,0,-999,-999,-999,0,0,-999,0.008027,-999,-999,-999,-999,-999,336.67214,0.26339,3.364866,2.264613,2.381925,1015.246675,-999,-999,0.337178,0.374801,-999,0.470016,0.755634,-999,0.813099,-999,-999,-999,-999,0.926011,0.231449,0.141799,-999,-999,-999,0.009182,0.004203,-999,0.000872,-999,-999,-999,-999,-999,-999,-999,0.321335,0.35618,-999,0.442663,0.698565,-999,0.748488,-999,-999,-999,-999,0.846987,0.217028,0.133812,-999,-999,-999,0.009182,0.004203,-999,0.000872,-999,-999,-999,-999,-999,-999,-999,0.52423,0.566187,-999,0.672544,1.029596,-999,1.097781,-999,-999,-999,-999,1.239834,0.302749,0.179465,-999,-999,-999,0.011203,0.005092,-999,0.001058,-999,-999,-999,-999,-999,-999,-999,0.496041,0.533403,-999,0.624769,0.92924,-999,0.984004,-999,-999,-999,-999,1.099637,0.27904,0.167129,-999,-999,-999,0.011203,0.005092,-999,0.001058,-999,-999,-999,-999,-999,-999,-999,0.49219,0.53067,-999,0.627096,0.951358,-999,1.012233,-999,-999,-999,-999,1.137989,0.281003,0.166729,-999,-999,-999,0.011203,0.005092,-999,0.001058,-999,-999,-999,-999,-999,11,-999,-999,0.399829,0.412333,-999,0.442436,0.490041,-999,0.50997,-999,-999,-999,-999,0.559823,0.619891,0.664896,-999,-999,-999,0.779004,0.865115,-999,1.019796,-999,-999,-999,-999,-999,"AAOT",45.3139,12.5083,10,1011,-90,40,"lev20","16:03:2026"
"AAOT","02:07:2025","12:52:43",183,183.536609,-999,-999,30.342546,30.306076,-999,30.271932,30.237831,-999,30.201506,-999,-999,-999,-999,30.167498,30.131272,30.097356,-999,-999,-999,30.061229,30.027407,-999,29.989131,-999,-999,-999,-999,-999,-999,-999,231.13222,231.034521,-999,230.942765,230.85085,-999,230.752632,-999,-999,-999,-999,230.660389,230.56182,230.469246,-999,-999,-999,230.370324,230.277418,-999,230.17193,-999,-999,-999,-999,-999,-999,-999,0.617096,0.718575,-999,0.792362,1.003633,-999,1.043219,-999,-999,-999,-999,1.099676,0.360913,0.247161,-999,-999,-999,0.065227,0.034432,-999,0.026653,-999,-999,-999,-999,-999,-999,-999,0.034034,0.053522,-999,0.020816,0.055936,-999,0.030516,-999,-999,-999,-999,0.015722,0.014707,0.01959,-999,-999,-999,0.010723,0.002895,-999,0.036338,-999,-999,-999,-999,-999,-999,-999,0.581334,0.648152,-999,0.763089,0.94504,-999,1.002703,-999,-999,-999,-999,1.081059,0.344471,0.227806,-999,-999,-999,0.056018,0.031452,-999,0.012418,-999,-999,-999,-999,-999,-999,-999,9.829448,10.772825,-999,9.908672,8.098797,-999,7.318801,-999,-999,-999,-999,5.514799,3.839532,3.059434,-999,-999,-999,1.640655,1.00223,-999,0.495808,-999,-999,-999,-999,-999,-999,-999,0.004658,0.001078,-999,0.008705,0.000825,-999,0.005844,-999,-999,-999,-999,0.000242,0.000509,0.003072,-999,-999,-999,0.000463,0.001366,-999,0.00427,-999,-999,-999,-999,-999,-999,-999,0.026062,0.026062,-999,0.026062,0.026062,-999,0.026062,-999,-999,-999,-999,0.026062,0.026062,0.026062,-999,-999,-999,0.026062,0.026062,-999,0.026062,-999,-999,-999,-999,-999,-999,-999,0.246318,0.23425,-999,0.208665,0.174395,-999,0.163723,-999,-999,-999,-999,0.131557,0.10152,0.094842,-999,-999,-999,0.070535,0.06076,-999,0.045681,-999,-999,-999,-999,-999,-999,-999,0,0,-999,0,0.007061,-999,0.013899,-999,-999,-999,-999,0.034927,0.036124,0.016654,-999,-999,-999,0,0,-999,0,-999,-999,-999,-999,-999,-999,-999,0.361553,0.318102,-999,0.237592,0.155991,-999,0.132467,-999,-999,-999,-999,0.090479,0.05975,0.044955,-999,-999,-999,0.023681,0.015511,-999,0.007997,-999,-999,-999,-999,-999,-999,-999,0.004291,0.004188,-999,0.003381,0.002054,-999,0.001516,-999,-999,-999,-999,0.00051,0.000198,0.000054,-999,-999,-999,0,0,-999,0,-999,-999,-999,-999,-999,-999,-999,0,0,-999,0,0,-999,0,-999,-999,-999,-999,0,0,0,-999,-999,-999,0,0,-999,0.008001,-999,-999,-999,-999,-999,336.670147,0.263387,3.353275,2.503961,2.389896,1015.235264,-999,-999,0.325155,0.367387,-999,0.504845,0.733966,-999,0.811958,-999,-999,-999,-999,0.93733,0.244404,0.14807,-999,-999,-999,0.013259,0.005332,-999,-0.000504,-999,-999,-999,-999,-999,-999,-999,0.30915,0.348293,-999,0.474253,0.676542,-999,0.745026,-999,-999,-999,-999,0.854082,0.228432,0.13935,-999,-999,-999,0.013259,0.005332,-999,-0.000504,-999,-999,-999,-999,-999,-999,-999,0.509666,0.559403,-999,0.727872,1.007371,-999,1.104146,-999,-999,-999,-999,1.263922,0.321933,0.188676,-999,-999,-999,0.016281,0.006501,-999,-0.000615,-999,-999,-999,-999,-999,-999,-999,0.480521,0.525026,-999,0.673335,0.904473,-999,0.984036,-999,-999,-999,-999,1.113352,0.295031,0.174855,-999,-999,-999,0.016281,0.006501,-999,-0.000615,-999,-999,-999,-999,-999,-999,-999,0.477635,0.523283,-999,0.676786,0.929449,-999,1.016316,-999,-999,-999,-999,1.157997,0.298193,0.174957,-999,-999,-999,0.016281,0.006501,-999,-0.000615,-999,-999,-999,-999,-999,11,-999,-999,0.399829,0.412333,-999,0.442436,0.490041,-999,0.50997,-999,-999,-999,-999,0.559823,0.619891,0.664896,-999,-999,-999,0.779004,0.865115,-999,1.019796,-999,-999,-999,-999,-999,"AAOT",45.3139,12.5083,10,1011,-90,40,"lev20","16:03:2026"
"AAOT","02:07:2025","12:57:30",183,183.539931,-999,-999,31.002709,30.965373,-999,30.930413,30.893169,-999,30.858294,-999,-999,-999,-999,30.823462,30.786353,30.751607,-999,-999,-999,30.714591,30.679932,-999,30.64301,-999,-999,-999,-999,-999,-999,-999,232.848692,232.754139,-999,232.66534,232.570453,-999,232.481339,-999,-999,-999,-999,232.392073,232.296687,232.207104,-999,-999,-999,232.111379,232.021478,-999,231.925413,-999,-999,-999,-999,-999,-999,-999,0.601322,0.702765,-999,0.77131,0.982792,-999,1.040376,-999,-999,-999,-999,1.097293,0.354295,0.239478,-999,-999,-999,0.061539,0.034929,-999,0.015453,-999,-999,-999,-999,-999,-999,-999,0.028367,0.044704,-999,0.017071,0.024959,-999,0.032842,-999,-999,-999,-999,0.016988,0.016607,0.009895,-999,-999,-999,0.008863,0.00454,-999,0.00185,-999,-999,-999,-999,-999,-999,-999,0.561616,0.641894,-999,0.747318,0.944913,-999,0.99678,-999,-999,-999,-999,1.077232,0.337201,0.22767,-999,-999,-999,0.052517,0.029389,-999,0.012981,-999,-999,-999,-999,-999,-999,-999,9.716209,10.651445,-999,9.78235,7.988566,-999,7.213642,-999,-999,-999,-999,5.436647,3.79606,3.021542,-999,-999,-999,1.623556,0.991979,-999,0.487694,-999,-999,-999,-999,-999,-999,-999,0.002562,0.006135,-999,0.001369,0.002782,-999,0.003271,-999,-999,-999,-999,0.001648,0.006893,0.001769,-999,-999,-999,0.00118,0.00226,-999,0.000412,-999,-999,-999,-999,-999,-999,-999,0.026068,0.026068,-999,0.026068,0.026068,-999,0.026068,-999,-999,-999,-999,0.026068,0.026068,0.026068,-999,-999,-999,0.026068,0.026068,-999,0.026068,-999,-999,-999,-999,-999,-999,-999,0.245004,0.232998,-999,0.207545,0.1734,-999,0.162878,-999,-999,-999,-999,0.130317,0.101025,0.094321,-999,-999,-999,0.070146,0.060466,-999,0.045466,-999,-999,-999,-999,-999,-999,-999,0,0,-999,0,0.007061,-999,0.013899,-999,-999,-999,-999,0.034925,0.036123,0.016653,-999,-999,-999,0,0,-999,0,-999,-999,-999,-999,-999,-999,-999,0.361549,0.318098,-999,0.237589,0.155989,-999,0.132466,-999,-999,-999,-999,0.090478,0.059749,0.044954,-999,-999,-999,0.023681,0.01551,-999,0.007997,-999,-999,-999,-999,-999,-999,-999,0.004291,0.004188,-999,0.003381,0.002054,-999,0.001516,-999,-999,-999,-999,0.00051,0.000198,0.000054,-999,-999,-999,0,0,-999,0,-999,-999,-999,-999,-999,-999,-999,0,0,-999,0,0,-999,0,-999,-999,-999,-999,0,0,0,-999,-999,-999,0,0,-999,0.007962,-999,-999,-999,-999,-999,336.668154,0.263384,3.33611,2.466429,2.397894,1015.223853,-999,-999,0.308339,0.364237,-999,0.492317,0.736671,-999,0.808738,-999,-999,-999,-999,0.935512,0.238247,0.148906,-999,-999,-999,0.010195,0.00353,-999,0.000268,-999,-999,-999,-999,-999,-999,-999,0.293058,0.345185,-999,0.462318,0.678799,-999,0.741836,-999,-999,-999,-999,0.852214,0.222625,0.140099,-999,-999,-999,0.010195,0.00353,-999,0.000268,-999,-999,-999,-999,-999,-999,-999,0.487397,0.559184,-999,0.715405,1.01869,-999,1.108011,-999,-999,-999,-999,1.270737,0.316116,0.191081,-999,-999,-999,0.012604,0.004334,-999,0.000329,-999,-999,-999,-999,-999,-999,-999,0.459169,0.52438,-999,0.661112,0.913383,-999,0.986076,-999,-999,-999,-999,1.117699,0.289364,0.176881,-999,-999,-999,0.012604,0.004334,-999,0.000329,-999,-999,-999,-999,-999,-999,-999,0.455869,0.521777,-999,0.663589,0.937262,-999,1.017103,-999,-999,-999,-999,1.16105,0.291945,0.176611,-999,-999,-999,0.012604,0.004334,-999,0.000329,-999,-999,-999,-999,-999,11,-999,-999,0.399829,0.412333,-999,0.442436,0.490041,-999,0.50997,-999,-999,-999,-999,0.559823,0.619891,0.664896,-999,-999,-999,0.779004,0.865115,-999,1.019796,-999,-999,-999,-999,-999,"AAOT",45.3139,12.5083,10,1011,-90,40,"lev20","16:03:2026"
"AAOT","03:07:2025","09:48:11",184,184.408461,-999,-999,28.10136,28.134023,-999,28.164703,28.197491,-999,28.228288,-999,-999,-999,-999,28.261199,28.292112,28.32308,-999,-999,-999,28.356174,28.387256,-999,28.420472,-999,-999,-999,-999,-999,-999,-999,135.841843,135.731579,-999,135.628392,135.518523,-999,135.415705,-999,-999,-999,-999,135.306228,135.203778,135.101506,-999,-999,-999,134.992611,134.890705,-999,134.7822,-999,-999,-999,-999,-999,-999,-999,0.730297,0.855369,-999,0.935435,1.065845,-999,0.917919,-999,-999,-999,-999,0.634357,0.203608,0.147504,-999,-999,-999,0.062322,0.037356,-999,0.019995,-999,-999,-999,-999,-999,-999,-999,0.02008,0.011186,-999,0.01733,0.019385,-999,0.024302,-999,-999,-999,-999,0.010545,0.006762,0.005403,-999,-999,-999,0.003162,0.001887,-999,0.001294,-999,-999,-999,-999,-999,-999,-999,0.70514,0.842093,-999,0.913161,1.046617,-999,0.886374,-999,-999,-999,-999,0.620859,0.194621,0.140982,-999,-999,-999,0.057008,0.034747,-999,0.01868,-999,-999,-999,-999,-999,-999,-999,10.904613,12.038385,-999,11.224639,9.358223,-999,8.49416,-999,-999,-999,-999,6.482019,4.588154,3.685618,-999,-999,-999,2.015243,1.25823,-999,0.649337,-999,-999,-999,-999,-999,-999,-999,0.00117,0.002263,-999,0.000794,0.003012,-999,0.002463,-999,-999,-999,-999,0.001488,0.002203,0.00222,-999,-999,-999,0.000691,0.001132,-999,0.002277,-999,-999,-999,-999,-999,-999,-999,0.025707,0.025707,-999,0.025707,0.025707,-999,0.025707,-999,-999,-999,-999,0.025707,0.025707,0.025707,-999,-999,-999,0.025707,0.025707,-999,0.025707,-999,-999,-999,-999,-999,-999,-999,0.301827,0.28816,-999,0.25711,0.216086,-999,0.203395,-999,-999,-999,-999,0.163289,0.132355,0.123295,-999,-999,-999,0.094486,0.082555,-999,0.065593,-999,-999,-999,-999,-999,-999,-999,0,0,-999,0,0.007051,-999,0.013879,-999,-999,-999,-999,0.034877,0.036072,0.01663,-999,-999,-999,0,0,-999,0,-999,-999,-999,-999,-999,-999,-999,0.362308,0.318766,-999,0.238088,0.156316,-999,0.132744,-999,-999,-999,-999,0.090668,0.059875,0.045049,-999,-999,-999,0.02373,0.015543,-999,0.008014,-999,-999,-999,-999,-999,-999,-999,0.004279,0.004176,-999,0.003372,0.002048,-999,0.001512,-999,-999,-999,-999,0.000508,0.000198,0.000054,-999,-999,-999,0,0,-999,0,-999,-999,-999,-999,-999,-999,-999,0,0,-999,0,0,-999,0,-999,-999,-999,-999,0,0,0,-999,-999,-999,0,0,-999,0.008559,-999,-999,-999,-999,-999,336.145134,0.26266,3.600267,0.246354,1.657625,1017.355691,-999,-999,0.424811,0.532618,-999,0.624606,0.806042,-999,0.668012,-999,-999,-999,-999,0.454223,0.076671,0.046235,-999,-999,-999,0.005201,0.002402,-999,0.001987,-999,-999,-999,-999,-999,-999,-999,0.417449,0.52265,-999,0.610329,0.782062,-999,0.650182,-999,-999,-999,-999,0.443449,0.075518,0.045456,-999,-999,-999,0.005201,0.002402,-999,0.001987,-999,-999,-999,-999,-999,-999,-999,0.654533,0.798071,-999,0.886903,1.089985,-999,0.895466,-999,-999,-999,-999,0.603382,0.099585,0.058142,-999,-999,-999,0.006307,0.002893,-999,0.0024,-999,-999,-999,-999,-999,-999,-999,0.645869,0.785861,-999,0.867613,1.054985,-999,0.870036,-999,-999,-999,-999,0.587737,0.097988,0.057031,-999,-999,-999,0.006307,0.002893,-999,0.0024,-999,-999,-999,-999,-999,-999,-999,0.631331,0.767197,-999,0.847803,1.031977,-999,0.847885,-999,-999,-999,-999,0.570538,0.094714,0.055101,-999,-999,-999,0.006307,0.002893,-999,0.0024,-999,-999,-999,-999,-999,11,-999,-999,0.399829,0.412333,-999,0.442436,0.490041,-999,0.50997,-999,-999,-999,-999,0.559823,0.619891,0.664896,-999,-999,-999,0.779004,0.865115,-999,1.019796,-999,-999,-999,-999,-999,"AAOT",45.3139,12.5083,10,1011,-90,40,"lev20","16:03:2026"
"AAOT","03:07:2025","09:52:57",184,184.411771,-999,-999,27.528664,27.558164,-999,27.589697,27.619322,-999,27.650988,-999,-999,-999,-999,27.680737,27.712535,27.742407,-999,-999,-999,27.774336,27.80433,-999,27.836389,-999,-999,-999,-999,-999,-999,-999,137.847523,137.740682,-999,137.626921,137.52046,-999,137.407103,-999,-999,-999,-999,137.30102,137.188067,137.082362,-999,-999,-999,136.96981,136.864482,-999,136.752331,-999,-999,-999,-999,-999,-999,-999,0.730437,0.857093,-999,0.936912,1.070732,-999,0.913503,-999,-999,-999,-999,0.638112,0.201604,0.15047,-999,-999,-999,0.061339,0.037592,-999,0.019636,-999,-999,-999,-999,-999,-999,-999,0.016073,0.012498,-999,0.019746,0.018678,-999,0.009397,-999,-999,-999,-999,0.008047,0.004861,0.010651,-999,-999,-999,0.003799,0.002887,-999,0.001752,-999,-999,-999,-999,-999,-999,-999,0.713316,0.835265,-999,0.91469,1.050675,-999,0.902426,-999,-999,-999,-999,0.629562,0.194849,0.141391,-999,-999,-999,0.057655,0.033816,-999,0.017238,-999,-999,-999,-999,-999,-999,-999,10.937702,12.060387,-999,11.228931,9.356321,-999,8.504586,-999,-999,-999,-999,6.508233,4.605531,3.696189,-999,-999,-999,2.02902,1.265885,-999,0.656396,-999,-999,-999,-999,-999,-999,-999,0.002185,0.003898,-999,0.001792,0.002241,-999,0.000752,-999,-999,-999,-999,0.002215,0.002732,0.00352,-999,-999,-999,0.001354,0.002481,-999,0.00103,-999,-999,-999,-999,-999,-999,-999,0.025707,0.025707,-999,0.025707,0.025707,-999,0.025707,-999,-999,-999,-999,0.025707,0.025707,0.025707,-999,-999,-999,0.025707,0.025707,-999,0.025707,-999,-999,-999,-999,-999,-999,-999,0.301413,0.287848,-999,0.256866,0.215946,-999,0.203304,-999,-999,-999,-999,0.163604,0.132327,0.123363,-999,-999,-999,0.094668,0.082781,-999,0.065788,-999,-999,-999,-999,-999,-999,-999,0,0,-999,0,0.007051,-999,0.01388,-999,-999,-999,-999,0.034878,0.036073,0.01663,-999,-999,-999,0,0,-999,0,-999,-999,-999,-999,-999,-999,-999,0.362308,0.318766,-999,0.238088,0.156316,-999,0.132744,-999,-999,-999,-999,0.090668,0.059875,0.045049,-999,-999,-999,0.02373,0.015543,-999,0.008014,-999,-999,-999,-999,-999,-999,-999,0.004279,0.004176,-999,0.003372,0.002048,-999,0.001512,-999,-999,-999,-999,0.000508,0.000198,0.000054,-999,-999,-999,0,0,-999,0,-999,-999,-999,-999,-999,-999,-999,0,0,-999,0,0,-999,0,-999,-999,-999,-999,0,0,0,-999,-999,-999,0,0,-999,0.008544,-999,-999,-999,-999,-999,336.143133,0.262658,3.59378,0.258272,1.655484,1017.356548,-999,-999,0.432144,0.525233,-999,0.626032,0.810155,-999,0.683802,-999,-999,-999,-999,0.462257,0.076456,0.046374,-999,-999,-999,0.005496,0.001274,-999,0.000364,-999,-999,-999,-999,-999,-999,-999,0.424672,0.515415,-999,0.611649,0.78572,-999,0.665173,-999,-999,-999,-999,0.450999,0.07527,0.045572,-999,-999,-999,0.005496,0.001274,-999,0.000364,-999,-999,-999,-999,-999,-999,-999,0.661329,0.781779,-999,0.88329,1.088857,-999,0.911088,-999,-999,-999,-999,0.61039,0.09872,0.057983,-999,-999,-999,0.006627,0.001526,-999,0.000437,-999,-999,-999,-999,-999,-999,-999,0.652402,0.769603,-999,0.863715,1.053091,-999,0.88434,-999,-999,-999,-999,0.593917,0.09705,0.056828,-999,-999,-999,0.006627,0.001526,-999,0.000437,-999,-999,-999,-999,-999,-999,-999,0.637826,0.751788,-999,0.844472,1.031091,-999,0.862644,-999,-999,-999,-999,0.577239,0.093924,0.054974,-999,-999,-999,0.006627,0.001526,-999,0.000437,-999,-999,-999,-999,-999,11,-999,-999,0.399829,0.412333,-999,0.442436,0.490041,-999,0.50997,-999,-999,-999,-999,0.559823,0.619891,0.664896,-999,-999,-999,0.779004,0.865115,-999,1.019796,-999,-999,-999,-999,-999,"AAOT",45.3139,12.5083,10,1011,-90,40,"lev20","16:03:2026"
"AAOT","03:07:2025","09:57:46",184,184.415116,-999,-999,26.970535,27.00071,-999,27.029066,27.059384,-999,27.087873,-999,-999,-999,-999,27.118332,27.146954,27.177553,-999,-999,-999,27.206305,27.237044,-999,27.267854,-999,-999,-999,-999,-999,-999,-999,139.949527,139.831737,-999,139.721503,139.604127,-999,139.49428,-999,-999,-999,-999,139.377316,139.267855,139.151303,-999,-999,-999,139.042228,138.926086,-999,138.810157,-999,-999,-999,-999,-999,-999,-999,0.736995,0.861542,-999,0.943876,1.07592,-999,0.923174,-999,-999,-999,-999,0.645214,0.20227,0.149949,-999,-999,-999,0.061872,0.038584,-999,0.01963,-999,-999,-999,-999,-999,-999,-999,0.017583,0.011016,-999,0.014689,0.016537,-999,0.007933,-999,-999,-999,-999,0.006057,0.008534,0.004186,-999,-999,-999,0.002491,0.002176,-999,0.001174,-999,-999,-999,-999,-999,-999,-999,0.713893,0.848352,-999,0.920805,1.048392,-999,0.912792,-999,-999,-999,-999,0.636378,0.192608,0.144435,-999,-999,-999,0.058835,0.035879,-999,0.018047,-999,-999,-999,-999,-999,-999,-999,10.98663,12.115832,-999,11.283431,9.395884,-999,8.540521,-999,-999,-999,-999,6.511939,4.597818,3.674502,-999,-999,-999,2.012097,1.257786,-999,0.652222,-999,-999,-999,-999,-999,-999,-999,0.001818,0.005478,-999,0.002334,0.00163,-999,0.002497,-999,-999,-999,-999,0.001638,0.000882,0.000457,-999,-999,-999,0.001258,0.002468,-999,0.000947,-999,-999,-999,-999,-999,-999,-999,0.025706,0.025706,-999,0.025706,0.025706,-999,0.025706,-999,-999,-999,-999,0.025706,0.025706,0.025706,-999,-999,-999,0.025706,0.025706,-999,0.025706,-999,-999,-999,-999,-999,-999,-999,0.300772,0.287257,-999,0.256363,0.215627,-999,0.202997,-999,-999,-999,-999,0.163472,0.132089,0.123182,-999,-999,-999,0.09466,0.082777,-999,0.065872,-999,-999,-999,-999,-999,-999,-999,0,0,-999,0,0.007051,-999,0.01388,-999,-999,-999,-999,0.034879,0.036074,0.016631,-999,-999,-999,0,0,-999,0,-999,-999,-999,-999,-999,-999,-999,0.362309,0.318767,-999,0.238088,0.156317,-999,0.132744,-999,-999,-999,-999,0.090668,0.059875,0.045049,-999,-999,-999,0.02373,0.015543,-999,0.008014,-999,-999,-999,-999,-999,-999,-999,0.004279,0.004176,-999,0.003372,0.002048,-999,0.001512,-999,-999,-999,-999,0.000508,0.000198,0.000054,-999,-999,-999,0,0,-999,0,-999,-999,-999,-999,-999,-999,-999,0,0,-999,0,0,-999,0,-999,-999,-999,-999,0,0,0,-999,-999,-999,0,0,-999,0.008528,-999,-999,-999,-999,-999,336.141133,0.262655,3.586554,0.276661,1.653321,1017.357405,-999,-999,0.431471,0.536903,-999,0.630754,0.806862,-999,0.69325,-999,-999,-999,-999,0.468982,0.074417,0.049979,-999,-999,-999,0.007112,0.003546,-999,0.001281,-999,-999,-999,-999,-999,-999,-999,0.423956,0.526779,-999,0.61603,0.781868,-999,0.673653,-999,-999,-999,-999,0.457018,0.073195,0.049071,-999,-999,-999,0.007112,0.003546,-999,0.001281,-999,-999,-999,-999,-999,-999,-999,0.656027,0.794096,-999,0.884541,1.078138,-999,0.918323,-999,-999,-999,-999,0.61573,0.095543,0.062147,-999,-999,-999,0.00853,0.004225,-999,0.00153,-999,-999,-999,-999,-999,-999,-999,0.646849,0.781311,-999,0.864263,1.041318,-999,0.889877,-999,-999,-999,-999,0.598015,0.093783,0.06082,-999,-999,-999,0.00853,0.004225,-999,0.00153,-999,-999,-999,-999,-999,-999,-999,0.632778,0.763484,-999,0.845708,1.021247,-999,0.86957,-999,-999,-999,-999,0.58239,0.090942,0.058939,-999,-999,-999,0.00853,0.004225,-999,0.00153,-999,-999,-999,-999,-999,11,-999,-999,0.399829,0.412333,-999,0.442436,0.490041,-999,0.50997,-999,-999,-999,-999,0.559823,0.619891,0.664896,-999,-999,-999,0.779004,0.865115,-999,1.019796,-999,-999,-999,-999,-999,"AAOT",45.3139,12.5083,10,1011,-90,40,"lev20","16:03:2026"
"AAOT","03:07:2025","10:23:54",184,184.433264,-999,-999,24.413954,24.435597,-999,24.455978,24.477815,-999,24.498378,-999,-999,-999,-999,24.520409,24.541153,24.561985,-999,-999,-999,24.584301,24.605312,-999,24.629229,-999,-999,-999,-999,-999,-999,-999,152.542595,152.403687,-999,152.27365,152.135145,-999,152.005485,-999,-999,-999,-999,151.867384,151.738104,151.609008,-999,-999,-999,151.471509,151.342794,-999,151.197142,-999,-999,-999,-999,-999,-999,-999,0.759888,0.889457,-999,0.973823,1.11449,-999,0.951854,-999,-999,-999,-999,0.660485,0.205687,0.152535,-999,-999,-999,0.063872,0.038669,-999,0.020442,-999,-999,-999,-999,-999,-999,-999,0.005953,0.016612,-999,0.015315,0.016326,-999,0.015106,-999,-999,-999,-999,0.015949,0.006548,0.005568,-999,-999,-999,0.006039,0.002617,-999,0.001773,-999,-999,-999,-999,-999,-999,-999,0.752464,0.86893,-999,0.950979,1.095055,-999,0.92766,-999,-999,-999,-999,0.63837,0.196998,0.146979,-999,-999,-999,0.05735,0.035879,-999,0.018328,-999,-999,-999,-999,-999,-999,-999,11.132262,12.259346,-999,11.384334,9.422556,-999,8.540917,-999,-999,-999,-999,6.492822,4.560961,3.648605,-999,-999,-999,1.98792,1.238038,-999,0.640308,-999,-999,-999,-999,-999,-999,-999,0.002421,0.000666,-999,0.001387,0.001575,-999,0.002066,-999,-999,-999,-999,0.002312,0.002246,0.001975,-999,-999,-999,0.001039,0.001661,-999,0.002336,-999,-999,-999,-999,-999,-999,-999,0.025757,0.025757,-999,0.025757,0.025757,-999,0.025757,-999,-999,-999,-999,0.025757,0.025757,0.025757,-999,-999,-999,0.025757,0.025757,-999,0.025757,-999,-999,-999,-999,-999,-999,-999,0.284581,0.271829,-999,0.242516,0.204044,-999,0.192387,-999,-999,-999,-999,0.155078,0.1246,0.116765,-999,-999,-999,0.089863,0.079224,-999,0.063536,-999,-999,-999,-999,-999,-999,-999,0,0,-999,0,0.007052,-999,0.013882,-999,-999,-999,-999,0.034883,0.036078,0.016632,-999,-999,-999,0,0,-999,0,-999,-999,-999,-999,-999,-999,-999,0.36231,0.318768,-999,0.23809,0.156317,-999,0.132745,-999,-999,-999,-999,0.090668,0.059875,0.045049,-999,-999,-999,0.02373,0.015543,-999,0.008014,-999,-999,-999,-999,-999,-999,-999,0.004279,0.004176,-999,0.003372,0.002048,-999,0.001512,-999,-999,-999,-999,0.000508,0.000198,0.000054,-999,-999,-999,0,0,-999,0,-999,-999,-999,-999,-999,-999,-999,0,0,-999,0,0,-999,0,-999,-999,-999,-999,0,0,0,-999,-999,-999,0,0,-999,0.008349,-999,-999,-999,-999,-999,336.130197,0.26264,3.507452,0.229702,1.641582,1017.362092,-999,-999,0.465728,0.553164,-999,0.65775,0.852357,-999,0.70767,-999,-999,-999,-999,0.471133,0.079521,0.053002,-999,-999,-999,0.006147,0.003991,-999,0.001836,-999,-999,-999,-999,-999,-999,-999,0.459168,0.544662,-999,0.645149,0.830679,-999,0.692007,-999,-999,-999,-999,0.46216,0.078658,0.052325,-999,-999,-999,0.006147,0.003991,-999,0.001836,-999,-999,-999,-999,-999,-999,-999,0.687146,0.794404,-999,0.896806,1.108801,-999,0.912866,-999,-999,-999,-999,0.602639,0.099523,0.064295,-999,-999,-999,0.0072,0.004644,-999,0.002141,-999,-999,-999,-999,-999,-999,-999,0.679867,0.784566,-999,0.880768,1.079217,-999,0.892069,-999,-999,-999,-999,0.590578,0.098444,0.063416,-999,-999,-999,0.0072,0.004644,-999,0.002141,-999,-999,-999,-999,-999,-999,-999,0.664337,0.766118,-999,0.860124,1.05366,-999,0.86766,-999,-999,-999,-999,0.572332,0.095098,0.061223,-999,-999,-999,0.0072,0.004644,-999,0.002141,-999,-999,-999,-999,-999,11,-999,-999,0.399829,0.412333,-999,0.442436,0.490041,-999,0.50997,-999,-999,-999,-999,0.559823,0.619891,0.664896,-999,-999,-999,0.779004,0.865115,-999,1.019796,-999,-999,-999,-999,-999,"AAOT",45.3139,12.5083,10,1011,-90,40,"lev20","16:03:2026"
"AAOT","03:07:2025","10:28:41",184,184.436586,-999,-999,24.043144,24.061695,-999,24.081584,24.100327,-999,24.12042,-999,-999,-999,-999,24.140619,24.159649,24.178772,-999,-999,-999,24.19927,24.218581,-999,24.240577,-999,-999,-999,-999,-999,-999,-999,155.069007,154.935357,-999,154.79299,154.659702,-999,154.517722,-999,-999,-999,-999,154.375942,154.243207,154.110648,-999,-999,-999,153.969448,153.837256,-999,153.687655,-999,-999,-999,-999,-999,-999,-999,0.766883,0.895991,-999,0.982937,1.115424,-999,0.959986,-999,-999,-999,-999,0.663974,0.206518,0.151205,-999,-999,-999,0.064363,0.039292,-999,0.020864,-999,-999,-999,-999,-999,-999,-999,0.017436,0.018305,-999,0.017772,0.010632,-999,0.020505,-999,-999,-999,-999,0.008388,0.010218,0.005926,-999,-999,-999,0.006007,0.006975,-999,0.003528,-999,-999,-999,-999,-999,-999,-999,0.739864,0.865611,-999,0.957416,1.100952,-999,0.931806,-999,-999,-999,-999,0.652998,0.192746,0.143527,-999,-999,-999,0.058264,0.03335,-999,0.017167,-999,-999,-999,-999,-999,-999,-999,11.129313,12.254163,-999,11.357621,9.380163,-999,8.498822,-999,-999,-999,-999,6.444343,4.512276,3.601475,-999,-999,-999,1.955902,1.214008,-999,0.626893,-999,-999,-999,-999,-999,-999,-999,0.003179,0.006654,-999,0.003713,0.002255,-999,0.001187,-999,-999,-999,-999,0.001155,0.000969,0.001643,-999,-999,-999,0.00099,0.000769,-999,0.001196,-999,-999,-999,-999,-999,-999,-999,0.025755,0.025755,-999,0.025755,0.025755,-999,0.025755,-999,-999,-999,-999,0.025755,0.025755,0.025755,-999,-999,-999,0.025755,0.025755,-999,0.025755,-999,-999,-999,-999,-999,-999,-999,0.277287,0.264681,-999,0.236084,0.198608,-999,0.187209,-999,-999,-999,-999,0.151809,0.120796,0.113198,-999,-999,-999,0.087063,0.076874,-999,0.06153,-999,-999,-999,-999,-999,-999,-999,0,0,-999,0,0.007052,-999,0.013882,-999,-999,-999,-999,0.034883,0.036079,0.016633,-999,-999,-999,0,0,-999,0,-999,-999,-999,-999,-999,-999,-999,0.362311,0.318768,-999,0.23809,0.156317,-999,0.132745,-999,-999,-999,-999,0.090668,0.059875,0.045049,-999,-999,-999,0.02373,0.015543,-999,0.008014,-999,-999,-999,-999,-999,-999,-999,0.004278,0.004176,-999,0.003372,0.002048,-999,0.001512,-999,-999,-999,-999,0.000508,0.000198,0.000054,-999,-999,-999,0,0,-999,0,-999,-999,-999,-999,-999,-999,-999,0,0,-999,0,0,-999,0,-999,-999,-999,-999,0,0,0,-999,-999,-999,0,0,-999,0.008274,-999,-999,-999,-999,-999,336.12819,0.262637,3.474311,0.252983,1.639434,1017.362952,-999,-999,0.453231,0.550008,-999,0.664903,0.859367,-999,0.712921,-999,-999,-999,-999,0.487025,0.076533,0.050771,-999,-999,-999,0.00789,0.002083,-999,0.001022,-999,-999,-999,-999,-999,-999,-999,0.446652,0.541292,-999,0.651645,0.836296,-999,0.695925,-999,-999,-999,-999,0.476832,0.075585,0.050048,-999,-999,-999,0.00789,0.002083,-999,0.001022,-999,-999,-999,-999,-999,-999,-999,0.665405,0.786027,-999,0.902389,1.113094,-999,0.915727,-999,-999,-999,-999,0.620528,0.095404,0.061353,-999,-999,-999,0.009208,0.002416,-999,0.001188,-999,-999,-999,-999,-999,-999,-999,0.657827,0.775617,-999,0.885132,1.08112,-999,0.892621,-999,-999,-999,-999,0.60645,0.094154,0.060379,-999,-999,-999,0.009208,0.002416,-999,0.001188,-999,-999,-999,-999,-999,-999,-999,0.643163,0.757643,-999,0.864854,1.0571,-999,0.869893,-999,-999,-999,-999,0.58889,0.091146,0.058417,-999,-999,-999,0.009208,0.002416,-999,0.001188,-999,-999,-999,-999,-999,11,-999,-999,0.399829,0.412333,-999,0.442436,0.490041,-999,0.50997,-999,-999,-999,-999,0.559823,0.619891,0.664896,-999,-999,-999,0.779004,0.865115,-999,1.019796,-999,-999,-999,-999,-999,"AAOT",45.3139,12.5083,10,1011,-90,40,"lev20","16:03:2026"
"AAOT","03:07:2025","10:33:29",184,184.439919,-999,-999,23.706372,23.723105,-999,23.741061,23.757995,-999,23.775025,-999,-999,-999,-999,23.793297,23.810526,23.829009,-999,-999,-999,23.846435,23.865129,-999,23.883931,-999,-999,-999,-999,-999,-999,-999,157.65917,157.522274,-999,157.376432,157.239876,-999,157.103486,-999,-999,-999,-999,156.958187,156.822142,156.677212,-999,-999,-999,156.541514,156.396955,-999,156.25259,-999,-999,-999,-999,-999,-999,-999,0.774911,0.902457,-999,0.99366,1.128796,-999,0.966038,-999,-999,-999,-999,0.673135,0.21021,0.154625,-999,-999,-999,0.065961,0.041192,-999,0.022489,-999,-999,-999,-999,-999,-999,-999,0.020635,0.013158,-999,0.018797,0.018007,-999,0.018106,-999,-999,-999,-999,0.015206,0.014647,0.006473,-999,-999,-999,0.008319,0.0067,-999,0.005816,-999,-999,-999,-999,-999,-999,-999,0.74727,0.886948,-999,0.967876,1.107545,-999,0.944009,-999,-999,-999,-999,0.655934,0.192837,0.146162,-999,-999,-999,0.056551,0.034681,-999,0.016147,-999,-999,-999,-999,-999,-999,-999,11.310272,12.448946,-999,11.574922,9.582791,-999,8.657963,-999,-999,-999,-999,6.566712,4.607513,3.668051,-999,-999,-999,1.99855,1.241855,-999,0.646288,-999,-999,-999,-999,-999,-999,-999,0.005855,0.001505,-999,0.002253,0.000366,-999,0.001456,-999,-999,-999,-999,0.006267,0.000242,0.002093,-999,-999,-999,0.002523,0.001535,-999,0.000177,-999,-999,-999,-999,-999,-999,-999,0.025752,0.025752,-999,0.025752,0.025752,-999,0.025752,-999,-999,-999,-999,0.025752,0.025752,0.025752,-999,-999,-999,0.025752,0.025752,-999,0.025752,-999,-999,-999,-999,-999,-999,-999,0.274414,0.261929,-999,0.233495,0.19645,-999,0.185059,-999,-999,-999,-999,0.150466,0.119075,0.111712,-999,-999,-999,0.085799,0.075748,-999,0.060511,-999,-999,-999,-999,-999,-999,-999,0,0,-999,0,0.007052,-999,0.013882,-999,-999,-999,-999,0.034883,0.036079,0.016633,-999,-999,-999,0,0,-999,0,-999,-999,-999,-999,-999,-999,-999,0.362311,0.318769,-999,0.23809,0.156318,-999,0.132745,-999,-999,-999,-999,0.090668,0.059875,0.045049,-999,-999,-999,0.02373,0.015543,-999,0.008014,-999,-999,-999,-999,-999,-999,-999,0.004278,0.004176,-999,0.003372,0.002048,-999,0.001512,-999,-999,-999,-999,0.000508,0.000198,0.000054,-999,-999,-999,0,0,-999,0,-999,-999,-999,-999,-999,-999,-999,0,0,-999,0,0,-999,0,-999,-999,-999,-999,0,0,0,-999,-999,-999,0,0,-999,0.008248,-999,-999,-999,-999,-999,336.126183,0.262634,3.462752,0.25119,1.637278,1017.363813,-999,-999,0.456004,0.566358,-999,0.669794,0.860766,-999,0.721046,-999,-999,-999,-999,0.486825,0.074183,0.051701,-999,-999,-999,0.005084,0.0027,-999,-0.000496,-999,-999,-999,-999,-999,-999,-999,0.449527,0.557566,-999,0.656679,0.838019,-999,0.704178,-999,-999,-999,-999,0.47686,0.073295,0.050985,-999,-999,-999,0.005084,0.0027,-999,-0.000496,-999,-999,-999,-999,-999,-999,-999,0.666952,0.806399,-999,0.905794,1.11114,-999,0.92303,-999,-999,-999,-999,0.618265,0.092173,0.062279,-999,-999,-999,0.005915,0.003122,-999,-0.000575,-999,-999,-999,-999,-999,-999,-999,0.65953,0.795951,-999,0.888815,1.079812,-999,0.90025,-999,-999,-999,-999,0.604599,0.091012,0.061324,-999,-999,-999,0.005915,0.003122,-999,-0.000575,-999,-999,-999,-999,-999,-999,-999,0.644876,0.777314,-999,0.868444,1.055768,-999,0.877165,-999,-999,-999,-999,0.587065,0.088114,0.05933,-999,-999,-999,0.005915,0.003122,-999,-0.000575,-999,-999,-999,-999,-999,11,-999,-999,0.399829,0.412333,-999,0.442436,0.490041,-999,0.50997,-999,-999,-999,-999,0.559823,0.619891,0.664896,-999,-999,-999,0.779004,0.865115,-999,1.019796,-999,-999,-999,-999,-999,"AAOT",45.3139,12.5083,10,1011,-90,40,"lev20","16:03:2026"
"AAOT","03:07:2025","12:23:54",184,184.516597,-999,-999,26.785154,26.757364,-999,26.72964,26.700141,-999,26.672555,-999,-999,-999,-999,26.643204,26.615757,26.586555,-999,-999,-999,26.559249,26.53201,-999,26.501223,-999,-999,-999,-999,-999,-999,-999,219.276888,219.165015,-999,219.052952,218.933211,-999,218.820757,-999,-999,-999,-999,218.700598,218.587753,218.467176,-999,-999,-999,218.353939,218.240512,-999,218.111732,-999,-999,-999,-999,-999,-999,-999,0.764594,0.901976,-999,0.994466,1.127402,-999,0.969043,-999,-999,-999,-999,0.680171,0.222033,0.159077,-999,-999,-999,0.062633,0.041083,-999,0.021274,-999,-999,-999,-999,-999,-999,-999,0.014488,0.015619,-999,0.01438,0.016512,-999,0.009126,-999,-999,-999,-999,0.01845,0.036184,0.008144,-999,-999,-999,0.002738,0.003726,-999,0.002166,-999,-999,-999,-999,-999,-999,-999,0.746599,0.879553,-999,0.981877,1.101713,-999,0.961483,-999,-999,-999,-999,0.66102,0.204269,0.148979,-999,-999,-999,0.059177,0.035946,-999,0.018434,-999,-999,-999,-999,-999,-999,-999,10.868482,11.976079,-999,11.118343,9.191491,-999,8.288546,-999,-999,-999,-999,6.244041,4.350246,3.453179,-999,-999,-999,1.860357,1.151082,-999,0.588806,-999,-999,-999,-999,-999,-999,-999,0.005031,0.001143,-999,0.005401,0.002161,-999,0.002733,-999,-999,-999,-999,0.000756,0.00249,0.004587,-999,-999,-999,0.002175,0.000683,-999,0.003253,-999,-999,-999,-999,-999,-999,-999,0.025682,0.025682,-999,0.025682,0.025682,-999,0.025682,-999,-999,-999,-999,0.025682,0.025682,0.025682,-999,-999,-999,0.025682,0.025682,-999,0.025682,-999,-999,-999,-999,-999,-999,-999,0.272877,0.260149,-999,0.231859,0.194536,-999,0.183278,-999,-999,-999,-999,0.146713,0.118115,0.11054,-999,-999,-999,0.085028,0.075034,-999,0.059833,-999,-999,-999,-999,-999,-999,-999,0,0,-999,0,0.00705,-999,0.013878,-999,-999,-999,-999,0.034873,0.036069,0.016628,-999,-999,-999,0,0,-999,0,-999,-999,-999,-999,-999,-999,-999,0.362328,0.318784,-999,0.238101,0.156325,-999,0.132751,-999,-999,-999,-999,0.090672,0.059878,0.045051,-999,-999,-999,0.023732,0.015544,-999,0.008014,-999,-999,-999,-999,-999,-999,-999,0.004277,0.004175,-999,0.003371,0.002047,-999,0.001512,-999,-999,-999,-999,0.000508,0.000198,0.000054,-999,-999,-999,0,0,-999,0,-999,-999,-999,-999,-999,-999,-999,0,0,-999,0,0,-999,0,-999,-999,-999,-999,0,0,0,-999,-999,-999,0,0,-999,0.008161,-999,-999,-999,-999,-999,336.080007,0.26257,3.423915,0.271458,1.576696,1017.411742,-999,-999,0.467471,0.57198,-999,0.696333,0.865655,-999,0.748614,-999,-999,-999,-999,0.500659,0.092545,0.060293,-999,-999,-999,0.011399,0.006383,-999,0.003312,-999,-999,-999,-999,-999,-999,-999,0.459551,0.561502,-999,0.680537,0.839576,-999,0.728171,-999,-999,-999,-999,0.488406,0.091114,0.059256,-999,-999,-999,0.011399,0.006383,-999,0.003312,-999,-999,-999,-999,-999,-999,-999,0.705753,0.839636,-999,0.969178,1.148172,-999,0.98407,-999,-999,-999,-999,0.652264,0.117909,0.074387,-999,-999,-999,0.013568,0.007546,-999,0.003922,-999,-999,-999,-999,-999,-999,-999,0.69626,0.826621,-999,0.947711,1.110211,-999,0.954794,-999,-999,-999,-999,0.634378,0.115884,0.072897,-999,-999,-999,0.013568,0.007546,-999,0.003922,-999,-999,-999,-999,-999,-999,-999,0.678882,0.805286,-999,0.924072,1.085319,-999,0.929986,-999,-999,-999,-999,0.616076,0.112101,0.070501,-999,-999,-999,0.013568,0.007546,-999,0.003922,-999,-999,-999,-999,-999,11,-999,-999,0.399829,0.412333,-999,0.442436,0.490041,-999,0.50997,-999,-999,-999,-999,0.559823,0.619891,0.664896,-999,-999,-999,0.779004,0.865115,-999,1.019796,-999,-999,-999,-999,-999,"AAOT",45.3139,12.5083,10,1011,-90,40,"lev20","16:03:2026"
"AAOT","03:07:2025","12:28:41",184,184.519919,-999,-999,27.331344,27.300385,-999,27.271425,27.240603,-999,27.211773,-999,-999,-999,-999,27.18109,27.15239,27.121848,-999,-999,-999,27.093279,27.062877,-999,27.032548,-999,-999,-999,-999,-999,-999,-999,221.388432,221.27293,-999,221.164454,221.048543,-999,220.939683,-999,-999,-999,-999,220.823361,220.714117,220.597384,-999,-999,-999,220.487753,220.370608,-999,220.25325,-999,-999,-999,-999,-999,-999,-999,0.763108,0.889889,-999,0.985601,1.12248,-999,0.961537,-999,-999,-999,-999,0.676758,0.220503,0.160391,-999,-999,-999,0.0725,0.050675,-999,0.025092,-999,-999,-999,-999,-999,-999,-999,0.020487,0.012155,-999,0.021975,0.01838,-999,0.017744,-999,-999,-999,-999,0.012556,0.02027,0.011177,-999,-999,-999,0.005076,0.012451,-999,0.004446,-999,-999,-999,-999,-999,-999,-999,0.737653,0.87263,-999,0.966107,1.10146,-999,0.938145,-999,-999,-999,-999,0.660391,0.199468,0.146298,-999,-999,-999,0.066256,0.040406,-999,0.020228,-999,-999,-999,-999,-999,-999,-999,10.460332,11.507175,-999,10.657993,8.795998,-999,7.983532,-999,-999,-999,-999,6.070048,4.284732,3.440033,-999,-999,-999,1.906761,1.212877,-999,0.653911,-999,-999,-999,-999,-999,-999,-999,0.013276,0.001937,-999,0.005017,0.000952,-999,0.001237,-999,-999,-999,-999,0.004424,0.002098,0.003044,-999,-999,-999,0.001828,0.000517,-999,0.003568,-999,-999,-999,-999,-999,-999,-999,0.025681,0.025681,-999,0.025681,0.025681,-999,0.025681,-999,-999,-999,-999,0.025681,0.025681,0.025681,-999,-999,-999,0.025681,0.025681,-999,0.025681,-999,-999,-999,-999,-999,-999,-999,0.267875,0.255323,-999,0.227467,0.190802,-999,0.179699,-999,-999,-999,-999,0.143482,0.115309,0.107831,-999,-999,-999,0.082699,0.07281,-999,0.05774,-999,-999,-999,-999,-999,-999,-999,0,0,-999,0,0.00705,-999,0.013878,-999,-999,-999,-999,0.034872,0.036068,0.016627,-999,-999,-999,0,0,-999,0,-999,-999,-999,-999,-999,-999,-999,0.362331,0.318786,-999,0.238103,0.156326,-999,0.132752,-999,-999,-999,-999,0.090673,0.059878,0.045052,-999,-999,-999,0.023732,0.015544,-999,0.008014,-999,-999,-999,-999,-999,-999,-999,0.004277,0.004175,-999,0.003371,0.002047,-999,0.001512,-999,-999,-999,-999,0.000508,0.000198,0.000054,-999,-999,-999,0,0,-999,0,-999,-999,-999,-999,-999,-999,-999,0,0,-999,0,0,-999,0,-999,-999,-999,-999,0,0,0,-999,-999,-999,0,0,-999,0.008085,-999,-999,-999,-999,-999,336.078007,0.262568,3.390496,0.267714,1.572349,1017.418572,-999,-999,0.469021,0.577114,-999,0.692399,0.87557,-999,0.73312,-999,-999,-999,-999,0.504506,0.089432,0.057954,-999,-999,-999,0.017288,0.009258,-999,0.003435,-999,-999,-999,-999,-999,-999,-999,0.460961,0.566405,-999,0.676549,0.84908,-999,0.713037,-999,-999,-999,-999,0.492132,0.088042,0.056953,-999,-999,-999,0.017288,0.009258,-999,0.003435,-999,-999,-999,-999,-999,-999,-999,0.71183,0.851518,-999,0.968452,1.166891,-999,0.96829,-999,-999,-999,-999,0.660405,0.114479,0.071827,-999,-999,-999,0.020669,0.010993,-999,0.004086,-999,-999,-999,-999,-999,-999,-999,0.702201,0.838242,-999,0.946887,1.128167,-999,0.939439,-999,-999,-999,-999,0.642279,0.11251,0.070384,-999,-999,-999,0.020669,0.010993,-999,0.004086,-999,-999,-999,-999,-999,-999,-999,0.684139,0.815895,-999,0.922631,1.10179,-999,0.914457,-999,-999,-999,-999,0.623111,0.108749,0.068017,-999,-999,-999,0.020669,0.010993,-999,0.004086,-999,-999,-999,-999,-999,11,-999,-999,0.399829,0.412333,-999,0.442436,0.490041,-999,0.50997,-999,-999,-999,-999,0.559823,0.619891,0.664896,-999,-999,-999,0.779004,0.865115,-999,1.019796,-999,-999,-999,-999,-999,"AAOT",45.3139,12.5083,10,1011,-90,40,"lev20","16:03:2026"
"AAOT","03:07:2025","12:52:55",184,184.536748,-999,-999,30.40781,30.373663,-999,30.337288,30.303233,-999,30.266957,-999,-999,-999,-999,30.232993,30.199075,30.162946,-999,-999,-999,30.129121,30.093091,-999,30.057114,-999,-999,-999,-999,-999,-999,-999,231.03662,230.94506,-999,230.847221,230.755335,-999,230.657148,-999,-999,-999,-999,230.564934,230.47256,230.373853,-999,-999,-999,230.281151,230.182091,-999,230.082849,-999,-999,-999,-999,-999,-999,-999,0.805325,0.950443,-999,1.046972,1.190054,-999,1.04916,-999,-999,-999,-999,0.751636,0.312243,0.248335,-999,-999,-999,0.158389,0.117035,-999,0.084469,-999,-999,-999,-999,-999,-999,-999,0.022002,0.021762,-999,0.018775,0.013939,-999,0.019514,-999,-999,-999,-999,0.016446,0.015804,0.012911,-999,-999,-999,0.00939,0.010561,-999,0.004585,-999,-999,-999,-999,-999,-999,-999,0.778244,0.926684,-999,1.022913,1.173103,-999,1.024153,-999,-999,-999,-999,0.733005,0.295864,0.233804,-999,-999,-999,0.143053,0.10351,-999,0.079259,-999,-999,-999,-999,-999,-999,-999,13.192801,14.611045,-999,14.127679,12.639898,-999,11.745591,-999,-999,-999,-999,9.602168,7.356135,6.188226,-999,-999,-999,4.239344,3.373678,-999,2.460388,-999,-999,-999,-999,-999,-999,-999,0.004277,0.006949,-999,0.001126,0.003346,-999,0.005919,-999,-999,-999,-999,0.007289,0.009021,0.00585,-999,-999,-999,0.002865,0.008425,-999,0.004335,-999,-999,-999,-999,-999,-999,-999,0.025675,0.025675,-999,0.025675,0.025675,-999,0.025675,-999,-999,-999,-999,0.025675,0.025675,0.025675,-999,-999,-999,0.025675,0.025675,-999,0.025675,-999,-999,-999,-999,-999,-999,-999,0.253984,0.241784,-999,0.215357,0.180465,-999,0.16984,-999,-999,-999,-999,0.136035,0.108127,0.101081,-999,-999,-999,0.077056,0.067628,-999,0.053182,-999,-999,-999,-999,-999,-999,-999,0,0,-999,0,0.007048,-999,0.013874,-999,-999,-999,-999,0.034864,0.03606,0.016624,-999,-999,-999,0,0,-999,0,-999,-999,-999,-999,-999,-999,-999,0.362343,0.318797,-999,0.238111,0.156331,-999,0.132757,-999,-999,-999,-999,0.090676,0.05988,0.045053,-999,-999,-999,0.023733,0.015545,-999,0.008014,-999,-999,-999,-999,-999,-999,-999,0.004277,0.004175,-999,0.003371,0.002047,-999,0.001512,-999,-999,-999,-999,0.000508,0.000198,0.000054,-999,-999,-999,0,0,-999,0,-999,-999,-999,-999,-999,-999,-999,0,0,-999,0,0,-999,0,-999,-999,-999,-999,0,0,0,-999,-999,-999,0,0,-999,0.007913,-999,-999,-999,-999,-999,336.06788,0.262554,3.31426,0.262548,1.550324,1017.453154,-999,-999,0.439523,0.551549,-999,0.660189,0.848577,-999,0.722588,-999,-999,-999,-999,0.486472,0.106997,0.074923,-999,-999,-999,0.034209,0.016892,-999,0.016089,-999,-999,-999,-999,-999,-999,-999,0.4311,0.540211,-999,0.643747,0.821223,-999,0.701406,-999,-999,-999,-999,0.473638,0.105148,0.073503,-999,-999,-999,0.034209,0.016892,-999,0.016089,-999,-999,-999,-999,-999,-999,-999,0.690829,0.842069,-999,0.954084,1.167106,-999,0.984626,-999,-999,-999,-999,0.657048,0.14122,0.095652,-999,-999,-999,0.04209,0.020638,-999,0.019688,-999,-999,-999,-999,-999,-999,-999,0.68059,0.827727,-999,0.93105,1.125502,-999,0.953043,-999,-999,-999,-999,0.637488,0.1385,0.093513,-999,-999,-999,-9.999,0.020638,-999,0.019688,-999,-999,-999,-999,-999,-999,-999,0.662152,0.804338,-999,0.905899,1.097669,-999,0.925918,-999,-999,-999,-999,0.617308,0.13343,0.090067,-999,-999,-999,-9.999,0.020638,-999,0.019688,-999,-999,-999,-999,-999,11,-999,-999,0.399829,0.412333,-999,0.442436,0.490041,-999,0.50997,-999,-999,-999,-999,0.559823,0.619891,0.664896,-999,-999,-999,0.779004,0.865115,-999,1.019796,-999,-999,-999,-999,-999,"AAOT",45.3139,12.5083,10,1011,-90,40,"lev20","16:03:2026"
"AAOT","04:07:2025","09:48:39",185,185.408785,-999,-999,28.14001,28.172545,-999,28.203105,28.233722,-999,28.266443,-999,-999,-999,-999,28.297176,28.330021,28.36087,-999,-999,-999,28.393838,28.424802,-999,28.457892,-999,-999,-999,-999,-999,-999,-999,136.058844,135.94845,-999,135.845139,135.742007,-999,135.632195,-999,-999,-999,-999,135.52943,135.420009,135.31761,-999,-999,-999,135.20858,135.106546,-999,134.997904,-999,-999,-999,-999,-999,-999,-999,0.758948,0.887269,-999,0.976355,1.110929,-999,0.950137,-999,-999,-999,-999,0.654339,0.201481,0.149272,-999,-999,-999,0.064627,0.039123,-999,0.020404,-999,-999,-999,-999,-999,-999,-999,0.013665,0.025537,-999,0.011207,0.027439,-999,0.019368,-999,-999,-999,-999,0.015217,0.006298,0.008915,-999,-999,-999,0.002824,0.001951,-999,0.001686,-999,-999,-999,-999,-999,-999,-999,0.743444,0.855578,-999,0.95888,1.089171,-999,0.92192,-999,-999,-999,-999,0.636127,0.193753,0.136439,-999,-999,-999,0.061385,0.036878,-999,0.018329,-999,-999,-999,-999,-999,-999,-999,11.113281,12.284964,-999,11.51643,9.671276,-999,8.818426,-999,-999,-999,-999,6.786823,4.845415,3.909928,-999,-999,-999,2.160235,1.357959,-999,0.707558,-999,-999,-999,-999,-999,-999,-999,0.001644,0.009038,-999,0.004971,0.000732,-999,0.008699,-999,-999,-999,-999,0.004242,0.012348,0.001324,-999,-999,-999,0.002442,0.004185,-999,0.000746,-999,-999,-999,-999,-999,-999,-999,0.026261,0.026261,-999,0.026261,0.026261,-999,0.026261,-999,-999,-999,-999,0.026261,0.026261,0.026261,-999,-999,-999,0.026261,0.026261,-999,0.026261,-999,-999,-999,-999,-999,-999,-999,0.323944,0.3096,-999,0.276982,0.233695,-999,0.22006,-999,-999,-999,-999,0.178051,0.144804,0.134306,-999,-999,-999,0.10285,0.089587,-999,0.071009,-999,-999,-999,-999,-999,-999,-999,0,0,-999,0,0.007038,-999,0.013855,-999,-999,-999,-999,0.034814,0.036008,0.0166,-999,-999,-999,0,0,-999,0,-999,-999,-999,-999,-999,-999,-999,0.362794,0.319193,-999,0.238407,0.156526,-999,0.132922,-999,-999,-999,-999,0.090789,0.059955,0.045109,-999,-999,-999,0.023762,0.015564,-999,0.008024,-999,-999,-999,-999,-999,-999,-999,0.004265,0.004163,-999,0.003361,0.002041,-999,0.001507,-999,-999,-999,-999,0.000507,0.000197,0.000054,-999,-999,-999,0,0,-999,0,-999,-999,-999,-999,-999,-999,-999,0,0,-999,0,0,-999,0,-999,-999,-999,-999,0,0,0,-999,-999,-999,0,0,-999,0.008299,-999,-999,-999,-999,-999,335.542866,0.261827,3.485281,0.221209,2.672215,1018.719561,-999,-999,0.451599,0.532963,-999,0.656448,0.835194,-999,0.69034,-999,-999,-999,-999,0.457899,0.066507,0.033761,-999,-999,-999,0.004655,0.001217,-999,-0.000252,-999,-999,-999,-999,-999,-999,-999,0.444093,0.523398,-999,0.642172,0.811868,-999,0.673388,-999,-999,-999,-999,0.448097,0.065632,0.033253,-999,-999,-999,0.004655,0.001217,-999,-0.000252,-999,-999,-999,-999,-999,-999,-999,0.699122,0.802259,-999,0.936061,1.133591,-999,0.928655,-999,-999,-999,-999,0.610135,0.086612,0.042557,-999,-999,-999,0.005655,0.001468,-999,-0.000305,-999,-999,-999,-999,-999,-999,-999,0.690637,0.790951,-999,0.917322,1.100364,-999,0.905304,-999,-999,-999,-999,0.59646,0.08548,0.041868,-999,-999,-999,0.005655,0.001468,-999,-0.000305,-999,-999,-999,-999,-999,-999,-999,0.673612,0.771048,-999,0.894056,1.072661,-999,0.878931,-999,-999,-999,-999,0.576914,0.082419,0.040359,-999,-999,-999,0.005655,0.001468,-999,-0.000305,-999,-999,-999,-999,-999,11,-999,-999,0.399829,0.412333,-999,0.442436,0.490041,-999,0.50997,-999,-999,-999,-999,0.559823,0.619891,0.664896,-999,-999,-999,0.779004,0.865115,-999,1.019796,-999,-999,-999,-999,-999,"AAOT",45.3139,12.5083,10,1011,-90,40,"lev20","16:03:2026"
"AAOT","04:07:2025","09:53:33",185,185.412187,-999,-999,27.554021,27.583362,-999,27.614727,27.644195,-999,27.673723,-999,-999,-999,-999,27.705286,27.734938,27.766633,-999,-999,-999,27.796409,27.828236,-999,27.86013,-999,-999,-999,-999,-999,-999,-999,138.123839,138.016792,-999,137.90281,137.796141,-999,137.689655,-999,-999,-999,-999,137.57627,137.47016,137.357177,-999,-999,-999,137.251443,137.138861,-999,137.026484,-999,-999,-999,-999,-999,-999,-999,0.759927,0.89389,-999,0.980013,1.113258,-999,0.947197,-999,-999,-999,-999,0.657637,0.203543,0.149462,-999,-999,-999,0.065187,0.04014,-999,0.021037,-999,-999,-999,-999,-999,-999,-999,0.01504,0.032857,-999,0.018161,0.027034,-999,0.015257,-999,-999,-999,-999,0.014261,0.008522,0.00755,-999,-999,-999,0.002743,0.002577,-999,0.001579,-999,-999,-999,-999,-999,-999,-999,0.739308,0.85131,-999,0.957512,1.075793,-999,0.926126,-999,-999,-999,-999,0.636966,0.190277,0.136485,-999,-999,-999,0.061309,0.036978,-999,0.019208,-999,-999,-999,-999,-999,-999,-999,11.182346,12.369808,-999,11.602741,9.762701,-999,8.901433,-999,-999,-999,-999,6.871235,4.913734,3.969811,-999,-999,-999,2.198367,1.387204,-999,0.727563,-999,-999,-999,-999,-999,-999,-999,0.001071,0.002468,-999,0.006076,0.003667,-999,0.001714,-999,-999,-999,-999,0.002624,0.00142,0.000896,-999,-999,-999,0.002901,0.003925,-999,0.000683,-999,-999,-999,-999,-999,-999,-999,0.026248,0.026248,-999,0.026248,0.026248,-999,0.026248,-999,-999,-999,-999,0.026248,0.026248,0.026248,-999,-999,-999,0.026248,0.026248,-999,0.026248,-999,-999,-999,-999,-999,-999,-999,0.323536,0.309286,-999,0.276931,0.23416,-999,0.220584,-999,-999,-999,-999,0.179454,0.14596,0.135599,-999,-999,-999,0.104413,0.091308,-999,0.072643,-999,-999,-999,-999,-999,-999,-999,0,0,-999,0,0.007039,-999,0.013855,-999,-999,-999,-999,0.034815,0.036009,0.0166,-999,-999,-999,0,0,-999,0,-999,-999,-999,-999,-999,-999,-999,0.362789,0.319189,-999,0.238404,0.156524,-999,0.13292,-999,-999,-999,-999,0.090788,0.059954,0.045108,-999,-999,-999,0.023762,0.015564,-999,0.008024,-999,-999,-999,-999,-999,-999,-999,0.004265,0.004163,-999,0.003361,0.002041,-999,0.001507,-999,-999,-999,-999,0.000507,0.000197,0.000054,-999,-999,-999,0,0,-999,0,-999,-999,-999,-999,-999,-999,-999,0,0,-999,0,0,-999,0,-999,-999,-999,-999,0,0,0,-999,-999,-999,0,0,-999,0.008259,-999,-999,-999,-999,-999,335.540741,0.261824,3.467624,0.23558,2.655814,1018.704927,-999,-999,0.445789,0.526622,-999,0.652958,0.819537,-999,0.692477,-999,-999,-999,-999,0.456607,0.061299,0.032283,-999,-999,-999,0.003605,0.000566,-999,0.000111,-999,-999,-999,-999,-999,-999,-999,0.43834,0.51711,-999,0.63856,0.796076,-999,0.674865,-999,-999,-999,-999,0.446384,0.060446,0.031775,-999,-999,-999,0.003605,0.000566,-999,0.000111,-999,-999,-999,-999,-999,-999,-999,0.68533,0.787302,-999,0.925046,1.105505,-999,0.925824,-999,-999,-999,-999,0.604816,0.079361,0.040464,-999,-999,-999,0.004356,0.000679,-999,0.000133,-999,-999,-999,-999,-999,-999,-999,0.676692,0.775815,-999,0.90587,1.071784,-999,0.901177,-999,-999,-999,-999,0.590289,0.078217,0.039758,-999,-999,-999,0.004356,0.000679,-999,0.000133,-999,-999,-999,-999,-999,-999,-999,0.660971,0.757416,-999,0.884356,1.047307,-999,0.876998,-999,-999,-999,-999,0.572414,0.0756,0.03841,-999,-999,-999,0.004356,0.000679,-999,0.000133,-999,-999,-999,-999,-999,11,-999,-999,0.399829,0.412333,-999,0.442436,0.490041,-999,0.50997,-999,-999,-999,-999,0.559823,0.619891,0.664896,-999,-999,-999,0.779004,0.865115,-999,1.019796,-999,-999,-999,-999,-999,"AAOT",45.3139,12.5083,10,1011,-90,40,"lev20","16:03:2026"
"AAOT","04:07:2025","09:58:23",185,185.415544,-999,-999,26.997151,27.027145,-999,27.055332,27.08547,-999,27.11379,-999,-999,-999,-999,27.142175,27.172523,27.201041,-999,-999,-999,27.231529,27.260178,-999,27.292723,-999,-999,-999,-999,-999,-999,-999,140.237065,140.119058,-999,140.008619,139.891023,-999,139.78097,-999,-999,-999,-999,139.671103,139.554116,139.444634,-999,-999,-999,139.328057,139.218958,-999,139.095536,-999,-999,-999,-999,-999,-999,-999,0.760959,0.900063,-999,0.985704,1.12007,-999,0.956147,-999,-999,-999,-999,0.659372,0.20632,0.15256,-999,-999,-999,0.065471,0.040351,-999,0.021715,-999,-999,-999,-999,-999,-999,-999,0.018625,0.025957,-999,0.015778,0.020526,-999,0.007242,-999,-999,-999,-999,0.007981,0.006993,0.006181,-999,-999,-999,0.002704,0.002442,-999,0.001637,-999,-999,-999,-999,-999,-999,-999,0.734499,0.86819,-999,0.967651,1.096018,-999,0.946384,-999,-999,-999,-999,0.646089,0.195079,0.143209,-999,-999,-999,0.06207,0.036445,-999,0.019384,-999,-999,-999,-999,-999,-999,-999,11.265903,12.469573,-999,11.700048,9.858776,-999,8.992417,-999,-999,-999,-999,6.928698,4.953122,4.007188,-999,-999,-999,2.224347,1.401827,-999,0.740885,-999,-999,-999,-999,-999,-999,-999,0.005055,0.005531,-999,0.00567,0.003557,-999,0.001126,-999,-999,-999,-999,0.001076,0.00046,0.001095,-999,-999,-999,0.001416,0.00058,-999,0.000952,-999,-999,-999,-999,-999,-999,-999,0.026236,0.026236,-999,0.026236,0.026236,-999,0.026236,-999,-999,-999,-999,0.026236,0.026236,0.026236,-999,-999,-999,0.026236,0.026236,-999,0.026236,-999,-999,-999,-999,-999,-999,-999,0.323323,0.309228,-999,0.27708,0.234652,-999,0.221274,-999,-999,-999,-999,0.180478,0.147127,0.136884,-999,-999,-999,0.106007,0.093094,-999,0.074452,-999,-999,-999,-999,-999,-999,-999,0,0,-999,0,0.007039,-999,0.013855,-999,-999,-999,-999,0.034816,0.03601,0.016601,-999,-999,-999,0,0,-999,0,-999,-999,-999,-999,-999,-999,-999,0.362784,0.319184,-999,0.238401,0.156521,-999,0.132918,-999,-999,-999,-999,0.090786,0.059953,0.045108,-999,-999,-999,0.023761,0.015563,-999,0.008024,-999,-999,-999,-999,-999,-999,-999,0.004265,0.004163,-999,0.003361,0.002041,-999,0.001507,-999,-999,-999,-999,0.000507,0.000197,0.000054,-999,-999,-999,0,0,-999,0,-999,-999,-999,-999,-999,-999,-999,0,0,-999,0,0,-999,0,-999,-999,-999,-999,0,0,0,-999,-999,-999,0,0,-999,0.008223,-999,-999,-999,-999,-999,335.538685,0.261821,3.45156,0.231409,2.639636,1018.690771,-999,-999,0.438923,0.541035,-999,0.660685,0.837361,-999,0.710457,-999,-999,-999,-999,0.464306,0.065127,0.038075,-999,-999,-999,0.003711,-0.000333,-999,-0.000054,-999,-999,-999,-999,-999,-999,-999,0.431816,0.531553,-999,0.646521,0.814018,-999,0.692961,-999,-999,-999,-999,0.4543,0.064269,0.037503,-999,-999,-999,0.003711,-0.000333,-999,-0.000054,-999,-999,-999,-999,-999,-999,-999,0.670449,0.8038,-999,0.930396,1.123142,-999,0.944535,-999,-999,-999,-999,0.611608,0.083862,0.047473,-999,-999,-999,0.004462,-0.000398,-999,-0.000065,-999,-999,-999,-999,-999,-999,-999,0.662301,0.792471,-999,0.911739,1.089985,-999,0.920371,-999,-999,-999,-999,0.597591,0.082734,0.046692,-999,-999,-999,0.004462,-0.000398,-999,-0.000065,-999,-999,-999,-999,-999,-999,-999,0.646836,0.773114,-999,0.889498,1.063983,-999,0.89469,-999,-999,-999,-999,0.578946,0.079907,0.045074,-999,-999,-999,0.004462,-0.000398,-999,-0.000065,-999,-999,-999,-999,-999,11,-999,-999,0.399829,0.412333,-999,0.442436,0.490041,-999,0.50997,-999,-999,-999,-999,0.559823,0.619891,0.664896,-999,-999,-999,0.779004,0.865115,-999,1.019796,-999,-999,-999,-999,-999,"AAOT",45.3139,12.5083,10,1011,-90,40,"lev20","16:03:2026"
"AAOT","04:07:2025","10:24:51",185,185.433924,-999,-999,24.435062,24.455029,-999,24.476426,24.496577,-999,24.51817,-999,-999,-999,-999,24.538504,24.56029,24.580806,-999,-999,-999,24.602786,24.623483,-999,24.645655,-999,-999,-999,-999,-999,-999,-999,153.009805,152.879294,-999,152.74028,152.610141,-999,152.471525,-999,-999,-999,-999,152.34176,152.203543,152.074153,-999,-999,-999,151.936337,151.807323,-999,151.669909,-999,-999,-999,-999,-999,-999,-999,0.777172,0.913702,-999,1.001445,1.14112,-999,0.97787,-999,-999,-999,-999,0.676913,0.205297,0.151486,-999,-999,-999,0.063706,0.039456,-999,0.023775,-999,-999,-999,-999,-999,-999,-999,0.013599,0.009743,-999,0.010662,0.010681,-999,0.010469,-999,-999,-999,-999,0.00537,0.009668,0.005729,-999,-999,-999,0.002335,0.001664,-999,0.004376,-999,-999,-999,-999,-999,-999,-999,0.753544,0.902805,-999,0.987043,1.128797,-999,0.964925,-999,-999,-999,-999,0.669368,0.196405,0.144618,-999,-999,-999,0.060662,0.037377,-999,0.020088,-999,-999,-999,-999,-999,-999,-999,11.176197,12.326318,-999,11.495192,9.595282,-999,8.740634,-999,-999,-999,-999,6.706854,4.778591,3.858709,-999,-999,-999,2.152243,1.37327,-999,0.749891,-999,-999,-999,-999,-999,-999,-999,0.007878,0.001505,-999,0.00081,0.002163,-999,0.003249,-999,-999,-999,-999,0.000841,0.000381,0.0005,-999,-999,-999,0.001121,0.000545,-999,0.000679,-999,-999,-999,-999,-999,-999,-999,0.027051,0.027051,-999,0.027051,0.027051,-999,0.027051,-999,-999,-999,-999,0.027051,0.027051,0.027051,-999,-999,-999,0.027051,0.027051,-999,0.027051,-999,-999,-999,-999,-999,-999,-999,0.310034,0.296849,-999,0.266302,0.225952,-999,0.213778,-999,-999,-999,-999,0.174548,0.143819,0.1346,-999,-999,-999,0.106188,0.094408,-999,0.077116,-999,-999,-999,-999,-999,-999,-999,0,0,-999,0,0.007039,-999,0.013857,-999,-999,-999,-999,0.03482,0.036014,0.016602,-999,-999,-999,0,0,-999,0,-999,-999,-999,-999,-999,-999,-999,0.362757,0.319161,-999,0.238383,0.15651,-999,0.132908,-999,-999,-999,-999,0.09078,0.059949,0.045105,-999,-999,-999,0.02376,0.015562,-999,0.008024,-999,-999,-999,-999,-999,-999,-999,0.004265,0.004163,-999,0.003361,0.002041,-999,0.001507,-999,-999,-999,-999,0.000507,0.000197,0.000054,-999,-999,-999,0,0,-999,0,-999,-999,-999,-999,-999,-999,-999,0,0,-999,0,0,-999,0,-999,-999,-999,-999,0,0,0,-999,-999,-999,0,0,-999,0.00808,-999,-999,-999,-999,-999,335.527749,0.261806,3.38806,0.243175,2.551047,1018.615486,-999,-999,0.451216,0.569364,-999,0.676085,0.869234,-999,0.728481,-999,-999,-999,-999,0.48794,0.067139,0.040235,-999,-999,-999,0.002441,0.000229,-999,-0.000198,-999,-999,-999,-999,-999,-999,-999,0.444579,0.560237,-999,0.662551,0.846041,-999,0.711318,-999,-999,-999,-999,0.477902,0.066324,0.039672,-999,-999,-999,0.002441,0.000229,-999,-0.000198,-999,-999,-999,-999,-999,-999,-999,0.669028,0.821611,-999,0.925998,1.135425,-999,0.943487,-999,-999,-999,-999,0.626382,0.084324,0.04897,-999,-999,-999,0.002868,0.000267,-999,-0.000231,-999,-999,-999,-999,-999,-999,-999,0.661392,0.810718,-999,0.908383,1.10324,-999,0.920195,-999,-999,-999,-999,0.612568,0.083261,0.048216,-999,-999,-999,0.002868,0.000267,-999,-0.000231,-999,-999,-999,-999,-999,-999,-999,0.646329,0.791111,-999,0.886765,1.077499,-999,0.8955,-999,-999,-999,-999,0.594107,0.080548,0.046623,-999,-999,-999,0.002868,0.000267,-999,-0.000231,-999,-999,-999,-999,-999,11,-999,-999,0.399829,0.412333,-999,0.442436,0.490041,-999,0.50997,-999,-999,-999,-999,0.559823,0.619891,0.664896,-999,-999,-999,0.779004,0.865115,-999,1.019796,-999,-999,-999,-999,-999,"AAOT",45.3139,12.5083,10,1011,-90,40,"lev20","16:03:2026"
"AAOT","04:07:2025","10:29:38",185,185.437245,-999,-999,24.069255,24.088687,-999,24.107002,24.125409,-999,24.145146,-999,-999,-999,-999,24.163746,24.183687,24.202476,-999,-999,-999,24.22262,24.2416,-999,24.263221,-999,-999,-999,-999,-999,-999,-999,155.549975,155.407167,-999,155.273463,155.13993,-999,154.997686,-999,-999,-999,-999,154.864512,154.72265,154.589835,-999,-999,-999,154.448359,154.315905,-999,154.166004,-999,-999,-999,-999,-999,-999,-999,0.781142,0.915719,-999,1.007897,1.14648,-999,0.981855,-999,-999,-999,-999,0.679715,0.204582,0.149999,-999,-999,-999,0.063492,0.03945,-999,0.021319,-999,-999,-999,-999,-999,-999,-999,0.015478,0.011267,-999,0.01013,0.012567,-999,0.010911,-999,-999,-999,-999,0.010035,0.006782,0.004925,-999,-999,-999,0.003334,0.00172,-999,0.001995,-999,-999,-999,-999,-999,-999,-999,0.760278,0.900149,-999,0.991468,1.1281,-999,0.965635,-999,-999,-999,-999,0.667061,0.195353,0.14171,-999,-999,-999,0.058835,0.036944,-999,0.019208,-999,-999,-999,-999,-999,-999,-999,11.160359,12.298628,-999,11.431681,9.506225,-999,8.634723,-999,-999,-999,-999,6.609545,4.691096,3.793132,-999,-999,-999,2.123828,1.362331,-999,0.749657,-999,-999,-999,-999,-999,-999,-999,0.005076,0.012107,-999,0.002197,0.000935,-999,0.000362,-999,-999,-999,-999,0.001281,0.001301,0.004811,-999,-999,-999,0.000576,0.002165,-999,0.000266,-999,-999,-999,-999,-999,-999,-999,0.027024,0.027024,-999,0.027024,0.027024,-999,0.027024,-999,-999,-999,-999,0.027024,0.027024,0.027024,-999,-999,-999,0.027024,0.027024,-999,0.027024,-999,-999,-999,-999,-999,-999,-999,0.305025,0.292049,-999,0.26219,0.222865,-999,0.210762,-999,-999,-999,-999,0.172206,0.141771,0.13318,-999,-999,-999,0.105371,0.093829,-999,0.077077,-999,-999,-999,-999,-999,-999,-999,0,0,-999,0,0.00704,-999,0.013857,-999,-999,-999,-999,0.03482,0.036014,0.016603,-999,-999,-999,0,0,-999,0,-999,-999,-999,-999,-999,-999,-999,0.362752,0.319156,-999,0.238379,0.156508,-999,0.132907,-999,-999,-999,-999,0.090778,0.059948,0.045104,-999,-999,-999,0.023759,0.015562,-999,0.008023,-999,-999,-999,-999,-999,-999,-999,0.004265,0.004163,-999,0.003361,0.002041,-999,0.001507,-999,-999,-999,-999,0.000507,0.000197,0.000054,-999,-999,-999,0,0,-999,0,-999,-999,-999,-999,-999,-999,-999,0,0,-999,0,0,-999,0,-999,-999,-999,-999,0,0,0,-999,-999,-999,0,0,-999,0.008058,-999,-999,-999,-999,-999,335.525595,0.261803,3.378403,0.242178,2.535036,1018.600659,-999,-999,0.458684,0.567795,-999,0.682542,0.871206,-999,0.732293,-999,-999,-999,-999,0.488446,0.068582,0.039205,-999,-999,-999,0.001442,0.000129,-999,-0.00105,-999,-999,-999,-999,-999,-999,-999,0.452081,0.558877,-999,0.669119,0.848305,-999,0.715342,-999,-999,-999,-999,0.478603,0.067776,0.038671,-999,-999,-999,0.001442,0.000129,-999,-0.00105,-999,-999,-999,-999,-999,-999,-999,0.677032,0.815737,-999,0.930947,1.133599,-999,0.944774,-999,-999,-999,-999,0.624697,0.085824,0.047552,-999,-999,-999,0.001688,0.00015,-999,-0.001224,-999,-999,-999,-999,-999,-999,-999,0.669472,0.805144,-999,0.913567,1.102013,-999,0.921913,-999,-999,-999,-999,0.611242,0.084782,0.046843,-999,-999,-999,0.001688,0.00015,-999,-0.001224,-999,-999,-999,-999,-999,-999,-999,0.654209,0.785849,-999,0.891836,1.076324,-999,0.897162,-999,-999,-999,-999,0.592847,0.082024,0.045302,-999,-999,-999,0.001688,0.00015,-999,-0.001224,-999,-999,-999,-999,-999,11,-999,-999,0.399829,0.412333,-999,0.442436,0.490041,-999,0.50997,-999,-999,-999,-999,0.559823,0.619891,0.664896,-999,-999,-999,0.779004,0.865115,-999,1.019796,-999,-999,-999,-999,-999,"AAOT",45.3139,12.5083,10,1011,-90,40,"lev20","16:03:2026"
"AAOT","04:07:2025","10:34:44",185,185.440787,-999,-999,23.719469,23.73574,-999,23.753204,23.769676,-999,23.786246,-999,-999,-999,-999,23.804028,23.820798,23.838792,-999,-999,-999,23.855762,23.873968,-999,23.892284,-999,-999,-999,-999,-999,-999,-999,158.308802,158.171534,-999,158.025293,157.888358,-999,157.751585,-999,-999,-999,-999,157.605873,157.469437,157.324085,-999,-999,-999,157.187987,157.042999,-999,156.898198,-999,-999,-999,-999,-999,-999,-999,0.784937,0.924375,-999,1.013515,1.148947,-999,0.982598,-999,-999,-999,-999,0.682366,0.205605,0.151049,-999,-999,-999,0.063188,0.039904,-999,0.021031,-999,-999,-999,-999,-999,-999,-999,0.01798,0.015471,-999,0.016891,0.013126,-999,0.00872,-999,-999,-999,-999,0.007066,0.006835,0.006008,-999,-999,-999,0.003025,0.002294,-999,0.002075,-999,-999,-999,-999,-999,-999,-999,0.763067,0.899106,-999,0.993077,1.129114,-999,0.9699,-999,-999,-999,-999,0.673248,0.19549,0.141891,-999,-999,-999,0.058607,0.036512,-999,0.019138,-999,-999,-999,-999,-999,-999,-999,11.152986,12.294013,-999,11.444448,9.515355,-999,8.637053,-999,-999,-999,-999,6.60626,4.693261,3.776291,-999,-999,-999,2.10957,1.34864,-999,0.746467,-999,-999,-999,-999,-999,-999,-999,0.003204,0.00917,-999,0.001856,0.002691,-999,0.004814,-999,-999,-999,-999,0.002007,0.002086,0.000189,-999,-999,-999,0.002107,0.000865,-999,0.000676,-999,-999,-999,-999,-999,-999,-999,0.026995,0.026995,-999,0.026995,0.026995,-999,0.026995,-999,-999,-999,-999,0.026995,0.026995,0.026995,-999,-999,-999,0.026995,0.026995,-999,0.026995,-999,-999,-999,-999,-999,-999,-999,0.301525,0.288757,-999,0.25915,0.220473,-999,0.208662,-999,-999,-999,-999,0.17011,0.140509,0.132308,-999,-999,-999,0.104747,0.093498,-999,0.077103,-999,-999,-999,-999,-999,-999,-999,0,0,-999,0,0.00704,-999,0.013857,-999,-999,-999,-999,0.034821,0.036014,0.016603,-999,-999,-999,0,0,-999,0,-999,-999,-999,-999,-999,-999,-999,0.362747,0.319152,-999,0.238376,0.156505,-999,0.132905,-999,-999,-999,-999,0.090777,0.059947,0.045103,-999,-999,-999,0.023759,0.015562,-999,0.008023,-999,-999,-999,-999,-999,-999,-999,0.004265,0.004163,-999,0.003361,0.002041,-999,0.001507,-999,-999,-999,-999,0.000507,0.000197,0.000054,-999,-999,-999,0,0,-999,0,-999,-999,-999,-999,-999,-999,-999,0,0,-999,0,0,-999,0,-999,-999,-999,-999,0,0,0,-999,-999,-999,0,0,-999,0.008036,-999,-999,-999,-999,-999,335.523595,0.2618,3.368708,0.253423,2.517966,1018.586887,-999,-999,0.461996,0.567234,-999,0.684138,0.87225,-999,0.736746,-999,-999,-999,-999,0.494914,0.068797,0.039952,-999,-999,-999,0.00166,0.000106,-999,-0.001013,-999,-999,-999,-999,-999,-999,-999,0.455311,0.558271,-999,0.670525,0.848866,-999,0.719206,-999,-999,-999,-999,0.484571,0.067948,0.039384,-999,-999,-999,0.00166,0.000106,-999,-0.001013,-999,-999,-999,-999,-999,-999,-999,0.679176,0.811712,-999,0.929603,1.130928,-999,0.947186,-999,-999,-999,-999,0.630759,0.085808,0.048304,-999,-999,-999,0.001938,0.000123,-999,-0.001177,-999,-999,-999,-999,-999,-999,-999,0.671402,0.800928,-999,0.911833,1.098536,-999,0.923346,-999,-999,-999,-999,0.616497,0.084688,0.047542,-999,-999,-999,0.001938,0.000123,-999,-0.001177,-999,-999,-999,-999,-999,-999,-999,0.656217,0.781987,-999,0.890547,1.073857,-999,0.899466,-999,-999,-999,-999,0.598596,0.082022,0.046028,-999,-999,-999,0.001938,0.000123,-999,-0.001177,-999,-999,-999,-999,-999,11,-999,-999,0.399829,0.412333,-999,0.442436,0.490041,-999,0.50997,-999,-999,-999,-999,0.559823,0.619891,0.664896,-999,-999,-999,0.779004,0.865115,-999,1.019796,-999,-999,-999,-999,-999,"AAOT",45.3139,12.5083,10,1011,-90,40,"lev20","16:03:2026"
"AAOT","04:07:2025","10:48:44",185,185.450509,-999,-999,22.970207,22.980703,-999,22.992017,23.002736,-999,23.013562,-999,-999,-999,-999,23.025228,23.036276,23.048179,-999,-999,-999,23.059448,23.071586,-999,23.083845,-999,-999,-999,-999,-999,-999,-999,166.229623,166.084575,-999,165.929984,165.785174,-999,165.64048,-999,-999,-999,-999,165.48627,165.341821,165.187873,-999,-999,-999,165.043672,164.889992,-999,164.736451,-999,-999,-999,-999,-999,-999,-999,0.794137,0.929824,-999,1.022117,1.158792,-999,0.990837,-999,-999,-999,-999,0.685473,0.203218,0.148703,-999,-999,-999,0.063208,0.03902,-999,0.021415,-999,-999,-999,-999,-999,-999,-999,0.014609,0.0163,-999,0.021035,0.009508,-999,0.011256,-999,-999,-999,-999,0.004471,0.004696,0.004398,-999,-999,-999,0.004207,0.002067,-999,0.002487,-999,-999,-999,-999,-999,-999,-999,0.771821,0.906314,-999,0.994848,1.144394,-999,0.974461,-999,-999,-999,-999,0.681427,0.198508,0.144118,-999,-999,-999,0.057047,0.036545,-999,0.017731,-999,-999,-999,-999,-999,-999,-999,11.189733,12.31646,-999,11.437959,9.477188,-999,8.604041,-999,-999,-999,-999,6.565611,4.655733,3.755876,-999,-999,-999,2.087954,1.330667,-999,0.733755,-999,-999,-999,-999,-999,-999,-999,0.008145,0.005311,-999,0.003105,0.001025,-999,0.000986,-999,-999,-999,-999,0.002185,0.001189,0.001462,-999,-999,-999,0.005221,0.001614,-999,0.000293,-999,-999,-999,-999,-999,-999,-999,0.026916,0.026916,-999,0.026916,0.026916,-999,0.026916,-999,-999,-999,-999,0.026916,0.026916,0.026916,-999,-999,-999,0.026916,0.026916,-999,0.026916,-999,-999,-999,-999,-999,-999,-999,0.293363,0.280624,-999,0.251961,0.214564,-999,0.203081,-999,-999,-999,-999,0.166256,0.136497,0.128899,-999,-999,-999,0.102264,0.091602,-999,0.075777,-999,-999,-999,-999,-999,-999,-999,0,0,-999,0,0.00704,-999,0.013857,-999,-999,-999,-999,0.034821,0.036015,0.016603,-999,-999,-999,0,0,-999,0,-999,-999,-999,-999,-999,-999,-999,0.362732,0.319139,-999,0.238367,0.156499,-999,0.132899,-999,-999,-999,-999,0.090774,0.059945,0.045101,-999,-999,-999,0.023758,0.015561,-999,0.008023,-999,-999,-999,-999,-999,-999,-999,0.004265,0.004162,-999,0.003361,0.002041,-999,0.001507,-999,-999,-999,-999,0.000507,0.000197,0.000054,-999,-999,-999,0,0,-999,0,-999,-999,-999,-999,-999,-999,-999,0,0,-999,0,0,-999,0,-999,-999,-999,-999,0,0,0,-999,-999,-999,0,0,-999,0.008015,-999,-999,-999,-999,-999,335.517705,0.261792,3.359602,0.253984,2.471105,1018.546342,-999,-999,0.470639,0.574805,-999,0.686985,0.889307,-999,0.742876,-999,-999,-999,-999,0.504707,0.073195,0.043025,-999,-999,-999,0.000847,0.000729,-999,-0.002019,-999,-999,-999,-999,-999,-999,-999,0.464091,0.56605,-999,0.673722,0.866009,-999,0.725646,-999,-999,-999,-999,0.494468,0.072333,0.042438,-999,-999,-999,0.000847,0.000729,-999,-0.002019,-999,-999,-999,-999,-999,-999,-999,0.685989,0.815623,-999,0.925985,1.144298,-999,0.947875,-999,-999,-999,-999,0.638587,0.090637,0.051659,-999,-999,-999,0.000983,0.00084,-999,-0.002331,-999,-999,-999,-999,-999,-999,-999,0.678406,0.805143,-999,0.908802,1.112365,-999,0.924692,-999,-999,-999,-999,0.624617,0.089514,0.05088,-999,-999,-999,0.000983,0.00084,-999,-0.002331,-999,-999,-999,-999,-999,-999,-999,0.662887,0.785928,-999,0.887428,1.08684,-999,0.900529,-999,-999,-999,-999,0.606272,0.08668,0.049255,-999,-999,-999,0.000983,0.00084,-999,-0.002331,-999,-999,-999,-999,-999,11,-999,-999,0.399829,0.412333,-999,0.442436,0.490041,-999,0.50997,-999,-999,-999,-999,0.559823,0.619891,0.664896,-999,-999,-999,0.779004,0.865115,-999,1.019796,-999,-999,-999,-999,-999,"AAOT",45.3139,12.5083,10,1011,-90,40,"lev20","16:03:2026"
"AAOT","04:07:2025","10:53:33",185,185.453854,-999,-999,22.789262,22.797651,-999,22.80615,22.815337,-999,22.824064,-999,-999,-999,-999,22.833495,22.842449,22.852122,-999,-999,-999,22.861304,22.871219,-999,22.881259,-999,-999,-999,-999,-999,-999,-999,169.045119,168.898071,-999,168.751117,168.59447,-999,168.447713,-999,-999,-999,-999,168.29128,168.144726,167.988511,-999,-999,-999,167.842163,167.686171,-999,167.530297,-999,-999,-999,-999,-999,-999,-999,0.793629,0.926806,-999,1.020216,1.159288,-999,0.994283,-999,-999,-999,-999,0.687599,0.203127,0.148876,-999,-999,-999,0.062108,0.038699,-999,0.021799,-999,-999,-999,-999,-999,-999,-999,0.019215,0.015347,-999,0.018206,0.011509,-999,0.007235,-999,-999,-999,-999,0.008867,0.006854,0.003993,-999,-999,-999,0.002991,0.001886,-999,0.00324,-999,-999,-999,-999,-999,-999,-999,0.767973,0.909538,-999,0.995009,1.141795,-999,0.986545,-999,-999,-999,-999,0.673353,0.195033,0.143618,-999,-999,-999,0.057998,0.036279,-999,0.017977,-999,-999,-999,-999,-999,-999,-999,11.135355,12.247802,-999,11.362003,9.403601,-999,8.527115,-999,-999,-999,-999,6.495985,4.61476,3.722043,-999,-999,-999,2.077374,1.333241,-999,0.736969,-999,-999,-999,-999,-999,-999,-999,0.004405,0.007025,-999,0.009384,0.000764,-999,0.005587,-999,-999,-999,-999,0.004817,0.000901,0.003097,-999,-999,-999,0.003077,0.000315,-999,0.00363,-999,-999,-999,-999,-999,-999,-999,0.026889,0.026889,-999,0.026889,0.026889,-999,0.026889,-999,-999,-999,-999,0.026889,0.026889,0.026889,-999,-999,-999,0.026889,0.026889,-999,0.026889,-999,-999,-999,-999,-999,-999,-999,0.288739,0.276214,-999,0.248048,0.21141,-999,0.200032,-999,-999,-999,-999,0.164452,0.134259,0.126992,-999,-999,-999,0.100778,0.090442,-999,0.074845,-999,-999,-999,-999,-999,-999,-999,0,0,-999,0,0.00704,-999,0.013857,-999,-999,-999,-999,0.034821,0.036015,0.016603,-999,-999,-999,0,0,-999,0,-999,-999,-999,-999,-999,-999,-999,0.362727,0.319135,-999,0.238363,0.156497,-999,0.132898,-999,-999,-999,-999,0.090772,0.059944,0.045101,-999,-999,-999,0.023758,0.015561,-999,0.008023,-999,-999,-999,-999,-999,-999,-999,0.004265,0.004162,-999,0.003361,0.002041,-999,0.001507,-999,-999,-999,-999,0.000507,0.000197,0.000054,-999,-999,-999,0,0,-999,0,-999,-999,-999,-999,-999,-999,-999,0,0,-999,0,0,-999,0,-999,-999,-999,-999,0,0,0,-999,-999,-999,0,0,-999,0.007991,-999,-999,-999,-999,-999,335.515607,0.261789,3.348797,0.243314,2.454983,1018.531899,-999,-999,0.468553,0.580206,-999,0.689494,0.88894,-999,0.757259,-999,-999,-999,-999,0.498681,0.070946,0.043536,-999,-999,-999,0.002139,0.000429,-999,-0.00184,-999,-999,-999,-999,-999,-999,-999,0.462256,0.571661,-999,0.676635,0.866501,-999,0.740521,-999,-999,-999,-999,0.489149,0.070182,0.042984,-999,-999,-999,0.002139,0.000429,-999,-0.00184,-999,-999,-999,-999,-999,-999,-999,0.681254,0.821286,-999,0.927231,1.141406,-999,0.964193,-999,-999,-999,-999,0.629766,0.08768,0.052173,-999,-999,-999,0.002477,0.000494,-999,-0.00212,-999,-999,-999,-999,-999,-999,-999,0.674098,0.811225,-999,0.91079,1.110992,-999,0.941991,-999,-999,-999,-999,0.616963,0.086711,0.051457,-999,-999,-999,0.002477,0.000494,-999,-0.00212,-999,-999,-999,-999,-999,-999,-999,0.658765,0.791795,-999,0.889174,1.084832,-999,0.916418,-999,-999,-999,-999,0.598366,0.083911,0.049773,-999,-999,-999,0.002477,0.000494,-999,-0.00212,-999,-999,-999,-999,-999,11,-999,-999,0.399829,0.412333,-999,0.442436,0.490041,-999,0.50997,-999,-999,-999,-999,0.559823,0.619891,0.664896,-999,-999,-999,0.779004,0.865115,-999,1.019796,-999,-999,-999,-999,-999,"AAOT",45.3139,12.5083,10,1011,-90,40,"lev20","16:03:2026"
"AAOT","04:07:2025","10:58:39",185,185.457396,-999,-999,22.642476,22.648583,-999,22.655221,22.661561,-999,22.668013,-999,-999,-999,-999,22.67502,22.681705,22.688959,-999,-999,-999,22.695877,22.703378,-999,22.711008,-999,-999,-999,-999,-999,-999,-999,172.063517,171.914807,-999,171.75626,171.607695,-999,171.459203,-999,-999,-999,-999,171.300893,171.152555,170.994411,-999,-999,-999,170.846231,170.688259,-999,170.530378,-999,-999,-999,-999,-999,-999,-999,0.791671,0.931169,-999,1.018709,1.158769,-999,0.995242,-999,-999,-999,-999,0.68942,0.201988,0.14724,-999,-999,-999,0.062191,0.038929,-999,0.021492,-999,-999,-999,-999,-999,-999,-999,0.009192,0.015085,-999,0.01491,0.009084,-999,0.006777,-999,-999,-999,-999,0.007231,0.005029,0.006898,-999,-999,-999,0.003025,0.002385,-999,0.001645,-999,-999,-999,-999,-999,-999,-999,0.780478,0.91428,-999,0.998388,1.14693,-999,0.983584,-999,-999,-999,-999,0.682213,0.196085,0.139075,-999,-999,-999,0.058455,0.036046,-999,0.019454,-999,-999,-999,-999,-999,-999,-999,11.055969,12.158091,-999,11.272957,9.33293,-999,8.465354,-999,-999,-999,-999,6.463339,4.582537,3.696691,-999,-999,-999,2.058828,1.31762,-999,0.730847,-999,-999,-999,-999,-999,-999,-999,0.003511,0.008706,-999,0.009986,0.001868,-999,0.005966,-999,-999,-999,-999,0.000496,0.001611,0.003727,-999,-999,-999,0.00124,0.001204,-999,0.001797,-999,-999,-999,-999,-999,-999,-999,0.026861,0.026861,-999,0.026861,0.026861,-999,0.026861,-999,-999,-999,-999,0.026861,0.026861,0.026861,-999,-999,-999,0.026861,0.026861,-999,0.026861,-999,-999,-999,-999,-999,-999,-999,0.282402,0.270116,-999,0.242592,0.207043,-999,0.195815,-999,-999,-999,-999,0.161806,0.131395,0.124498,-999,-999,-999,0.098852,0.088916,-999,0.073574,-999,-999,-999,-999,-999,-999,-999,0,0,-999,0,0.00704,-999,0.013857,-999,-999,-999,-999,0.034821,0.036015,0.016603,-999,-999,-999,0,0,-999,0,-999,-999,-999,-999,-999,-999,-999,0.362722,0.31913,-999,0.23836,0.156495,-999,0.132896,-999,-999,-999,-999,0.090771,0.059943,0.0451,-999,-999,-999,0.023757,0.015561,-999,0.008023,-999,-999,-999,-999,-999,-999,-999,0.004265,0.004162,-999,0.003361,0.002041,-999,0.001507,-999,-999,-999,-999,0.000507,0.000197,0.000054,-999,-999,-999,0,0,-999,0,-999,-999,-999,-999,-999,-999,-999,0,0,-999,0,0,-999,0,-999,-999,-999,-999,0,0,0,-999,-999,-999,0,0,-999,0.007947,-999,-999,-999,-999,-999,335.513593,0.261786,3.329457,0.254394,2.437912,1018.518031,-999,-999,0.483504,0.587702,-999,0.695586,0.896239,-999,0.756196,-999,-999,-999,-999,0.508602,0.072993,0.039778,-999,-999,-999,0.003153,0.000653,-999,-0.000177,-999,-999,-999,-999,-999,-999,-999,0.476908,0.578915,-999,0.682359,0.873025,-999,0.738882,-999,-999,-999,-999,0.498433,0.072154,0.039246,-999,-999,-999,0.003153,0.000653,-999,-0.000177,-999,-999,-999,-999,-999,-999,-999,0.70127,0.829901,-999,0.93332,1.148438,-999,0.960899,-999,-999,-999,-999,0.641167,0.09005,0.047589,-999,-999,-999,0.003644,0.00075,-999,-0.000204,-999,-999,-999,-999,-999,-999,-999,0.69366,0.819421,-999,0.916258,1.116789,-999,0.937722,-999,-999,-999,-999,0.627364,0.088962,0.046888,-999,-999,-999,0.003644,0.00075,-999,-0.000204,-999,-999,-999,-999,-999,-999,-999,0.677583,0.799663,-999,0.894582,1.091045,-999,0.913032,-999,-999,-999,-999,0.608915,0.086154,0.045401,-999,-999,-999,0.003644,0.00075,-999,-0.000204,-999,-999,-999,-999,-999,11,-999,-999,0.399829,0.412333,-999,0.442436,0.490041,-999,0.50997,-999,-999,-999,-999,0.559823,0.619891,0.664896,-999,-999,-999,0.779004,0.865115,-999,1.019796,-999,-999,-999,-999,-999,"AAOT",45.3139,12.5083,10,1011,-90,40,"lev20","16:03:2026"
"AAOT","04:07:2025","11:24:03",185,185.475035,-999,-999,22.619355,22.613811,-999,22.60838,22.602711,-999,22.597515,-999,-999,-999,-999,22.592097,22.587135,22.581969,-999,-999,-999,22.577242,22.572326,-999,22.567541,-999,-999,-999,-999,-999,-999,-999,187.304549,187.155508,-999,187.006404,186.847293,-999,186.698065,-999,-999,-999,-999,186.538823,186.389474,186.230108,-999,-999,-999,186.080645,185.921159,-999,185.761613,-999,-999,-999,-999,-999,-999,-999,0.7813,0.917013,-999,0.997686,1.13772,-999,0.974779,-999,-999,-999,-999,0.681079,0.199278,0.153799,-999,-999,-999,0.060551,0.037876,-999,0.020711,-999,-999,-999,-999,-999,-999,-999,0.008431,0.015165,-999,0.008902,0.008227,-999,0.012508,-999,-999,-999,-999,0.007167,0.005999,0.007845,-999,-999,-999,0.003499,0.002372,-999,0.002149,-999,-999,-999,-999,-999,-999,-999,0.769801,0.896357,-999,0.98471,1.126261,-999,0.95527,-999,-999,-999,-999,0.672619,0.190963,0.144118,-999,-999,-999,0.055791,0.033982,-999,0.017977,-999,-999,-999,-999,-999,-999,-999,10.831469,11.887065,-999,10.965645,9.00092,-999,8.135658,-999,-999,-999,-999,6.160368,4.353863,3.499566,-999,-999,-999,1.956482,1.257378,-999,0.702938,-999,-999,-999,-999,-999,-999,-999,0.005668,0.001328,-999,0.008528,0.002948,-999,0.004801,-999,-999,-999,-999,0.001635,0.002413,0.003044,-999,-999,-999,0.003137,0.000466,-999,0.000347,-999,-999,-999,-999,-999,-999,-999,0.026724,0.026724,-999,0.026724,0.026724,-999,0.026724,-999,-999,-999,-999,0.026724,0.026724,0.026724,-999,-999,-999,0.026724,0.026724,-999,0.026724,-999,-999,-999,-999,-999,-999,-999,0.262821,0.251172,-999,0.226059,0.193218,-999,0.182876,-999,-999,-999,-999,0.153308,0.122665,0.116746,-999,-999,-999,0.093559,0.084649,-999,0.069881,-999,-999,-999,-999,-999,-999,-999,0,0,-999,0,0.00704,-999,0.013857,-999,-999,-999,-999,0.034821,0.036014,0.016603,-999,-999,-999,0,0,-999,0,-999,-999,-999,-999,-999,-999,-999,0.362696,0.319107,-999,0.238343,0.156484,-999,0.132886,-999,-999,-999,-999,0.090764,0.059939,0.045097,-999,-999,-999,0.023756,0.01556,-999,0.008022,-999,-999,-999,-999,-999,-999,-999,0.004264,0.004162,-999,0.00336,0.002041,-999,0.001507,-999,-999,-999,-999,0.000507,0.000197,0.000054,-999,-999,-999,0,0,-999,0,-999,-999,-999,-999,-999,-999,-999,0,0,-999,0,0,-999,0,-999,-999,-999,-999,0,0,0,-999,-999,-999,0,0,-999,0.007804,-999,-999,-999,-999,-999,335.502838,0.261772,3.26613,0.265406,2.352894,1018.443993,-999,-999,0.480346,0.578693,-999,0.691669,0.885725,-999,0.737856,-999,-999,-999,-999,0.507992,0.074613,0.050597,-999,-999,-999,0.003507,0.000381,-999,-0.000808,-999,-999,-999,-999,-999,-999,-999,0.473695,0.569913,-999,0.678278,0.862235,-999,0.720414,-999,-999,-999,-999,0.49742,0.073705,0.049888,-999,-999,-999,0.003507,0.000381,-999,-0.000808,-999,-999,-999,-999,-999,-999,-999,0.694172,0.814236,-999,0.925027,1.131693,-999,0.934949,-999,-999,-999,-999,0.639022,0.091838,0.060401,-999,-999,-999,0.004046,0.000437,-999,-0.000928,-999,-999,-999,-999,-999,-999,-999,0.686425,0.80368,-999,0.907646,1.099516,-999,0.91143,-999,-999,-999,-999,0.624543,0.090642,0.059456,-999,-999,-999,0.004046,0.000437,-999,-0.000928,-999,-999,-999,-999,-999,-999,-999,0.670799,0.784751,-999,0.886722,1.075349,-999,0.888683,-999,-999,-999,-999,0.606899,0.087862,0.0576,-999,-999,-999,0.004046,0.000437,-999,-0.000928,-999,-999,-999,-999,-999,11,-999,-999,0.399829,0.412333,-999,0.442436,0.490041,-999,0.50997,-999,-999,-999,-999,0.559823,0.619891,0.664896,-999,-999,-999,0.779004,0.865115,-999,1.019796,-999,-999,-999,-999,-999,"AAOT",45.3139,12.5083,10,1011,-90,40,"lev20","16:03:2026"
"AAOT","04:07:2025","11:28:50",185,185.478356,-999,-999,22.747677,22.739464,-999,22.731879,22.723912,-999,22.716558,-999,-999,-999,-999,22.709316,22.701715,22.694704,-999,-999,-999,22.68735,22.680571,-999,22.673025,-999,-999,-999,-999,-999,-999,-999,190.152334,189.994886,-999,189.847191,189.689555,-999,189.541687,-999,-999,-999,-999,189.393736,189.235832,189.087716,-999,-999,-999,188.929638,188.781361,-999,188.613222,-999,-999,-999,-999,-999,-999,-999,0.779097,0.91503,-999,1.000642,1.137582,-999,0.974467,-999,-999,-999,-999,0.675522,0.196143,0.143845,-999,-999,-999,0.058946,0.036121,-999,0.019163,-999,-999,-999,-999,-999,-999,-999,0.018794,0.010264,-999,0.00959,0.015095,-999,0.00515,-999,-999,-999,-999,0.00549,0.004622,0.006947,-999,-999,-999,0.003656,0.000989,-999,0.001255,-999,-999,-999,-999,-999,-999,-999,0.756143,0.897874,-999,0.986641,1.122457,-999,0.966643,-999,-999,-999,-999,0.668372,0.190323,0.133759,-999,-999,-999,0.053774,0.034648,-999,0.017555,-999,-999,-999,-999,-999,-999,-999,10.766446,11.801716,-999,10.870269,8.891363,-999,8.033815,-999,-999,-999,-999,6.072497,4.274631,3.437715,-999,-999,-999,1.917132,1.233081,-999,0.688632,-999,-999,-999,-999,-999,-999,-999,0.002987,0.002331,-999,0.000322,0.00165,-999,0.00094,-999,-999,-999,-999,0.002619,0.002178,0.005014,-999,-999,-999,0.000304,0.001867,-999,0.000226,-999,-999,-999,-999,-999,-999,-999,0.026698,0.026698,-999,0.026698,0.026698,-999,0.026698,-999,-999,-999,-999,0.026698,0.026698,0.026698,-999,-999,-999,0.026698,0.026698,-999,0.026698,-999,-999,-999,-999,-999,-999,-999,0.261677,0.249996,-999,0.22503,0.192232,-999,0.181956,-999,-999,-999,-999,0.152517,0.122038,0.116092,-999,-999,-999,0.093068,0.084253,-999,0.069538,-999,-999,-999,-999,-999,-999,-999,0,0,-999,0,0.007039,-999,0.013857,-999,-999,-999,-999,0.03482,0.036014,0.016603,-999,-999,-999,0,0,-999,0,-999,-999,-999,-999,-999,-999,-999,0.362691,0.319103,-999,0.23834,0.156481,-999,0.132884,-999,-999,-999,-999,0.090763,0.059938,0.045096,-999,-999,-999,0.023755,0.015559,-999,0.008022,-999,-999,-999,-999,-999,-999,-999,0.004264,0.004162,-999,0.00336,0.002041,-999,0.001507,-999,-999,-999,-999,0.000507,0.000197,0.000054,-999,-999,-999,0,0,-999,0,-999,-999,-999,-999,-999,-999,-999,0,0,-999,0,0,-999,0,-999,-999,-999,-999,0,0,0,-999,-999,-999,0,0,-999,0.007794,-999,-999,-999,-999,-999,335.500838,0.261769,3.261458,0.262745,2.336883,1018.430222,-999,-999,0.468698,0.58279,-999,0.696425,0.885074,-999,0.752155,-999,-999,-999,-999,0.506248,0.076198,0.041978,-999,-999,-999,0.00259,0.001727,-999,-0.000831,-999,-999,-999,-999,-999,-999,-999,0.462205,0.573948,-999,0.682964,0.861688,-999,0.734473,-999,-999,-999,-999,0.495789,0.075281,0.041395,-999,-999,-999,0.00259,0.001727,-999,-0.000831,-999,-999,-999,-999,-999,-999,-999,0.677998,0.820755,-999,0.932207,1.131797,-999,0.953842,-999,-999,-999,-999,0.637347,0.093865,0.05015,-999,-999,-999,0.00299,0.001982,-999,-0.000954,-999,-999,-999,-999,-999,-999,-999,0.670464,0.810156,-999,0.914761,1.099772,-999,0.930023,-999,-999,-999,-999,0.623038,0.09266,0.049374,-999,-999,-999,0.00299,0.001982,-999,-0.000954,-999,-999,-999,-999,-999,-999,-999,0.655432,0.79102,-999,0.89359,1.07553,-999,0.90647,-999,-999,-999,-999,0.605359,0.089799,0.047841,-999,-999,-999,0.00299,0.001982,-999,-0.000954,-999,-999,-999,-999,-999,11,-999,-999,0.399829,0.412333,-999,0.442436,0.490041,-999,0.50997,-999,-999,-999,-999,0.559823,0.619891,0.664896,-999,-999,-999,0.779004,0.865115,-999,1.019796,-999,-999,-999,-999,-999,"AAOT",45.3139,12.5083,10,1011,-90,40,"lev20","16:03:2026"
"AAOT","04:07:2025","11:33:38",185,185.48169,-999,-999,22.917036,22.907216,-999,22.896862,22.887268,-999,22.877783,-999,-999,-999,-999,22.867786,22.858527,22.848772,-999,-999,-999,22.83974,22.830227,-999,22.820257,-999,-999,-999,-999,-999,-999,-999,192.968174,192.822432,-999,192.666857,192.520896,-999,192.37483,-999,-999,-999,-999,192.218912,192.072633,191.91649,-999,-999,-999,191.770002,191.613639,-999,191.447382,-999,-999,-999,-999,-999,-999,-999,0.775599,0.911616,-999,0.997204,1.13319,-999,0.968964,-999,-999,-999,-999,0.672595,0.197224,0.144729,-999,-999,-999,0.059645,0.036442,-999,0.019042,-999,-999,-999,-999,-999,-999,-999,0.011724,0.016105,-999,0.016636,0.006707,-999,0.012443,-999,-999,-999,-999,0.008789,0.003958,0.003438,-999,-999,-999,0.003666,0.001777,-999,0.002254,-999,-999,-999,-999,-999,-999,-999,0.761433,0.887822,-999,0.982296,1.126896,-999,0.953256,-999,-999,-999,-999,0.659092,0.192335,0.140892,-999,-999,-999,0.055068,0.03315,-999,0.015936,-999,-999,-999,-999,-999,-999,-999,10.794663,11.851536,-999,10.9149,8.939928,-999,8.042384,-999,-999,-999,-999,6.084102,4.291947,3.446287,-999,-999,-999,1.91977,1.235855,-999,0.689523,-999,-999,-999,-999,-999,-999,-999,0.001828,0.01041,-999,0.00125,0.007545,-999,0.000889,-999,-999,-999,-999,0.000737,0.001919,0.000655,-999,-999,-999,0.001406,0.000468,-999,0.000601,-999,-999,-999,-999,-999,-999,-999,0.026673,0.026673,-999,0.026673,0.026673,-999,0.026673,-999,-999,-999,-999,0.026673,0.026673,0.026673,-999,-999,-999,0.026673,0.026673,-999,0.026673,-999,-999,-999,-999,-999,-999,-999,0.26119,0.249483,-999,0.224511,0.191745,-999,0.181452,-999,-999,-999,-999,0.152064,0.121659,0.115709,-999,-999,-999,0.092765,0.083985,-999,0.069295,-999,-999,-999,-999,-999,-999,-999,0,0,-999,0,0.007039,-999,0.013857,-999,-999,-999,-999,0.03482,0.036013,0.016602,-999,-999,-999,0,0,-999,0,-999,-999,-999,-999,-999,-999,-999,0.362686,0.319098,-999,0.238336,0.156479,-999,0.132883,-999,-999,-999,-999,0.090762,0.059937,0.045096,-999,-999,-999,0.023755,0.015559,-999,0.008022,-999,-999,-999,-999,-999,-999,-999,0.004264,0.004162,-999,0.00336,0.002041,-999,0.001507,-999,-999,-999,-999,0.000507,0.000197,0.000054,-999,-999,-999,0,0,-999,0,-999,-999,-999,-999,-999,-999,-999,0,0,-999,0,0,-999,0,-999,-999,-999,-999,0,0,0,-999,-999,-999,0,0,-999,0.007792,-999,-999,-999,-999,-999,335.498838,0.261766,3.260641,0.24128,2.320817,1018.416451,-999,-999,0.473508,0.571707,-999,0.691164,0.888442,-999,0.738742,-999,-999,-999,-999,0.496811,0.077856,0.04897,-999,-999,-999,0.003862,0.000186,-999,-0.002455,-999,-999,-999,-999,-999,-999,-999,0.467198,0.563364,-999,0.678397,0.866238,-999,0.722631,-999,-999,-999,-999,0.487476,0.077041,0.048364,-999,-999,-999,0.003862,0.000186,-999,-0.002455,-999,-999,-999,-999,-999,-999,-999,0.685967,0.806292,-999,0.9264,1.137547,-999,0.937995,-999,-999,-999,-999,0.626229,0.096022,0.058569,-999,-999,-999,0.004464,0.000214,-999,-0.002825,-999,-999,-999,-999,-999,-999,-999,0.678887,0.796571,-999,0.910184,1.107572,-999,0.916727,-999,-999,-999,-999,0.61374,0.094996,0.057786,-999,-999,-999,0.004464,0.000214,-999,-0.002825,-999,-999,-999,-999,-999,-999,-999,0.663306,0.777586,-999,0.88845,1.08129,-999,0.891899,-999,-999,-999,-999,0.595076,0.091876,0.055864,-999,-999,-999,0.004464,0.000214,-999,-0.002825,-999,-999,-999,-999,-999,11,-999,-999,0.399829,0.412333,-999,0.442436,0.490041,-999,0.50997,-999,-999,-999,-999,0.559823,0.619891,0.664896,-999,-999,-999,0.779004,0.865115,-999,1.019796,-999,-999,-999,-999,-999,"AAOT",45.3139,12.5083,10,1011,-90,40,"lev20","16:03:2026"
"AAOT","04:07:2025","11:48:20",185,185.491898,-999,-999,23.679241,23.663312,-999,23.646431,23.630706,-999,23.614042,-999,-999,-999,-999,23.598523,23.583102,23.566764,-999,-999,-999,23.55155,23.535432,-999,23.519428,-999,-999,-999,-999,-999,-999,-999,201.306258,201.168429,-999,201.021238,200.883084,-999,200.735548,-999,-999,-999,-999,200.597072,200.458441,200.310398,-999,-999,-999,200.171449,200.023068,-999,199.874515,-999,-999,-999,-999,-999,-999,-999,0.762815,0.894564,-999,0.970987,1.108394,-999,0.963751,-999,-999,-999,-999,0.67964,0.205006,0.149925,-999,-999,-999,0.058794,0.037483,-999,0.019784,-999,-999,-999,-999,-999,-999,-999,0.014227,0.008339,-999,0.008967,0.009855,-999,0.009828,-999,-999,-999,-999,0.009813,0.007293,0.005872,-999,-999,-999,0.002362,0.00317,-999,0.001251,-999,-999,-999,-999,-999,-999,-999,0.742965,0.884788,-999,0.957996,1.095892,-999,0.949169,-999,-999,-999,-999,0.66811,0.19485,0.141619,-999,-999,-999,0.055372,0.033516,-999,0.017836,-999,-999,-999,-999,-999,-999,-999,10.81416,11.86962,-999,10.964468,9.007431,-999,8.141227,-999,-999,-999,-999,6.175085,4.349474,3.495053,-999,-999,-999,1.960618,1.260529,-999,0.699397,-999,-999,-999,-999,-999,-999,-999,0.006689,0.009534,-999,0.002704,0.003961,-999,0.003012,-999,-999,-999,-999,0.001888,0.003115,0.000292,-999,-999,-999,0.003615,0.000168,-999,0.000537,-999,-999,-999,-999,-999,-999,-999,0.026597,0.026597,-999,0.026597,0.026597,-999,0.026597,-999,-999,-999,-999,0.026597,0.026597,0.026597,-999,-999,-999,0.026597,0.026597,-999,0.026597,-999,-999,-999,-999,-999,-999,-999,0.262219,0.250459,-999,0.225055,0.192078,-999,0.181853,-999,-999,-999,-999,0.150599,0.122073,0.115984,-999,-999,-999,0.093023,0.084126,-999,0.06954,-999,-999,-999,-999,-999,-999,-999,0,0,-999,0,0.007039,-999,0.013856,-999,-999,-999,-999,0.034818,0.036011,0.016602,-999,-999,-999,0,0,-999,0,-999,-999,-999,-999,-999,-999,-999,0.362671,0.319085,-999,0.238326,0.156473,-999,0.132877,-999,-999,-999,-999,0.090758,0.059935,0.045094,-999,-999,-999,0.023754,0.015559,-999,0.008022,-999,-999,-999,-999,-999,-999,-999,0.004264,0.004162,-999,0.00336,0.002041,-999,0.001507,-999,-999,-999,-999,0.000507,0.000197,0.000054,-999,-999,-999,0,0,-999,0,-999,-999,-999,-999,-999,-999,-999,0,0,-999,0,0,-999,0,-999,-999,-999,-999,0,0,0,-999,-999,-999,0,0,-999,0.007798,-999,-999,-999,-999,-999,335.492683,0.261758,3.263233,0.290916,2.271613,1018.374081,-999,-999,0.455346,0.569097,-999,0.66638,0.856326,-999,0.73264,-999,-999,-999,-999,0.503874,0.079169,0.048663,-999,-999,-999,0.003227,-0.000009,-999,-0.000765,-999,-999,-999,-999,-999,-999,-999,0.448393,0.559619,-999,0.652271,0.831499,-999,0.7133,-999,-999,-999,-999,0.491911,0.078007,0.047862,-999,-999,-999,0.003227,-0.000009,-999,-0.000765,-999,-999,-999,-999,-999,-999,-999,0.664531,0.808362,-999,0.899199,1.10343,-999,0.936097,-999,-999,-999,-999,0.638859,0.09823,0.058538,-999,-999,-999,0.00375,-0.000011,-999,-0.000885,-999,-999,-999,-999,-999,-999,-999,0.656146,0.796596,-999,0.880335,1.068406,-999,0.909127,-999,-999,-999,-999,0.621875,0.096618,0.057423,-999,-999,-999,0.00375,-0.000011,-999,-0.000885,-999,-999,-999,-999,-999,-999,-999,0.64197,0.77845,-999,0.861386,1.047603,-999,0.888639,-999,-999,-999,-999,0.605919,0.093822,0.055742,-999,-999,-999,0.00375,-0.000011,-999,-0.000885,-999,-999,-999,-999,-999,11,-999,-999,0.399829,0.412333,-999,0.442436,0.490041,-999,0.50997,-999,-999,-999,-999,0.559823,0.619891,0.664896,-999,-999,-999,0.779004,0.865115,-999,1.019796,-999,-999,-999,-999,-999,"AAOT",45.3139,12.5083,10,1011,-90,40,"lev20","16:03:2026"
"AAOT","04:07:2025","11:53:08",185,185.495231,-999,-999,24.003904,23.986123,-999,23.968436,23.949675,-999,23.932185,-999,-999,-999,-999,23.913633,23.89634,23.877999,-999,-999,-999,23.860903,23.842774,-999,23.824754,-999,-999,-999,-999,-999,-999,-999,203.921137,203.786455,-999,203.651603,203.507576,-999,203.372377,-999,-999,-999,-999,203.22798,203.092435,202.947671,-999,-999,-999,202.811784,202.666656,-999,202.52134,-999,-999,-999,-999,-999,-999,-999,0.758303,0.88784,-999,0.961727,1.106377,-999,0.963633,-999,-999,-999,-999,0.680012,0.203518,0.150264,-999,-999,-999,0.060025,0.036212,-999,0.019963,-999,-999,-999,-999,-999,-999,-999,0.012865,0.021589,-999,0.01031,0.011512,-999,0.011218,-999,-999,-999,-999,0.006241,0.006612,0.005885,-999,-999,-999,0.003321,0.001543,-999,0.002503,-999,-999,-999,-999,-999,-999,-999,0.741522,0.862502,-999,0.948984,1.089806,-999,0.948458,-999,-999,-999,-999,0.672671,0.192564,0.144436,-999,-999,-999,0.054649,0.034482,-999,0.016394,-999,-999,-999,-999,-999,-999,-999,10.743494,11.808043,-999,10.898596,8.95485,-999,8.108411,-999,-999,-999,-999,6.15684,4.339291,3.496719,-999,-999,-999,1.962622,1.260684,-999,0.702657,-999,-999,-999,-999,-999,-999,-999,0.010063,0.002475,-999,0.008236,0.001529,-999,0.007109,-999,-999,-999,-999,0.015433,0.00066,0.007317,-999,-999,-999,0.000317,0.001636,-999,0.003418,-999,-999,-999,-999,-999,-999,-999,0.026572,0.026572,-999,0.026572,0.026572,-999,0.026572,-999,-999,-999,-999,0.026572,0.026572,0.026572,-999,-999,-999,0.026572,0.026572,-999,0.026572,-999,-999,-999,-999,-999,-999,-999,0.261598,0.249904,-999,0.22455,0.191593,-999,0.18143,-999,-999,-999,-999,0.149889,0.121762,0.115687,-999,-999,-999,0.092784,0.083894,-999,0.069291,-999,-999,-999,-999,-999,-999,-999,0,0,-999,0,0.007039,-999,0.013856,-999,-999,-999,-999,0.034817,0.036011,0.016601,-999,-999,-999,0,0,-999,0,-999,-999,-999,-999,-999,-999,-999,0.362666,0.319081,-999,0.238323,0.156471,-999,0.132875,-999,-999,-999,-999,0.090757,0.059934,0.045093,-999,-999,-999,0.023754,0.015558,-999,0.008022,-999,-999,-999,-999,-999,-999,-999,0.004264,0.004162,-999,0.00336,0.002041,-999,0.001507,-999,-999,-999,-999,0.000507,0.000197,0.000054,-999,-999,-999,0,0,-999,0,-999,-999,-999,-999,-999,-999,-999,0,0,-999,0,0,-999,0,-999,-999,-999,-999,0,0,0,-999,-999,-999,0,0,-999,0.007794,-999,-999,-999,-999,-999,335.490683,0.261755,3.26148,0.307446,2.255547,1018.36031,-999,-999,0.456047,0.54874,-999,0.659388,0.851858,-999,0.733002,-999,-999,-999,-999,0.509072,0.07726,0.051521,-999,-999,-999,0.002498,0.000983,-999,-0.002277,-999,-999,-999,-999,-999,-999,-999,0.44875,0.539179,-999,0.644811,0.826066,-999,0.712578,-999,-999,-999,-999,0.496176,0.07603,0.050615,-999,-999,-999,0.002498,0.000983,-999,-0.002277,-999,-999,-999,-999,-999,-999,-999,0.667577,0.781756,-999,0.892287,1.100633,-999,0.939066,-999,-999,-999,-999,0.647115,0.096109,0.062131,-999,-999,-999,0.002911,0.001138,-999,-0.00264,-999,-999,-999,-999,-999,-999,-999,0.658613,0.769694,-999,0.872546,1.063833,-999,0.910211,-999,-999,-999,-999,0.628567,0.094383,0.06086,-999,-999,-999,0.002911,0.001138,-999,-0.00264,-999,-999,-999,-999,-999,-999,-999,0.644396,0.752589,-999,0.854165,1.044118,-999,0.890678,-999,-999,-999,-999,0.613154,0.091727,0.05911,-999,-999,-999,0.002911,0.001138,-999,-0.00264,-999,-999,-999,-999,-999,11,-999,-999,0.399829,0.412333,-999,0.442436,0.490041,-999,0.50997,-999,-999,-999,-999,0.559823,0.619891,0.664896,-999,-999,-999,0.779004,0.865115,-999,1.019796,-999,-999,-999,-999,-999,"AAOT",45.3139,12.5083,10,1011,-90,40,"lev20","16:03:2026"
"AAOT","04:07:2025","11:57:56",185,185.498565,-999,-999,24.363334,24.34378,-999,24.323023,24.303656,-999,24.283098,-999,-999,-999,-999,24.263919,24.243562,24.224572,-999,-999,-999,24.205673,24.185616,-999,24.165664,-999,-999,-999,-999,-999,-999,-999,206.473595,206.34225,-999,206.201953,206.070241,-999,205.929554,-999,-999,-999,-999,205.797477,205.656401,205.52396,-999,-999,-999,205.391345,205.249695,-999,205.107848,-999,-999,-999,-999,-999,-999,-999,0.751447,0.879719,-999,0.959284,1.099783,-999,0.957515,-999,-999,-999,-999,0.681499,0.207559,0.150842,-999,-999,-999,0.058842,0.036642,-999,0.019195,-999,-999,-999,-999,-999,-999,-999,0.013571,0.007503,-999,0.009818,0.010796,-999,0.006984,-999,-999,-999,-999,0.00808,0.003546,0.004328,-999,-999,-999,0.001663,0.001846,-999,0.003724,-999,-999,-999,-999,-999,-999,-999,0.729018,0.868192,-999,0.948824,1.083719,-999,0.948162,-999,-999,-999,-999,0.672042,0.202578,0.144209,-999,-999,-999,0.056666,0.034215,-999,0.013544,-999,-999,-999,-999,-999,-999,-999,10.685654,11.74065,-999,10.83031,8.884348,-999,8.025957,-999,-999,-999,-999,6.064355,4.279265,3.440805,-999,-999,-999,1.921268,1.236387,-999,0.689664,-999,-999,-999,-999,-999,-999,-999,0.006473,0.011353,-999,0.00067,0.002996,-999,0.000362,-999,-999,-999,-999,0.00236,0.000321,0.010669,-999,-999,-999,0.003224,0.001626,-999,0.003745,-999,-999,-999,-999,-999,-999,-999,0.026547,0.026547,-999,0.026547,0.026547,-999,0.026547,-999,-999,-999,-999,0.026547,0.026547,0.026547,-999,-999,-999,0.026547,0.026547,-999,0.026547,-999,-999,-999,-999,-999,-999,-999,0.261957,0.25032,-999,0.224835,0.191722,-999,0.181615,-999,-999,-999,-999,0.149274,0.121912,0.115788,-999,-999,-999,0.092846,0.083943,-999,0.069323,-999,-999,-999,-999,-999,-999,-999,0,0,-999,0,0.007039,-999,0.013855,-999,-999,-999,-999,0.034816,0.03601,0.016601,-999,-999,-999,0,0,-999,0,-999,-999,-999,-999,-999,-999,-999,0.362661,0.319077,-999,0.23832,0.156469,-999,0.132873,-999,-999,-999,-999,0.090756,0.059933,0.045093,-999,-999,-999,0.023753,0.015558,-999,0.008021,-999,-999,-999,-999,-999,-999,-999,0.004264,0.004162,-999,0.00336,0.002041,-999,0.001507,-999,-999,-999,-999,0.000507,0.000197,0.000054,-999,-999,-999,0,0,-999,0,-999,-999,-999,-999,-999,-999,-999,0,0,-999,0,0,-999,0,-999,-999,-999,-999,0,0,0,-999,-999,-999,0,0,-999,0.007799,-999,-999,-999,-999,-999,335.488676,0.261752,3.263624,0.316728,2.23948,1018.346491,-999,-999,0.44534,0.556507,-999,0.661306,0.847862,-999,0.735093,-999,-999,-999,-999,0.511049,0.088975,0.052864,-999,-999,-999,0.005661,0.001392,-999,-0.004765,-999,-999,-999,-999,-999,-999,-999,0.437955,0.546474,-999,0.646235,0.821469,-999,0.713915,-999,-999,-999,-999,0.497579,0.087491,0.051899,-999,-999,-999,0.005661,0.001392,-999,-0.004765,-999,-999,-999,-999,-999,-999,-999,0.654257,0.795615,-999,0.897858,1.098932,-999,0.944681,-999,-999,-999,-999,0.651542,0.111012,0.063935,-999,-999,-999,0.006614,0.001616,-999,-0.005539,-999,-999,-999,-999,-999,-999,-999,0.645088,0.782837,-999,0.87729,1.060985,-999,0.914514,-999,-999,-999,-999,0.632022,0.108928,0.062582,-999,-999,-999,0.006614,0.001616,-999,-9.999,-999,-999,-999,-999,-999,-999,-999,0.631337,0.765299,-999,0.858902,1.041879,-999,0.895376,-999,-999,-999,-999,0.616919,0.105839,0.060785,-999,-999,-999,0.006614,0.001616,-999,-9.999,-999,-999,-999,-999,-999,11,-999,-999,0.399829,0.412333,-999,0.442436,0.490041,-999,0.50997,-999,-999,-999,-999,0.559823,0.619891,0.664896,-999,-999,-999,0.779004,0.865115,-999,1.019796,-999,-999,-999,-999,-999,"AAOT",45.3139,12.5083,10,1011,-90,40,"lev20","16:03:2026"
"AAOT","04:07:2025","12:24:05",185,185.516725,-999,-999,26.862508,26.83477,-999,26.805257,26.777658,-999,26.748292,-999,-999,-999,-999,26.720831,26.693438,26.664293,-999,-999,-999,26.63704,26.608045,-999,26.579128,-999,-999,-999,-999,-999,-999,-999,219.185124,219.073389,-999,218.953999,218.841876,-999,218.722071,-999,-999,-999,-999,218.609559,218.49686,218.376439,-999,-999,-999,218.263349,218.142512,-999,218.021461,-999,-999,-999,-999,-999,-999,-999,0.729534,0.854562,-999,0.925065,1.067034,-999,0.931076,-999,-999,-999,-999,0.671356,0.201497,0.14843,-999,-999,-999,0.056746,0.03548,-999,0.018345,-999,-999,-999,-999,-999,-999,-999,0.014388,0.013791,-999,0.01188,0.012147,-999,0.004203,-999,-999,-999,-999,0.005576,0.005012,0.006738,-999,-999,-999,0.003621,0.002954,-999,0.00149,-999,-999,-999,-999,-999,-999,-999,0.710069,0.839363,-999,0.908029,1.052653,-999,0.925001,-999,-999,-999,-999,0.661347,0.194942,0.139574,-999,-999,-999,0.05248,0.031087,-999,0.016288,-999,-999,-999,-999,-999,-999,-999,10.329182,11.319914,-999,10.403482,8.487077,-999,7.645517,-999,-999,-999,-999,5.759007,4.039799,3.242378,-999,-999,-999,1.815572,1.166315,-999,0.650849,-999,-999,-999,-999,-999,-999,-999,0.009524,0.005026,-999,0.001612,0.001674,-999,0.003565,-999,-999,-999,-999,0.00194,0.002794,0.00454,-999,-999,-999,0.00062,0.001233,-999,0.000452,-999,-999,-999,-999,-999,-999,-999,0.025973,0.025973,-999,0.025973,0.025973,-999,0.025973,-999,-999,-999,-999,0.025973,0.025973,0.025973,-999,-999,-999,0.025973,0.025973,-999,0.025973,-999,-999,-999,-999,-999,-999,-999,0.254714,0.243527,-999,0.218769,0.186393,-999,0.176792,-999,-999,-999,-999,0.143985,0.118681,0.112792,-999,-999,-999,0.090643,0.082014,-999,0.067936,-999,-999,-999,-999,-999,-999,-999,0,0,-999,0,0.007038,-999,0.013853,-999,-999,-999,-999,0.034811,0.036004,0.016598,-999,-999,-999,0,0,-999,0,-999,-999,-999,-999,-999,-999,-999,0.362632,0.319051,-999,0.238301,0.156456,-999,0.132863,-999,-999,-999,-999,0.090749,0.059928,0.045089,-999,-999,-999,0.023751,0.015557,-999,0.008021,-999,-999,-999,-999,-999,-999,-999,0.004264,0.004162,-999,0.00336,0.002041,-999,0.001507,-999,-999,-999,-999,0.000507,0.000197,0.000054,-999,-999,-999,0,0,-999,0,-999,-999,-999,-999,-999,-999,-999,0,0,-999,0,0,-999,0,-999,-999,-999,-999,0,0,0,-999,-999,-999,0,0,-999,0.007743,-999,-999,-999,-999,-999,335.47774,0.261737,3.239185,0.339094,2.243176,1018.264695,-999,-999,0.441792,0.545354,-999,0.637822,0.832221,-999,0.726427,-999,-999,-999,-999,0.51177,0.090017,0.055361,-999,-999,-999,0.005325,0.000794,-999,-0.000616,-999,-999,-999,-999,-999,-999,-999,0.433354,0.534113,-999,0.621495,0.803609,-999,0.702976,-999,-999,-999,-999,0.496419,0.088255,0.054204,-999,-999,-999,0.005325,0.000794,-999,-0.000616,-999,-999,-999,-999,-999,-999,-999,0.665504,0.798963,-999,0.88646,1.103142,-999,0.95455,-999,-999,-999,-999,0.66691,0.114781,0.068379,-999,-999,-999,0.006349,0.000941,-999,-0.000731,-999,-999,-999,-999,-999,-999,-999,0.65466,0.784148,-999,0.863347,1.060211,-999,0.919649,-999,-999,-999,-999,0.643655,0.112222,0.066708,-999,-999,-999,0.006349,0.000941,-999,-0.000731,-999,-999,-999,-999,-999,-999,-999,0.640199,0.766176,-999,0.845408,1.042181,-999,0.901399,-999,-999,-999,-999,0.628985,0.109002,0.064746,-999,-999,-999,0.006349,0.000941,-999,-0.000731,-999,-999,-999,-999,-999,11,-999,-999,0.399829,0.412333,-999,0.442436,0.490041,-999,0.50997,-999,-999,-999,-999,0.559823,0.619891,0.664896,-999,-999,-999,0.779004,0.865115,-999,1.019796,-999,-999,-999,-999,-999,"AAOT",45.3139,12.5083,10,1011,-90,40,"lev20","16:03:2026"
"AAOT","07:07:2025","09:48:47",188,188.408877,-999,-999,28.440316,28.470712,-999,28.503197,28.533711,-999,28.566321,-999,-999,-999,-999,28.59695,28.629684,28.66043,-999,-999,-999,28.693286,28.724147,-999,28.757125,-999,-999,-999,-999,-999,-999,-999,136.240794,136.137847,-999,136.028229,135.925642,-999,135.816408,-999,-999,-999,-999,135.714182,135.605331,135.503463,-999,-999,-999,135.394995,135.293485,-999,135.185397,-999,-999,-999,-999,-999,-999,-999,0.692044,0.828269,-999,0.901117,1.051494,-999,0.993765,-999,-999,-999,-999,0.766762,0.228323,0.162178,-999,-999,-999,0.059882,0.031475,-999,0.016471,-999,-999,-999,-999,-999,-999,-999,0.017441,0.036855,-999,0.024841,0.02823,-999,0.012969,-999,-999,-999,-999,0.013589,0.010657,0.008674,-999,-999,-999,0.01312,0.00463,-999,0.0019,-999,-999,-999,-999,-999,-999,-999,0.669534,0.785928,-999,0.868645,1.010967,-999,0.977028,-999,-999,-999,-999,0.748577,0.216346,0.149572,-999,-999,-999,0.047915,0.026561,-999,0.014178,-999,-999,-999,-999,-999,-999,-999,8.786034,9.541847,-999,8.623469,6.955482,-999,6.26181,-999,-999,-999,-999,4.73454,3.346292,2.722339,-999,-999,-999,1.544202,0.983396,-999,0.510505,-999,-999,-999,-999,-999,-999,-999,0.001469,0.000579,-999,0.000761,0.003114,-999,0.000752,-999,-999,-999,-999,0.000277,0.00033,0.000864,-999,-999,-999,0.000691,0.000482,-999,0.001568,-999,-999,-999,-999,-999,-999,-999,0.02869,0.02869,-999,0.02869,0.02869,-999,0.02869,-999,-999,-999,-999,0.02869,0.02869,0.02869,-999,-999,-999,0.02869,0.02869,-999,0.02869,-999,-999,-999,-999,-999,-999,-999,0.174838,0.169611,-999,0.156106,0.137193,-999,0.131864,-999,-999,-999,-999,0.108286,0.091511,0.08834,-999,-999,-999,0.071333,0.064729,-999,0.05304,-999,-999,-999,-999,-999,-999,-999,0,0,-999,0,0.007,-999,0.01378,-999,-999,-999,-999,0.034626,0.035813,0.01651,-999,-999,-999,0,0,-999,0,-999,-999,-999,-999,-999,-999,-999,0.357674,0.314689,-999,0.235043,0.154317,-999,0.131046,-999,-999,-999,-999,0.089508,0.059109,0.044472,-999,-999,-999,0.023427,0.015344,-999,0.007911,-999,-999,-999,-999,-999,-999,-999,0.004225,0.004123,-999,0.003329,0.002022,-999,0.001493,-999,-999,-999,-999,0.000502,0.000195,0.000053,-999,-999,-999,0,0,-999,0,-999,-999,-999,-999,-999,-999,-999,0,0,-999,0,0,-999,0,-999,-999,-999,-999,0,0,0,-999,-999,-999,0,0,-999,0.00765,-999,-999,-999,-999,-999,333.736078,0.259327,3.197825,0.657952,4.696335,1004.342273,-999,-999,0.41746,0.512169,-999,0.621234,0.811412,-999,0.797374,-999,-999,-999,-999,0.612741,0.120339,0.071467,-999,-999,-999,0.003611,-0.001653,-999,-0.000468,-999,-999,-999,-999,-999,-999,-999,0.406096,0.497184,-999,0.598907,0.772124,-999,0.758589,-999,-999,-999,-999,0.583021,0.116382,0.06916,-999,-999,-999,0.003611,-0.001653,-999,-0.000468,-999,-999,-999,-999,-999,-999,-999,0.629287,0.752138,-999,0.86771,1.084115,-999,1.057629,-999,-999,-999,-999,0.807906,0.155571,0.089562,-999,-999,-999,0.004373,-0.001991,-999,-0.000566,-999,-999,-999,-999,-999,-999,-999,0.612747,0.730102,-999,0.833491,1.021101,-999,0.995407,-999,-999,-999,-999,0.759823,0.149884,0.086427,-999,-999,-999,0.004373,-0.001991,-999,-0.000566,-999,-999,-999,-999,-999,-999,-999,0.600415,0.715367,-999,0.820292,1.015577,-999,0.988915,-999,-999,-999,-999,0.754184,0.146447,0.084159,-999,-999,-999,0.004373,-0.001991,-999,-0.000566,-999,-999,-999,-999,-999,11,-999,-999,0.399829,0.412333,-999,0.442436,0.490041,-999,0.50997,-999,-999,-999,-999,0.559823,0.619891,0.664896,-999,-999,-999,0.779004,0.865115,-999,1.019796,-999,-999,-999,-999,-999,"AAOT",45.3139,12.5083,10,1011,-90,40,"lev20","16:03:2026"
"AAOT","07:07:2025","09:53:35",188,188.412211,-999,-999,27.866061,27.897276,-999,27.926602,27.95795,-999,27.987402,-999,-999,-999,-999,28.018883,28.048458,28.080071,-999,-999,-999,28.109769,28.139526,-999,28.173323,-999,-999,-999,-999,-999,-999,-999,138.2587,138.145255,-999,138.039086,137.926036,-999,137.820236,-999,-999,-999,-999,137.70758,137.602149,137.489885,-999,-999,-999,137.384822,137.279936,-999,137.16128,-999,-999,-999,-999,-999,-999,-999,0.717755,0.840685,-999,0.923282,1.073939,-999,0.976705,-999,-999,-999,-999,0.770251,0.233128,0.177659,-999,-999,-999,0.060498,0.034949,-999,0.022938,-999,-999,-999,-999,-999,-999,-999,0.024722,0.023292,-999,0.022743,0.029694,-999,0.018571,-999,-999,-999,-999,0.017782,0.011628,0.012292,-999,-999,-999,0.004142,0.002747,-999,0.006436,-999,-999,-999,-999,-999,-999,-999,0.6881,0.812388,-999,0.890693,1.027769,-999,0.951675,-999,-999,-999,-999,0.745746,0.213785,0.159159,-999,-999,-999,0.055945,0.031021,-999,0.015445,-999,-999,-999,-999,-999,-999,-999,9.037495,9.871823,-999,9.00408,7.39622,-999,6.71038,-999,-999,-999,-999,5.09947,3.657069,3.018424,-999,-999,-999,1.702167,1.082273,-999,0.562902,-999,-999,-999,-999,-999,-999,-999,0.000588,0.00576,-999,0.000335,0.000194,-999,0.000608,-999,-999,-999,-999,0.001105,0.00211,0.001282,-999,-999,-999,0.000396,0.001222,-999,0.00083,-999,-999,-999,-999,-999,-999,-999,0.028682,0.028682,-999,0.028682,0.028682,-999,0.028682,-999,-999,-999,-999,0.028682,0.028682,0.028682,-999,-999,-999,0.028682,0.028682,-999,0.028682,-999,-999,-999,-999,-999,-999,-999,0.191208,0.18539,-999,0.170552,0.149714,-999,0.143602,-999,-999,-999,-999,0.118189,0.099719,0.095679,-999,-999,-999,0.076512,0.06893,-999,0.056013,-999,-999,-999,-999,-999,-999,-999,0,0,-999,0,0.007,-999,0.01378,-999,-999,-999,-999,0.034627,0.035814,0.016511,-999,-999,-999,0,0,-999,0,-999,-999,-999,-999,-999,-999,-999,0.357674,0.314689,-999,0.235043,0.154317,-999,0.131046,-999,-999,-999,-999,0.089508,0.059109,0.044472,-999,-999,-999,0.023427,0.015344,-999,0.007911,-999,-999,-999,-999,-999,-999,-999,0.004225,0.004123,-999,0.003329,0.002022,-999,0.001493,-999,-999,-999,-999,0.000502,0.000195,0.000053,-999,-999,-999,0,0,-999,0,-999,-999,-999,-999,-999,-999,-999,0,0,-999,0,0,-999,0,-999,-999,-999,-999,0,0,0,-999,-999,-999,0,0,-999,0.007661,-999,-999,-999,-999,-999,333.734085,0.259324,3.202761,0.606965,4.691233,1004.342092,-999,-999,0.428887,0.529244,-999,0.632437,0.815631,-999,0.759208,-999,-999,-999,-999,0.599483,0.108893,0.072584,-999,-999,-999,0.007123,-0.000021,-999,-0.000701,-999,-999,-999,-999,-999,-999,-999,0.417734,0.514439,-999,0.610656,0.777739,-999,0.723987,-999,-999,-999,-999,0.571922,0.105521,0.070364,-999,-999,-999,0.007123,-0.000021,-999,-0.000701,-999,-999,-999,-999,-999,-999,-999,0.644106,0.774349,-999,0.880091,1.085605,-999,1.003032,-999,-999,-999,-999,0.787073,0.140142,0.090556,-999,-999,-999,0.008587,-0.000025,-999,-0.000841,-999,-999,-999,-999,-999,-999,-999,0.628115,0.752885,-999,0.847143,1.025634,-999,0.947315,-999,-999,-999,-999,0.743076,0.135328,0.087541,-999,-999,-999,0.008587,-0.000025,-999,-0.000841,-999,-999,-999,-999,-999,-999,-999,0.615251,0.737288,-999,0.833088,1.01847,-999,0.939912,-999,-999,-999,-999,0.736025,0.132169,0.085206,-999,-999,-999,0.008587,-0.000025,-999,-0.000841,-999,-999,-999,-999,-999,11,-999,-999,0.399829,0.412333,-999,0.442436,0.490041,-999,0.50997,-999,-999,-999,-999,0.559823,0.619891,0.664896,-999,-999,-999,0.779004,0.865115,-999,1.019796,-999,-999,-999,-999,-999,"AAOT",45.3139,12.5083,10,1011,-90,40,"lev20","16:03:2026"
"AAOT","07:07:2025","09:58:22",188,188.415532,-999,-999,27.320025,27.34809,-999,27.378097,27.406295,-999,27.436444,-999,-999,-999,-999,27.464775,27.495065,27.523527,-999,-999,-999,27.553957,27.58255,-999,27.613119,-999,-999,-999,-999,-999,-999,-999,140.321155,140.211344,-999,140.094413,139.984979,-999,139.868451,-999,-999,-999,-999,139.759393,139.643265,139.534584,-999,-999,-999,139.418856,139.310549,-999,139.195221,-999,-999,-999,-999,-999,-999,-999,0.71898,0.848099,-999,0.93863,1.087945,-999,0.991848,-999,-999,-999,-999,0.776943,0.237735,0.175808,-999,-999,-999,0.064719,0.037593,-999,0.018147,-999,-999,-999,-999,-999,-999,-999,0.015546,0.019945,-999,0.033146,0.025501,-999,0.013335,-999,-999,-999,-999,0.010304,0.008498,0.013591,-999,-999,-999,0.003683,0.004081,-999,0.001573,-999,-999,-999,-999,-999,-999,-999,0.691467,0.827847,-999,0.895038,1.06112,-999,0.974244,-999,-999,-999,-999,0.763206,0.227321,0.157296,-999,-999,-999,0.058266,0.032585,-999,0.016078,-999,-999,-999,-999,-999,-999,-999,9.321663,10.188522,-999,9.36436,7.741642,-999,7.052721,-999,-999,-999,-999,5.437345,3.916355,3.187926,-999,-999,-999,1.829279,1.171586,-999,0.60064,-999,-999,-999,-999,-999,-999,-999,0.001724,0.006413,-999,0.003453,0.002727,-999,0.004502,-999,-999,-999,-999,0.000727,0.001664,0.000915,-999,-999,-999,0.001007,0.000367,-999,0.000347,-999,-999,-999,-999,-999,-999,-999,0.028674,0.028674,-999,0.028674,0.028674,-999,0.028674,-999,-999,-999,-999,0.028674,0.028674,0.028674,-999,-999,-999,0.028674,0.028674,-999,0.028674,-999,-999,-999,-999,-999,-999,-999,0.203745,0.197511,-999,0.181618,0.15925,-999,0.152583,-999,-999,-999,-999,0.125749,0.105883,0.10106,-999,-999,-999,0.080318,0.071868,-999,0.05804,-999,-999,-999,-999,-999,-999,-999,0,0,-999,0,0.007001,-999,0.01378,-999,-999,-999,-999,0.034628,0.035815,0.016511,-999,-999,-999,0,0,-999,0,-999,-999,-999,-999,-999,-999,-999,0.357674,0.314688,-999,0.235043,0.154317,-999,0.131046,-999,-999,-999,-999,0.089508,0.059109,0.044472,-999,-999,-999,0.023427,0.015344,-999,0.007911,-999,-999,-999,-999,-999,-999,-999,0.004224,0.004123,-999,0.003329,0.002022,-999,0.001493,-999,-999,-999,-999,0.000502,0.000195,0.000053,-999,-999,-999,0,0,-999,0,-999,-999,-999,-999,-999,-999,-999,0,0,-999,0,0,-999,0,-999,-999,-999,-999,0,0,0,-999,-999,-999,0,0,-999,0.007662,-999,-999,-999,-999,-999,333.732077,0.259321,3.203109,0.579036,4.686149,1004.341909,-999,-999,0.42418,0.535704,-999,0.626527,0.839138,-999,0.772016,-999,-999,-999,-999,0.607297,0.115024,0.065886,-999,-999,-999,0.005814,-0.001008,-999,-0.001145,-999,-999,-999,-999,-999,-999,-999,0.413492,0.521171,-999,0.605555,0.801181,-999,0.737265,-999,-999,-999,-999,0.580305,0.1116,0.063941,-999,-999,-999,0.005814,-0.001008,-999,-0.001145,-999,-999,-999,-999,-999,-999,-999,0.634518,0.78071,-999,0.868483,1.112459,-999,1.015843,-999,-999,-999,-999,0.793911,0.147376,0.081833,-999,-999,-999,0.006976,-0.001203,-999,-0.001368,-999,-999,-999,-999,-999,-999,-999,0.619345,0.759851,-999,0.837078,1.05305,-999,0.961501,-999,-999,-999,-999,0.75132,0.142524,0.079205,-999,-999,-999,0.006976,-0.001203,-999,-0.001368,-999,-999,-999,-999,-999,-999,-999,0.606588,0.743735,-999,0.822763,1.043979,-999,0.952369,-999,-999,-999,-999,0.742826,0.139057,0.077075,-999,-999,-999,0.006976,-0.001203,-999,-0.001368,-999,-999,-999,-999,-999,11,-999,-999,0.399829,0.412333,-999,0.442436,0.490041,-999,0.50997,-999,-999,-999,-999,0.559823,0.619891,0.664896,-999,-999,-999,0.779004,0.865115,-999,1.019796,-999,-999,-999,-999,-999,"AAOT",45.3139,12.5083,10,1011,-90,40,"lev20","16:03:2026"
"AAOT","07:07:2025","10:29:19",188,188.437025,-999,-999,24.415918,24.434278,-999,24.453963,24.472513,-999,24.491155,-999,-999,-999,-999,24.51114,24.52997,24.550156,-999,-999,-999,24.569174,24.589559,-999,24.610048,-999,-999,-999,-999,-999,-999,-999,155.336795,155.204486,-999,155.063542,154.931582,-999,154.799791,-999,-999,-999,-999,154.659401,154.527961,154.387947,-999,-999,-999,154.256861,154.117224,-999,153.977783,-999,-999,-999,-999,-999,-999,-999,0.744761,0.87462,-999,0.953319,1.099923,-999,1.021153,-999,-999,-999,-999,0.799633,0.241667,0.179014,-999,-999,-999,0.06303,0.046253,-999,0.027365,-999,-999,-999,-999,-999,-999,-999,0.014634,0.035455,-999,0.014041,0.018711,-999,0.014012,-999,-999,-999,-999,0.012664,0.005611,0.010132,-999,-999,-999,0.006707,0.006193,-999,0.004879,-999,-999,-999,-999,-999,-999,-999,0.729562,0.831451,-999,0.928272,1.075639,-999,1.003447,-999,-999,-999,-999,0.784179,0.233631,0.163157,-999,-999,-999,0.055488,0.038876,-999,0.021918,-999,-999,-999,-999,-999,-999,-999,9.705625,10.622509,-999,9.824905,8.134238,-999,7.379741,-999,-999,-999,-999,5.682661,4.12168,3.398078,-999,-999,-999,1.920973,1.222977,-999,0.627847,-999,-999,-999,-999,-999,-999,-999,0.000401,0.003291,-999,0.015784,0.000264,-999,0.004452,-999,-999,-999,-999,0.001251,0.000571,0.001454,-999,-999,-999,0.000433,0.0003,-999,0.000735,-999,-999,-999,-999,-999,-999,-999,0.032093,0.032093,-999,0.032093,0.032093,-999,0.032093,-999,-999,-999,-999,0.032093,0.032093,0.032093,-999,-999,-999,0.032093,0.032093,-999,0.032093,-999,-999,-999,-999,-999,-999,-999,0.224693,0.217444,-999,0.199406,0.174055,-999,0.166527,-999,-999,-999,-999,0.13734,0.114392,0.107912,-999,-999,-999,0.08411,0.073956,-999,0.058167,-999,-999,-999,-999,-999,-999,-999,0,0,-999,0,0.007001,-999,0.013782,-999,-999,-999,-999,0.034632,0.035819,0.016513,-999,-999,-999,0,0,-999,0,-999,-999,-999,-999,-999,-999,-999,0.357673,0.314688,-999,0.235042,0.154317,-999,0.131046,-999,-999,-999,-999,0.089508,0.059109,0.044472,-999,-999,-999,0.023427,0.015344,-999,0.007911,-999,-999,-999,-999,-999,-999,-999,0.004224,0.004123,-999,0.003329,0.002022,-999,0.001493,-999,-999,-999,-999,0.000502,0.000195,0.000053,-999,-999,-999,0,0,-999,0,-999,-999,-999,-999,-999,-999,-999,0,0,-999,0,0,-999,0,-999,-999,-999,-999,0,0,0,-999,-999,-999,0,0,-999,0.007653,-999,-999,-999,-999,-999,333.719134,0.259303,3.199338,0.615781,4.653255,1004.34073,-999,-999,0.418077,0.490541,-999,0.612959,0.814585,-999,0.766608,-999,-999,-999,-999,0.601804,0.101353,0.054102,-999,-999,-999,-0.006162,-0.000373,-999,0.001768,-999,-999,-999,-999,-999,-999,-999,0.408153,0.477954,-999,0.59332,0.778758,-999,0.732936,-999,-999,-999,-999,0.575626,0.098472,0.052588,-999,-999,-999,-0.006162,-0.000373,-999,0.001768,-999,-999,-999,-999,-999,-999,-999,0.608734,0.696083,-999,0.827913,1.05273,-999,0.983241,-999,-999,-999,-999,0.766584,0.126513,0.065489,-999,-999,-999,-0.007208,-0.000434,-999,0.002059,-999,-999,-999,-999,-999,-999,-999,0.594936,0.678474,-999,0.799582,0.999319,-999,0.933145,-999,-999,-999,-999,0.727448,0.122666,0.063575,-999,-999,-999,-9.999,-0.000434,-999,0.002059,-999,-999,-999,-999,-999,-999,-999,0.5845,0.666707,-999,0.788036,0.992869,-999,0.926141,-999,-999,-999,-999,0.720665,0.119977,0.061997,-999,-999,-999,-9.999,-0.000434,-999,0.002059,-999,-999,-999,-999,-999,11,-999,-999,0.399829,0.412333,-999,0.442436,0.490041,-999,0.50997,-999,-999,-999,-999,0.559823,0.619891,0.664896,-999,-999,-999,0.779004,0.865115,-999,1.019796,-999,-999,-999,-999,-999,"AAOT",45.3139,12.5083,10,1011,-90,40,"lev20","16:03:2026"
"AAOT","07:07:2025","10:53:39",188,188.453924,-999,-999,23.101022,23.109499,-999,23.118662,23.127365,-999,23.136768,-999,-999,-999,-999,23.145696,23.154733,23.164493,-999,-999,-999,23.173755,23.183753,-999,23.193875,-999,-999,-999,-999,-999,-999,-999,168.922118,168.776653,-999,168.621592,168.476319,-999,168.321465,-999,-999,-999,-999,168.176389,168.031409,167.876872,-999,-999,-999,167.732096,167.577779,-999,167.423576,-999,-999,-999,-999,-999,-999,-999,0.759524,0.894209,-999,0.970773,1.11627,-999,1.016447,-999,-999,-999,-999,0.787125,0.237618,0.171934,-999,-999,-999,0.091421,0.03717,-999,0.018237,-999,-999,-999,-999,-999,-999,-999,0.019783,0.010768,-999,0.013967,0.012053,-999,0.018466,-999,-999,-999,-999,0.020054,0.006993,0.006122,-999,-999,-999,0.016578,0.001528,-999,0.001602,-999,-999,-999,-999,-999,-999,-999,0.73697,0.880863,-999,0.949193,1.096246,-999,0.991956,-999,-999,-999,-999,0.761529,0.230705,0.165974,-999,-999,-999,0.070825,0.034982,-999,0.016289,-999,-999,-999,-999,-999,-999,-999,9.59481,10.496756,-999,9.606358,7.855307,-999,7.126136,-999,-999,-999,-999,5.47475,3.900807,3.138585,-999,-999,-999,1.737663,1.100557,-999,0.568344,-999,-999,-999,-999,-999,-999,-999,0.003772,0.005588,-999,0.006071,0.003168,-999,0.003114,-999,-999,-999,-999,0.002847,0.002185,0.001092,-999,-999,-999,0.000192,0.000277,-999,0.001752,-999,-999,-999,-999,-999,-999,-999,0.032014,0.032014,-999,0.032014,0.032014,-999,0.032014,-999,-999,-999,-999,0.032014,0.032014,0.032014,-999,-999,-999,0.032014,0.032014,-999,0.032014,-999,-999,-999,-999,-999,-999,-999,0.222263,0.214452,-999,0.195819,0.170132,-999,0.162419,-999,-999,-999,-999,0.13369,0.110292,0.104081,-999,-999,-999,0.080696,0.070911,-999,0.055259,-999,-999,-999,-999,-999,-999,-999,0,0,-999,0,0.007002,-999,0.013783,-999,-999,-999,-999,0.034633,0.035821,0.016514,-999,-999,-999,0,0,-999,0,-999,-999,-999,-999,-999,-999,-999,0.357673,0.314688,-999,0.235042,0.154316,-999,0.131046,-999,-999,-999,-999,0.089508,0.059109,0.044472,-999,-999,-999,0.023427,0.015344,-999,0.007911,-999,-999,-999,-999,-999,-999,-999,0.004224,0.004123,-999,0.003329,0.002022,-999,0.001493,-999,-999,-999,-999,0.000502,0.000195,0.000053,-999,-999,-999,0,0,-999,0,-999,-999,-999,-999,-999,-999,-999,0,0,-999,0,0,-999,0,-999,-999,-999,-999,0,0,0,-999,-999,-999,0,0,-999,0.007676,-999,-999,-999,-999,-999,333.708965,0.259289,3.209588,0.509376,4.627392,1004.339804,-999,-999,0.429803,0.544822,-999,0.641658,0.844768,-999,0.763821,-999,-999,-999,-999,0.586261,0.105825,0.065496,-999,-999,-999,0.015196,-0.000251,-999,-0.001906,-999,-999,-999,-999,-999,-999,-999,0.420976,0.532675,-999,0.623592,0.811818,-999,0.734584,-999,-999,-999,-999,0.56443,0.103314,0.063932,-999,-999,-999,0.015196,-0.000251,-999,-0.001906,-999,-999,-999,-999,-999,-999,-999,0.617711,0.763153,-999,0.855769,1.078321,-999,0.967591,-999,-999,-999,-999,0.737617,0.130479,0.078334,-999,-999,-999,0.017569,-0.000289,-999,-0.002193,-999,-999,-999,-999,-999,-999,-999,0.605917,0.74678,-999,0.830541,1.030751,-999,0.925524,-999,-999,-999,-999,0.706002,0.127183,0.076367,-999,-999,-999,0.017569,-0.000289,-999,-0.002193,-999,-999,-999,-999,-999,-999,-999,0.594454,0.731942,-999,0.816371,1.019475,-999,0.914122,-999,-999,-999,-999,0.69568,0.124072,0.074329,-999,-999,-999,0.017569,-0.000289,-999,-0.002193,-999,-999,-999,-999,-999,11,-999,-999,0.399829,0.412333,-999,0.442436,0.490041,-999,0.50997,-999,-999,-999,-999,0.559823,0.619891,0.664896,-999,-999,-999,0.779004,0.865115,-999,1.019796,-999,-999,-999,-999,-999,"AAOT",45.3139,12.5083,10,1011,-90,40,"lev20","16:03:2026"
"AAOT","07:07:2025","11:24:30",188,188.475347,-999,-999,22.91906,22.913224,-999,22.907868,22.902279,-999,22.897156,-999,-999,-999,-999,22.891815,22.886924,22.881832,-999,-999,-999,22.877174,22.872629,-999,22.867615,-999,-999,-999,-999,-999,-999,-999,187.208339,187.050959,-999,186.903354,186.745844,-999,186.598118,-999,-999,-999,-999,186.440482,186.292641,186.134885,-999,-999,-999,185.986934,185.838932,-999,185.671136,-999,-999,-999,-999,-999,-999,-999,0.78931,0.927438,-999,1.002229,1.137539,-999,1.005699,-999,-999,-999,-999,0.744188,0.222868,0.161806,-999,-999,-999,0.068026,0.040728,-999,0.020616,-999,-999,-999,-999,-999,-999,-999,0.024429,0.02315,-999,0.021655,0.02772,-999,0.020085,-999,-999,-999,-999,0.014986,0.013728,0.010694,-999,-999,-999,0.006872,0.002561,-999,0.002607,-999,-999,-999,-999,-999,-999,-999,0.765156,0.890347,-999,0.974863,1.112921,-999,0.977503,-999,-999,-999,-999,0.723358,0.208343,0.147436,-999,-999,-999,0.059066,0.03821,-999,0.016817,-999,-999,-999,-999,-999,-999,-999,10.329382,11.417394,-999,10.493971,8.806445,-999,7.977507,-999,-999,-999,-999,6.140679,4.384838,3.625132,-999,-999,-999,1.985545,1.264339,-999,0.660214,-999,-999,-999,-999,-999,-999,-999,0.007658,0.001424,-999,0.011464,0.000651,-999,0.000994,-999,-999,-999,-999,0.001236,0.000898,0.000954,-999,-999,-999,0.001066,0.002307,-999,0.001041,-999,-999,-999,-999,-999,-999,-999,0.031914,0.031914,-999,0.031914,0.031914,-999,0.031914,-999,-999,-999,-999,0.031914,0.031914,0.031914,-999,-999,-999,0.031914,0.031914,-999,0.031914,-999,-999,-999,-999,-999,-999,-999,0.255617,0.246035,-999,0.223761,0.193449,-999,0.183977,-999,-999,-999,-999,0.150481,0.123665,0.115321,-999,-999,-999,0.088308,0.076986,-999,0.059375,-999,-999,-999,-999,-999,-999,-999,0,0,-999,0,0.007002,-999,0.013782,-999,-999,-999,-999,0.034633,0.03582,0.016513,-999,-999,-999,0,0,-999,0,-999,-999,-999,-999,-999,-999,-999,0.357672,0.314687,-999,0.235042,0.154316,-999,0.131046,-999,-999,-999,-999,0.089507,0.059109,0.044472,-999,-999,-999,0.023427,0.015344,-999,0.007911,-999,-999,-999,-999,-999,-999,-999,0.004224,0.004122,-999,0.003328,0.002022,-999,0.001493,-999,-999,-999,-999,0.000502,0.000195,0.000053,-999,-999,-999,0,0,-999,0,-999,-999,-999,-999,-999,-999,-999,0,0,-999,0,0,-999,0,-999,-999,-999,-999,0,0,0,-999,-999,-999,0,0,-999,0.007819,-999,-999,-999,-999,-999,333.69605,0.259271,3.272672,0.378148,4.594604,1004.338627,-999,-999,0.435507,0.525976,-999,0.639961,0.831875,-999,0.722911,-999,-999,-999,-999,0.527386,0.068407,0.031745,-999,-999,-999,-0.004301,-0.002139,-999,-0.004253,-999,-999,-999,-999,-999,-999,-999,0.427953,0.516037,-999,0.624577,0.804191,-999,0.700105,-999,-999,-999,-999,0.511768,0.067137,0.031122,-999,-999,-999,-0.004301,-0.002139,-999,-0.004253,-999,-999,-999,-999,-999,-999,-999,0.628488,0.739494,-999,0.856092,1.06417,-999,0.917376,-999,-999,-999,-999,0.664088,0.084356,0.037957,-999,-999,-999,-0.004967,-0.002455,-999,-0.004886,-999,-999,-999,-999,-999,-999,-999,0.618834,0.726579,-999,0.835066,1.024788,-999,0.885133,-999,-999,-999,-999,0.641759,0.082652,0.037137,-999,-999,-999,-0.004967,-0.002455,-999,-0.004886,-999,-999,-999,-999,-999,-999,-999,0.607252,0.712552,-999,0.820121,1.010257,-999,0.870602,-999,-999,-999,-999,0.629273,0.080576,0.036164,-999,-999,-999,-0.004967,-0.002455,-999,-0.004886,-999,-999,-999,-999,-999,11,-999,-999,0.399829,0.412333,-999,0.442436,0.490041,-999,0.50997,-999,-999,-999,-999,0.559823,0.619891,0.664896,-999,-999,-999,0.779004,0.865115,-999,1.019796,-999,-999,-999,-999,-999,"AAOT",45.3139,12.5083,10,1011,-90,40,"lev20","16:03:2026"
"AAOT","07:07:2025","11:34:05",188,188.482002,-999,-999,23.212624,23.202277,-999,23.192689,23.182582,-999,23.173217,-999,-999,-999,-999,23.163962,23.154208,23.145177,-999,-999,-999,23.135664,23.126858,-999,23.11701,-999,-999,-999,-999,-999,-999,-999,192.806875,192.652882,-999,192.508407,192.354188,-999,192.209502,-999,-999,-999,-999,192.064717,191.910171,191.765183,-999,-999,-999,191.610422,191.465235,-999,191.300575,-999,-999,-999,-999,-999,-999,-999,0.792179,0.934507,-999,1.011622,1.13853,-999,1.006194,-999,-999,-999,-999,0.741538,0.222561,0.165846,-999,-999,-999,0.074704,0.044807,-999,0.025791,-999,-999,-999,-999,-999,-999,-999,0.019841,0.032483,-999,0.026459,0.025179,-999,0.025993,-999,-999,-999,-999,0.020567,0.012167,0.007048,-999,-999,-999,0.004371,0.004624,-999,0.005252,-999,-999,-999,-999,-999,-999,-999,0.757076,0.890821,-999,0.978564,1.107342,-999,0.982004,-999,-999,-999,-999,0.718272,0.209075,0.155206,-999,-999,-999,0.068314,0.037744,-999,0.019702,-999,-999,-999,-999,-999,-999,-999,10.366516,11.411705,-999,10.568914,8.887898,-999,8.09511,-999,-999,-999,-999,6.324998,4.622814,3.812446,-999,-999,-999,2.17794,1.397143,-999,0.708507,-999,-999,-999,-999,-999,-999,-999,0.003528,0.00893,-999,0.001633,0.005942,-999,0.002571,-999,-999,-999,-999,0.00105,0.002104,0.003473,-999,-999,-999,0.00093,0.000939,-999,0.001424,-999,-999,-999,-999,-999,-999,-999,0.031883,0.031883,-999,0.031883,0.031883,-999,0.031883,-999,-999,-999,-999,0.031883,0.031883,0.031883,-999,-999,-999,0.031883,0.031883,-999,0.031883,-999,-999,-999,-999,-999,-999,-999,0.252659,0.242896,-999,0.221268,0.191172,-999,0.181825,-999,-999,-999,-999,0.148667,0.122281,0.114082,-999,-999,-999,0.087263,0.075775,-999,0.05818,-999,-999,-999,-999,-999,-999,-999,0,0,-999,0,0.007001,-999,0.013782,-999,-999,-999,-999,0.034632,0.035819,0.016513,-999,-999,-999,0,0,-999,0,-999,-999,-999,-999,-999,-999,-999,0.357672,0.314687,-999,0.235042,0.154316,-999,0.131046,-999,-999,-999,-999,0.089507,0.059109,0.044472,-999,-999,-999,0.023427,0.015344,-999,0.007911,-999,-999,-999,-999,-999,-999,-999,0.004224,0.004122,-999,0.003328,0.002021,-999,0.001493,-999,-999,-999,-999,0.000502,0.000195,0.000053,-999,-999,-999,0,0,-999,0,-999,-999,-999,-999,-999,-999,-999,0,0,-999,0,0,-999,0,-999,-999,-999,-999,0,0,0,-999,-999,-999,0,0,-999,0.007814,-999,-999,-999,-999,-999,333.692049,0.259266,3.270323,0.364135,4.584418,1004.338263,-999,-999,0.426562,0.526985,-999,0.641598,0.823971,-999,0.72391,-999,-999,-999,-999,0.516614,0.061687,0.033654,-999,-999,-999,-0.001125,-0.0068,-999,-0.002888,-999,-999,-999,-999,-999,-999,-999,0.419259,0.517159,-999,0.626388,0.796984,-999,0.701545,-999,-999,-999,-999,0.501709,0.060571,0.033006,-999,-999,-999,-0.001125,-0.0068,-999,-0.002888,-999,-999,-999,-999,-999,-999,-999,0.616945,0.742458,-999,0.860045,1.056123,-999,0.920414,-999,-999,-999,-999,0.651783,0.076216,0.040315,-999,-999,-999,-0.001302,-0.007817,-999,-0.003323,-999,-999,-999,-999,-999,-999,-999,0.607677,0.729754,-999,0.839272,1.017654,-999,0.888745,-999,-999,-999,-999,0.630412,0.074704,0.039451,-999,-999,-999,-0.001302,-9.999,-999,-0.003323,-999,-999,-999,-999,-999,-999,-999,0.59643,0.715606,-999,0.824119,1.002992,-999,0.873665,-999,-999,-999,-999,0.617858,0.072827,0.038409,-999,-999,-999,-0.001302,-9.999,-999,-0.003323,-999,-999,-999,-999,-999,11,-999,-999,0.399829,0.412333,-999,0.442436,0.490041,-999,0.50997,-999,-999,-999,-999,0.559823,0.619891,0.664896,-999,-999,-999,0.779004,0.865115,-999,1.019796,-999,-999,-999,-999,-999,"AAOT",45.3139,12.5083,10,1011,-90,40,"lev20","16:03:2026"
"AAOT","07:07:2025","12:24:31",188,188.517025,-999,-999,27.12057,27.093039,-999,27.063745,27.036351,-999,27.007205,-999,-999,-999,-999,26.979949,26.952762,26.923836,-999,-999,-999,26.896789,26.868014,-999,26.839316,-999,-999,-999,-999,-999,-999,-999,218.834754,218.723438,-999,218.604498,218.492802,-999,218.373456,-999,-999,-999,-999,218.26138,218.149119,218.029171,-999,-999,-999,217.916529,217.796174,-999,217.675609,-999,-999,-999,-999,-999,-999,-999,0.81023,0.930232,-999,1.019742,1.140779,-999,1.022285,-999,-999,-999,-999,0.758136,0.249932,0.190554,-999,-999,-999,0.09749,0.07463,-999,0.053335,-999,-999,-999,-999,-999,-999,-999,0.031298,0.018672,-999,0.060456,0.041951,-999,0.034334,-999,-999,-999,-999,0.021291,0.015046,0.011049,-999,-999,-999,0.009201,0.026437,-999,0.010398,-999,-999,-999,-999,-999,-999,-999,0.772564,0.907324,-999,0.966817,1.098846,-999,0.985796,-999,-999,-999,-999,0.73049,0.229059,0.174606,-999,-999,-999,0.083917,0.057748,-999,0.041936,-999,-999,-999,-999,-999,-999,-999,10.910365,12.199003,-999,11.488771,9.979625,-999,9.198746,-999,-999,-999,-999,7.325064,5.516337,4.723841,-999,-999,-999,2.938181,2.051092,-999,1.162113,-999,-999,-999,-999,-999,-999,-999,0.004072,0.005723,-999,0.002602,0.000512,-999,0.002839,-999,-999,-999,-999,0.001311,0.001602,0.010715,-999,-999,-999,0.005079,0.005964,-999,0.00137,-999,-999,-999,-999,-999,-999,-999,0.028449,0.028449,-999,0.028449,0.028449,-999,0.028449,-999,-999,-999,-999,0.028449,0.028449,0.028449,-999,-999,-999,0.028449,0.028449,-999,0.028449,-999,-999,-999,-999,-999,-999,-999,0.319746,0.307759,-999,0.280314,0.2416,-999,0.229147,-999,-999,-999,-999,0.189287,0.15642,0.144114,-999,-999,-999,0.109205,0.093467,-999,0.070883,-999,-999,-999,-999,-999,-999,-999,0,0,-999,0,0.007,-999,0.013778,-999,-999,-999,-999,0.034623,0.03581,0.016509,-999,-999,-999,0,0,-999,0,-999,-999,-999,-999,-999,-999,-999,0.357645,0.314663,-999,0.235024,0.154304,-999,0.131036,-999,-999,-999,-999,0.089501,0.059104,0.044469,-999,-999,-999,0.023425,0.015343,-999,0.007911,-999,-999,-999,-999,-999,-999,-999,0.004223,0.004122,-999,0.003328,0.002021,-999,0.001492,-999,-999,-999,-999,0.000502,0.000195,0.000053,-999,-999,-999,0,0,-999,0,-999,-999,-999,-999,-999,-999,-999,0,0,-999,0,0,-999,0,-999,-999,-999,-999,0,0,0,-999,-999,-999,0,0,-999,0.007917,-999,-999,-999,-999,-999,333.670959,0.259237,3.31589,0.388009,4.545865,1004.261243,-999,-999,0.462175,0.560274,-999,0.639972,0.814935,-999,0.7241,-999,-999,-999,-999,0.522098,0.072124,0.040218,-999,-999,-999,0.000329,-0.000603,-999,0.008875,-999,-999,-999,-999,-999,-999,-999,0.452381,0.547493,-999,0.621956,0.784228,-999,0.698002,-999,-999,-999,-999,0.504268,0.070494,0.039273,-999,-999,-999,0.000329,-0.000603,-999,0.008875,-999,-999,-999,-999,-999,-999,-999,0.704329,0.830512,-999,0.899995,1.092359,-999,0.96181,-999,-999,-999,-999,0.687014,0.092756,0.050052,-999,-999,-999,0.000394,-0.000718,-999,0.01056,-999,-999,-999,-999,-999,-999,-999,0.691074,0.812903,-999,0.873714,1.04528,-999,0.922054,-999,-999,-999,-999,0.659494,0.090395,0.048709,-999,-999,-999,0.000394,-0.000718,-999,0.01056,-999,-999,-999,-999,-999,-999,-999,0.676295,0.795131,-999,0.857184,1.031018,-999,0.907194,-999,-999,-999,-999,0.647071,0.088058,0.04738,-999,-999,-999,0.000394,-0.000718,-999,0.01056,-999,-999,-999,-999,-999,11,-999,-999,0.399829,0.412333,-999,0.442436,0.490041,-999,0.50997,-999,-999,-999,-999,0.559823,0.619891,0.664896,-999,-999,-999,0.779004,0.865115,-999,1.019796,-999,-999,-999,-999,-999,"AAOT",45.3139,12.5083,10,1011,-90,40,"lev20","16:03:2026"
"AAOT","07:07:2025","12:29:17",188,188.520336,-999,-999,27.657972,27.62921,-999,27.5986,27.569968,-999,27.539496,-999,-999,-999,-999,27.510995,27.480663,27.452293,-999,-999,-999,27.422102,27.393864,-999,27.363815,-999,-999,-999,-999,-999,-999,-999,220.922206,220.814367,-999,220.699139,220.590926,-999,220.475299,-999,-999,-999,-999,220.366711,220.250684,220.14172,-999,-999,-999,220.025292,219.915952,-999,219.799122,-999,-999,-999,-999,-999,-999,-999,0.781301,0.923731,-999,1.00637,1.123337,-999,1.000389,-999,-999,-999,-999,0.748135,0.24861,0.185102,-999,-999,-999,0.094632,0.098667,-999,0.027582,-999,-999,-999,-999,-999,-999,-999,0.020765,0.042198,-999,0.028402,0.037308,-999,0.02231,-999,-999,-999,-999,0.023133,0.021586,0.022147,-999,-999,-999,0.025733,0.153613,-999,0.003066,-999,-999,-999,-999,-999,-999,-999,0.751882,0.877734,-999,0.973657,1.077416,-999,0.972409,-999,-999,-999,-999,0.714393,0.223114,0.152979,-999,-999,-999,0.068808,0.049094,-999,0.023536,-999,-999,-999,-999,-999,-999,-999,10.569633,11.697749,-999,11.193832,9.677994,-999,8.965596,-999,-999,-999,-999,7.173884,5.386465,4.425424,-999,-999,-999,2.505719,1.595385,-999,0.821135,-999,-999,-999,-999,-999,-999,-999,0.004717,0.007492,-999,0.007311,0.002931,-999,0.002844,-999,-999,-999,-999,0.00221,0.002857,0.002472,-999,-999,-999,0.002778,0.001108,-999,0.002119,-999,-999,-999,-999,-999,-999,-999,0.028446,0.028446,-999,0.028446,0.028446,-999,0.028446,-999,-999,-999,-999,0.028446,0.028446,0.028446,-999,-999,-999,0.028446,0.028446,-999,0.028446,-999,-999,-999,-999,-999,-999,-999,0.298681,0.287173,-999,0.261319,0.224867,-999,0.213456,-999,-999,-999,-999,0.175674,0.144544,0.133594,-999,-999,-999,0.101387,0.087052,-999,0.066273,-999,-999,-999,-999,-999,-999,-999,0,0,-999,0,0.006999,-999,0.013778,-999,-999,-999,-999,0.034622,0.035808,0.016508,-999,-999,-999,0,0,-999,0,-999,-999,-999,-999,-999,-999,-999,0.357639,0.314658,-999,0.23502,0.154302,-999,0.131033,-999,-999,-999,-999,0.089499,0.059103,0.044468,-999,-999,-999,0.023424,0.015343,-999,0.00791,-999,-999,-999,-999,-999,-999,-999,0.004223,0.004122,-999,0.003328,0.002021,-999,0.001492,-999,-999,-999,-999,0.000502,0.000195,0.000053,-999,-999,-999,0,0,-999,0,-999,-999,-999,-999,-999,-999,-999,0,0,-999,0,0,-999,0,-999,-999,-999,-999,0,0,0,-999,-999,-999,0,0,-999,0.007885,-999,-999,-999,-999,-999,333.668958,0.259234,3.302019,0.379583,4.543724,1004.245544,-999,-999,0.451221,0.544984,-999,0.65524,0.802118,-999,0.717376,-999,-999,-999,-999,0.510327,0.069892,0.027095,-999,-999,-999,-0.002469,0.003713,-999,0.000179,-999,-999,-999,-999,-999,-999,-999,0.44166,0.532559,-999,0.636831,0.772022,-999,0.691688,-999,-999,-999,-999,0.493053,0.068323,0.026461,-999,-999,-999,-0.002469,0.003713,-999,0.000179,-999,-999,-999,-999,-999,-999,-999,0.68927,0.809711,-999,0.923605,1.077847,-999,0.955363,-999,-999,-999,-999,0.673485,0.090163,0.033828,-999,-999,-999,-0.00297,0.004433,-999,0.000213,-999,-999,-999,-999,-999,-999,-999,0.676403,0.792655,-999,0.896725,1.031487,-999,0.916051,-999,-999,-999,-999,0.646661,0.08787,0.032915,-999,-999,-999,-0.00297,-9.999,-999,0.000213,-999,-999,-999,-999,-999,-999,-999,0.662195,0.775686,-999,0.879591,1.017722,-999,0.901359,-999,-999,-999,-999,0.634545,0.085606,0.032037,-999,-999,-999,-0.00297,-9.999,-999,0.000213,-999,-999,-999,-999,-999,11,-999,-999,0.399829,0.412333,-999,0.442436,0.490041,-999,0.50997,-999,-999,-999,-999,0.559823,0.619891,0.664896,-999,-999,-999,0.779004,0.865115,-999,1.019796,-999,-999,-999,-999,-999,"AAOT",45.3139,12.5083,10,1011,-90,40,"lev20","16:03:2026"
"AAOT","07:07:2025","12:48:48",188,188.533889,-999,-999,30.080198,30.04495,-999,30.011955,29.979008,-999,29.943917,-999,-999,-999,-999,29.91107,29.876086,29.843339,-999,-999,-999,29.808463,29.775817,-999,29.741049,-999,-999,-999,-999,-999,-999,-999,228.801033,228.700285,-999,228.605667,228.510889,-999,228.409614,-999,-999,-999,-999,228.314502,228.21287,228.117422,-999,-999,-999,228.015432,227.919647,-999,227.817297,-999,-999,-999,-999,-999,-999,-999,0.7473,0.860379,-999,0.93771,1.060072,-999,0.953539,-999,-999,-999,-999,0.707143,0.209823,0.15509,-999,-999,-999,0.07204,0.048026,-999,0.022158,-999,-999,-999,-999,-999,-999,-999,0.028282,0.035861,-999,0.03681,0.033544,-999,0.021506,-999,-999,-999,-999,0.016305,0.0192,0.017782,-999,-999,-999,0.015092,0.023058,-999,0.0048,-999,-999,-999,-999,-999,-999,-999,0.707054,0.805657,-999,0.895523,1.018387,-999,0.927212,-999,-999,-999,-999,0.690589,0.187536,0.132625,-999,-999,-999,0.052291,0.031321,-999,0.017274,-999,-999,-999,-999,-999,-999,-999,9.538397,10.455046,-999,9.657066,7.994252,-999,7.222535,-999,-999,-999,-999,5.547185,3.967635,3.223307,-999,-999,-999,1.811471,1.139656,-999,0.572214,-999,-999,-999,-999,-999,-999,-999,0.000962,0.001432,-999,0.001317,0.000586,-999,0.004321,-999,-999,-999,-999,0.00205,0.001307,0.000229,-999,-999,-999,0.000995,0.000635,-999,0.00159,-999,-999,-999,-999,-999,-999,-999,0.028432,0.028432,-999,0.028432,0.028432,-999,0.028432,-999,-999,-999,-999,0.028432,0.028432,0.028432,-999,-999,-999,0.028432,0.028432,-999,0.028432,-999,-999,-999,-999,-999,-999,-999,0.251022,0.240807,-999,0.218146,0.186811,-999,0.177258,-999,-999,-999,-999,0.14426,0.118193,0.110167,-999,-999,-999,0.083912,0.072802,-999,0.055926,-999,-999,-999,-999,-999,-999,-999,0,0,-999,0,0.006998,-999,0.013775,-999,-999,-999,-999,0.034615,0.035802,0.016505,-999,-999,-999,0,0,-999,0,-999,-999,-999,-999,-999,-999,-999,0.357617,0.314638,-999,0.235005,0.154292,-999,0.131025,-999,-999,-999,-999,0.089493,0.059099,0.044465,-999,-999,-999,0.023423,0.015342,-999,0.00791,-999,-999,-999,-999,-999,-999,-999,0.004223,0.004122,-999,0.003328,0.002021,-999,0.001492,-999,-999,-999,-999,0.000502,0.000195,0.000053,-999,-999,-999,0,0,-999,0,-999,-999,-999,-999,-999,-999,-999,0,0,-999,0,0,-999,0,-999,-999,-999,-999,0,0,0,-999,-999,-999,0,0,-999,0.007789,-999,-999,-999,-999,-999,333.660803,0.259223,3.259594,0.458592,4.534961,1004.181543,-999,-999,0.435859,0.5084,-999,0.620954,0.791095,-999,0.721861,-999,-999,-999,-999,0.532871,0.074729,0.04098,-999,-999,-999,0.000788,-0.001082,-999,0.001005,-999,-999,-999,-999,-999,-999,-999,0.425047,0.494895,-999,0.600856,0.757177,-999,0.691688,-999,-999,-999,-999,0.511336,0.072679,0.03984,-999,-999,-999,0.000788,-0.001082,-999,0.001005,-999,-999,-999,-999,-999,-999,-999,0.679812,0.770849,-999,0.892605,1.083814,-999,0.980183,-999,-999,-999,-999,0.717453,0.098384,0.052199,-999,-999,-999,0.000967,-0.001319,-999,0.001226,-999,-999,-999,-999,-999,-999,-999,0.664427,0.75131,-999,0.861805,1.02888,-999,0.931503,-999,-999,-999,-999,0.682245,0.095306,0.050537,-999,-999,-999,0.000967,-0.001319,-999,0.001226,-999,-999,-999,-999,-999,-999,-999,0.650336,0.735574,-999,0.846381,1.018206,-999,0.919853,-999,-999,-999,-999,0.672108,0.092918,0.049161,-999,-999,-999,0.000967,-0.001319,-999,0.001226,-999,-999,-999,-999,-999,11,-999,-999,0.399829,0.412333,-999,0.442436,0.490041,-999,0.50997,-999,-999,-999,-999,0.559823,0.619891,0.664896,-999,-999,-999,0.779004,0.865115,-999,1.019796,-999,-999,-999,-999,-999,"AAOT",45.3139,12.5083,10,1011,-90,40,"lev20","16:03:2026"
"AAOT","07:07:2025","12:58:19",188,188.540498,-999,-999,31.372054,31.337311,-999,31.300297,31.26564,-999,31.231024,-999,-999,-999,-999,31.194148,31.15962,31.122836,-999,-999,-999,31.088396,31.051707,-999,31.015067,-999,-999,-999,-999,-999,-999,-999,232.279851,232.191289,-999,232.096659,232.00779,-999,231.918772,-999,-999,-999,-999,231.823654,231.734326,231.638878,-999,-999,-999,231.549239,231.453458,-999,231.357505,-999,-999,-999,-999,-999,-999,-999,0.730089,0.867552,-999,0.926576,1.058493,-999,0.93788,-999,-999,-999,-999,0.697162,0.214022,0.162996,-999,-999,-999,0.081298,0.039457,-999,0.022996,-999,-999,-999,-999,-999,-999,-999,0.053276,0.054677,-999,0.048534,0.034464,-999,0.035714,-999,-999,-999,-999,0.032099,0.026031,0.051008,-999,-999,-999,0.051029,0.007108,-999,0.002388,-999,-999,-999,-999,-999,-999,-999,0.682235,0.790672,-999,0.873877,1.012934,-999,0.905769,-999,-999,-999,-999,0.672552,0.181957,0.132397,-999,-999,-999,0.04742,0.029623,-999,0.020159,-999,-999,-999,-999,-999,-999,-999,9.213827,10.065386,-999,9.254247,7.599291,-999,6.923002,-999,-999,-999,-999,5.321306,3.825721,3.146491,-999,-999,-999,1.777523,1.120995,-999,0.567735,-999,-999,-999,-999,-999,-999,-999,0.00117,0.005332,-999,0.003326,0.005497,-999,0.002019,-999,-999,-999,-999,0.000946,0.001921,0.001122,-999,-999,-999,0.002176,0.000742,-999,0.00102,-999,-999,-999,-999,-999,-999,-999,0.028425,0.028425,-999,0.028425,0.028425,-999,0.028425,-999,-999,-999,-999,0.028425,0.028425,0.028425,-999,-999,-999,0.028425,0.028425,-999,0.028425,-999,-999,-999,-999,-999,-999,-999,0.241495,0.231513,-999,0.209553,0.179332,-999,0.170176,-999,-999,-999,-999,0.138171,0.112956,0.105413,-999,-999,-999,0.080351,0.069795,-999,0.053671,-999,-999,-999,-999,-999,-999,-999,0,0,-999,0,0.006997,-999,0.013774,-999,-999,-999,-999,0.034612,0.035798,0.016503,-999,-999,-999,0,0,-999,0,-999,-999,-999,-999,-999,-999,-999,0.357605,0.314628,-999,0.234998,0.154287,-999,0.131021,-999,-999,-999,-999,0.089491,0.059098,0.044464,-999,-999,-999,0.023422,0.015341,-999,0.00791,-999,-999,-999,-999,-999,-999,-999,0.004223,0.004122,-999,0.003328,0.002021,-999,0.001492,-999,-999,-999,-999,0.000502,0.000195,0.000053,-999,-999,-999,0,0,-999,0,-999,-999,-999,-999,-999,-999,-999,0,0,-999,0,0,-999,0,-999,-999,-999,-999,0,0,0,-999,-999,-999,0,0,-999,0.007746,-999,-999,-999,-999,-999,333.65681,0.259217,3.240429,0.416814,4.530688,1004.150199,-999,-999,0.42033,0.504561,-999,0.610823,0.796923,-999,0.708981,-999,-999,-999,-999,0.521292,0.07321,0.042958,-999,-999,-999,-0.003107,-0.002241,-999,0.004021,-999,-999,-999,-999,-999,-999,-999,0.409955,0.491247,-999,0.591279,0.763418,-999,0.680159,-999,-999,-999,-999,0.500983,0.071263,0.041788,-999,-999,-999,-0.003107,-0.002241,-999,0.004021,-999,-999,-999,-999,-999,-999,-999,0.665633,0.776477,-999,0.8906,1.106891,-999,0.975948,-999,-999,-999,-999,0.711532,0.097698,0.055442,-999,-999,-999,-0.003863,-0.002767,-999,0.004969,-999,-999,-999,-999,-999,-999,-999,0.650829,0.757097,-999,0.860243,1.051594,-999,0.928585,-999,-999,-999,-999,0.677581,0.094658,0.053654,-999,-999,-999,-0.003863,-0.002767,-999,0.004969,-999,-999,-999,-999,-999,-999,-999,0.635331,0.738885,-999,0.841947,1.035991,-999,0.912598,-999,-999,-999,-999,0.663932,0.091836,0.051943,-999,-999,-999,-0.003863,-0.002767,-999,0.004969,-999,-999,-999,-999,-999,11,-999,-999,0.399829,0.412333,-999,0.442436,0.490041,-999,0.50997,-999,-999,-999,-999,0.559823,0.619891,0.664896,-999,-999,-999,0.779004,0.865115,-999,1.019796,-999,-999,-999,-999,-999,"AAOT",45.3139,12.5083,10,1011,-90,40,"lev20","16:03:2026"
"AAOT","08:07:2025","11:49:00",189,189.492361,-999,-999,24.080886,24.064098,-999,24.04846,24.031888,-999,24.016453,-999,-999,-999,-999,24.000096,23.984864,23.969731,-999,-999,-999,23.953698,23.938769,-999,23.921969,-999,-999,-999,-999,-999,-999,-999,201.038055,200.892726,-999,200.756325,200.610664,-999,200.473952,-999,-999,-999,-999,200.327962,200.190943,200.053776,-999,-999,-999,199.907302,199.769832,-999,199.613856,-999,-999,-999,-999,-999,-999,-999,0.782443,0.943461,-999,1.092459,1.412933,-999,1.434756,-999,-999,-999,-999,1.335098,0.384802,0.245746,-999,-999,-999,0.056886,0.033678,-999,0.014988,-999,-999,-999,-999,-999,-999,-999,0.031616,0.053708,-999,0.023631,0.018325,-999,0.023447,-999,-999,-999,-999,0.023777,0.057912,0.007979,-999,-999,-999,0.006192,0.008073,-999,0.003248,-999,-999,-999,-999,-999,-999,-999,0.746035,0.899756,-999,1.063476,1.389439,-999,1.407739,-999,-999,-999,-999,1.30984,0.354039,0.23908,-999,-999,-999,0.050617,0.025762,-999,0.011469,-999,-999,-999,-999,-999,-999,-999,7.541994,8.087216,-999,7.133937,5.579568,-999,4.997291,-999,-999,-999,-999,3.718195,2.615855,2.132422,-999,-999,-999,1.224278,0.769963,-999,0.376306,-999,-999,-999,-999,-999,-999,-999,0.008401,0.003917,-999,0.004972,0.000957,-999,0.002026,-999,-999,-999,-999,0.000337,0.003724,0.000378,-999,-999,-999,0.000439,0.000693,-999,0.000366,-999,-999,-999,-999,-999,-999,-999,0.031387,0.031387,-999,0.031387,0.031387,-999,0.031387,-999,-999,-999,-999,0.031387,0.031387,0.031387,-999,-999,-999,0.031387,0.031387,-999,0.031387,-999,-999,-999,-999,-999,-999,-999,0.092784,0.091298,-999,0.085621,0.078799,-999,0.077095,-999,-999,-999,-999,0.064396,0.054313,0.052011,-999,-999,-999,0.039234,0.034757,-999,0.026218,-999,-999,-999,-999,-999,-999,-999,0,0,-999,0,0.006988,-999,0.013756,-999,-999,-999,-999,0.034567,0.035752,0.016482,-999,-999,-999,0,0,-999,0,-999,-999,-999,-999,-999,-999,-999,0.358442,0.315365,-999,0.235547,0.154648,-999,0.131328,-999,-999,-999,-999,0.0897,0.059236,0.044568,-999,-999,-999,0.023477,0.015377,-999,0.007928,-999,-999,-999,-999,-999,-999,-999,0.00421,0.004109,-999,0.003317,0.002015,-999,0.001488,-999,-999,-999,-999,0.0005,0.000195,0.000053,-999,-999,-999,0,0,-999,0,-999,-999,-999,-999,-999,-999,-999,0,0,-999,0,0,-999,0,-999,-999,-999,-999,0,0,0,-999,-999,-999,0,0,-999,0.005507,-999,-999,-999,-999,-999,333.083614,0.258424,2.249074,1.342172,4.418078,1006.499671,-999,-999,0.509315,0.645924,-999,0.839564,1.214314,-999,1.25089,-999,-999,-999,-999,1.193137,0.271935,0.17215,-999,-999,-999,0.012191,0.001596,-999,-0.000342,-999,-999,-999,-999,-999,-999,-999,0.492845,0.623524,-999,0.803926,1.143949,-999,1.175337,-999,-999,-999,-999,1.117555,0.260285,0.165366,-999,-999,-999,0.012191,0.001596,-999,-0.000342,-999,-999,-999,-999,-999,-999,-999,0.722538,0.893655,-999,1.107725,1.537536,-999,1.572995,-999,-999,-999,-999,1.493844,0.334306,0.205354,-999,-999,-999,0.014078,0.001832,-999,-0.000393,-999,-999,-999,-999,-999,-999,-999,0.698102,0.860575,-999,1.054804,1.43126,-999,1.458845,-999,-999,-999,-999,1.37916,0.318462,0.196805,-999,-999,-999,0.014078,0.001832,-999,-0.000393,-999,-999,-999,-999,-999,-999,-999,0.679665,0.838149,-999,1.033597,1.423607,-999,1.45443,-999,-999,-999,-999,1.378505,0.312702,0.192302,-999,-999,-999,0.014078,0.001832,-999,-0.000393,-999,-999,-999,-999,-999,11,-999,-999,0.399829,0.412333,-999,0.442436,0.490041,-999,0.50997,-999,-999,-999,-999,0.559823,0.619891,0.664896,-999,-999,-999,0.779004,0.865115,-999,1.019796,-999,-999,-999,-999,-999,"AAOT",45.3139,12.5083,10,1011,-90,40,"lev20","16:03:2026"
"AAOT","08:07:2025","11:53:48",189,189.495694,-999,-999,24.400614,24.383043,-999,24.364403,24.347026,-999,24.328594,-999,-999,-999,-999,24.311412,24.293189,24.276202,-999,-999,-999,24.258188,24.241398,-999,24.223594,-999,-999,-999,-999,-999,-999,-999,203.614839,203.481607,-999,203.339314,203.205747,-999,203.063097,-999,-999,-999,-999,202.929198,202.786195,202.651966,-999,-999,-999,202.508612,202.374054,-999,202.230352,-999,-999,-999,-999,-999,-999,-999,0.770566,0.930545,-999,1.08905,1.408876,-999,1.437847,-999,-999,-999,-999,1.346291,0.363185,0.239427,-999,-999,-999,0.0527,0.028885,-999,0.013254,-999,-999,-999,-999,-999,-999,-999,0.026611,0.035277,-999,0.024956,0.028817,-999,0.016859,-999,-999,-999,-999,0.046724,0.012964,0.00801,-999,-999,-999,0.002647,0.002725,-999,0.001213,-999,-999,-999,-999,-999,-999,-999,0.74642,0.900894,-999,1.065327,1.373208,-999,1.415913,-999,-999,-999,-999,1.306169,0.345899,0.226449,-999,-999,-999,0.049742,0.025563,-999,0.011575,-999,-999,-999,-999,-999,-999,-999,7.477412,8.028668,-999,7.059208,5.510711,-999,4.92913,-999,-999,-999,-999,3.65947,2.569455,2.09456,-999,-999,-999,1.201342,0.753676,-999,0.36995,-999,-999,-999,-999,-999,-999,-999,0.003723,0.005941,-999,0.001277,0.001952,-999,0.001709,-999,-999,-999,-999,0.001808,0.001664,0.001769,-999,-999,-999,0.002978,0.001163,-999,0.001425,-999,-999,-999,-999,-999,-999,-999,0.031466,0.031466,-999,0.031466,0.031466,-999,0.031466,-999,-999,-999,-999,0.031466,0.031466,0.031466,-999,-999,-999,0.031466,0.031466,-999,0.031466,-999,-999,-999,-999,-999,-999,-999,0.09179,0.090318,-999,0.084973,0.078234,-999,0.076637,-999,-999,-999,-999,0.064065,0.054072,0.051785,-999,-999,-999,0.039082,0.034692,-999,0.026023,-999,-999,-999,-999,-999,-999,-999,0,0,-999,0,0.006988,-999,0.013756,-999,-999,-999,-999,0.034567,0.035751,0.016482,-999,-999,-999,0,0,-999,0,-999,-999,-999,-999,-999,-999,-999,0.358454,0.315375,-999,0.235555,0.154653,-999,0.131332,-999,-999,-999,-999,0.089703,0.059238,0.044569,-999,-999,-999,0.023478,0.015378,-999,0.007928,-999,-999,-999,-999,-999,-999,-999,0.00421,0.004109,-999,0.003317,0.002015,-999,0.001488,-999,-999,-999,-999,0.0005,0.000195,0.000053,-999,-999,-999,0,0,-999,0,-999,-999,-999,-999,-999,-999,-999,0,0,-999,0,0,-999,0,-999,-999,-999,-999,0,0,0,-999,-999,-999,0,0,-999,0.005531,-999,-999,-999,-999,-999,333.081613,0.258421,2.259769,1.376559,4.444954,1006.532921,-999,-999,0.511137,0.648266,-999,0.843203,1.199809,-999,1.260815,-999,-999,-999,-999,1.191021,0.265049,0.160542,-999,-999,-999,0.011941,0.001848,-999,-0.000066,-999,-999,-999,-999,-999,-999,-999,0.494263,0.625337,-999,0.806799,1.1293,-999,1.183534,-999,-999,-999,-999,1.114323,0.253451,0.154088,-999,-999,-999,0.011941,0.001848,-999,-0.000066,-999,-999,-999,-999,-999,-999,-999,0.727236,0.899446,-999,1.115589,1.523202,-999,1.589641,-999,-999,-999,-999,1.495115,0.326679,0.191983,-999,-999,-999,0.013822,0.002127,-999,-0.000076,-999,-999,-999,-999,-999,-999,-999,0.701995,0.86531,-999,1.061108,1.415878,-999,1.471948,-999,-999,-999,-999,1.377748,0.310732,0.183752,-999,-999,-999,0.013822,0.002127,-999,-0.000076,-999,-999,-999,-999,-999,-999,-999,0.683841,0.843268,-999,1.04051,1.410036,-999,1.46908,-999,-999,-999,-999,1.379142,0.305495,0.179772,-999,-999,-999,0.013822,0.002127,-999,-0.000076,-999,-999,-999,-999,-999,11,-999,-999,0.399829,0.412333,-999,0.442436,0.490041,-999,0.50997,-999,-999,-999,-999,0.559823,0.619891,0.664896,-999,-999,-999,0.779004,0.865115,-999,1.019796,-999,-999,-999,-999,-999,"AAOT",45.3139,12.5083,10,1011,-90,40,"lev20","16:03:2026"
"AAOT","08:07:2025","11:58:35",189,189.499016,-999,-999,24.755868,24.735253,-999,24.716019,24.695601,-999,24.676553,-999,-999,-999,-999,24.656335,24.637473,24.617454,-999,-999,-999,24.598781,24.580199,-999,24.559249,-999,-999,-999,-999,-999,-999,-999,206.140777,206.002077,-999,205.871869,205.732792,-999,205.602232,-999,-999,-999,-999,205.462781,205.331871,205.192048,-999,-999,-999,205.060789,204.929363,-999,204.78021,-999,-999,-999,-999,-999,-999,-999,0.767943,0.919268,-999,1.074522,1.395584,-999,1.426107,-999,-999,-999,-999,1.316518,0.359019,0.234511,-999,-999,-999,0.051884,0.027959,-999,0.012621,-999,-999,-999,-999,-999,-999,-999,0.018519,0.02575,-999,0.028366,0.017151,-999,0.028373,-999,-999,-999,-999,0.027676,0.011354,0.00445,-999,-999,-999,0.004152,0.00172,-999,0.001255,-999,-999,-999,-999,-999,-999,-999,0.741418,0.890841,-999,1.045371,1.372193,-999,1.396188,-999,-999,-999,-999,1.288866,0.346402,0.229266,-999,-999,-999,0.046203,0.025596,-999,0.011364,-999,-999,-999,-999,-999,-999,-999,7.40725,7.938759,-999,6.96388,5.41104,-999,4.837236,-999,-999,-999,-999,3.579037,2.502598,2.034555,-999,-999,-999,1.163766,0.729822,-999,0.358317,-999,-999,-999,-999,-999,-999,-999,0.002009,0.004932,-999,0.002835,0.001798,-999,0.003683,-999,-999,-999,-999,0.001774,0.001901,0.000262,-999,-999,-999,0.000665,0.001148,-999,0.000361,-999,-999,-999,-999,-999,-999,-999,0.031545,0.031545,-999,0.031545,0.031545,-999,0.031545,-999,-999,-999,-999,0.031545,0.031545,0.031545,-999,-999,-999,0.031545,0.031545,-999,0.031545,-999,-999,-999,-999,-999,-999,-999,0.09003,0.088739,-999,0.083879,0.077493,-999,0.07609,-999,-999,-999,-999,0.063623,0.053737,0.051437,-999,-999,-999,0.038824,0.034484,-999,0.025945,-999,-999,-999,-999,-999,-999,-999,0,0,-999,0,0.006988,-999,0.013756,-999,-999,-999,-999,0.034566,0.035751,0.016481,-999,-999,-999,0,0,-999,0,-999,-999,-999,-999,-999,-999,-999,0.358466,0.315385,-999,0.235563,0.154659,-999,0.131336,-999,-999,-999,-999,0.089706,0.05924,0.044571,-999,-999,-999,0.023479,0.015378,-999,0.007929,-999,-999,-999,-999,-999,-999,-999,0.00421,0.004109,-999,0.003317,0.002015,-999,0.001488,-999,-999,-999,-999,0.0005,0.000195,0.000053,-999,-999,-999,0,0,-999,0,-999,-999,-999,-999,-999,-999,-999,0,0,-999,0,0,-999,0,-999,-999,-999,-999,0,0,0,-999,-999,-999,0,0,-999,0.005524,-999,-999,-999,-999,-999,333.079613,0.258418,2.256672,1.328406,4.471736,1006.566171,-999,-999,0.507757,0.640414,-999,0.825696,1.201503,-999,1.243598,-999,-999,-999,-999,1.175966,0.267458,0.165086,-999,-999,-999,0.009492,0.002574,-999,0.000061,-999,-999,-999,-999,-999,-999,-999,0.491124,0.617934,-999,0.790284,1.131358,-999,1.167973,-999,-999,-999,-999,1.10104,0.255885,0.158502,-999,-999,-999,0.009492,0.002574,-999,0.000061,-999,-999,-999,-999,-999,-999,-999,0.724722,0.891311,-999,1.095755,1.529872,-999,1.57259,-999,-999,-999,-999,1.480564,0.330606,0.197969,-999,-999,-999,0.011017,0.002971,-999,0.00007,-999,-999,-999,-999,-999,-999,-999,0.69984,0.857813,-999,1.042594,1.422557,-999,1.456825,-999,-999,-999,-999,1.365334,0.314675,0.189571,-999,-999,-999,0.011017,0.002971,-999,0.00007,-999,-999,-999,-999,-999,-999,-999,0.681351,0.835529,-999,1.021943,1.415601,-999,1.452982,-999,-999,-999,-999,1.365331,0.308996,0.185253,-999,-999,-999,0.011017,0.002971,-999,0.00007,-999,-999,-999,-999,-999,11,-999,-999,0.399829,0.412333,-999,0.442436,0.490041,-999,0.50997,-999,-999,-999,-999,0.559823,0.619891,0.664896,-999,-999,-999,0.779004,0.865115,-999,1.019796,-999,-999,-999,-999,-999,"AAOT",45.3139,12.5083,10,1011,-90,40,"lev20","16:03:2026"
"AAOT","09:07:2025","12:29:41",190,190.520613,-999,-999,27.872533,27.84389,-999,27.813406,27.784893,-999,27.754548,-999,-999,-999,-999,27.726165,27.695959,27.667707,-999,-999,-999,27.639519,27.609523,-999,27.5796,-999,-999,-999,-999,-999,-999,-999,220.714036,220.606575,-999,220.491754,220.383925,-999,220.268711,-999,-999,-999,-999,220.160513,220.044905,219.936338,-999,-999,-999,219.827592,219.711398,-999,219.595001,-999,-999,-999,-999,-999,-999,-999,0.724674,0.797562,-999,0.94753,1.180772,-999,1.187062,-999,-999,-999,-999,1.059013,0.297427,0.182716,-999,-999,-999,0.050646,0.02727,-999,0.012295,-999,-999,-999,-999,-999,-999,-999,0.104373,0.053371,-999,0.09114,0.109031,-999,0.074723,-999,-999,-999,-999,0.038411,0.080928,0.008657,-999,-999,-999,0.018568,0.005085,-999,0.00647,-999,-999,-999,-999,-999,-999,-999,0.644563,0.747554,-999,0.884126,1.125691,-999,1.139409,-999,-999,-999,-999,1.028868,0.260569,0.173245,-999,-999,-999,0.03528,0.022268,-999,0.007775,-999,-999,-999,-999,-999,-999,-999,7.367967,7.895438,-999,6.902147,5.296888,-999,4.708016,-999,-999,-999,-999,3.404008,2.30646,1.82962,-999,-999,-999,0.992744,0.606786,-999,0.29096,-999,-999,-999,-999,-999,-999,-999,0.003056,0.004087,-999,0.001721,0.003696,-999,0.002534,-999,-999,-999,-999,0.00236,0.00071,0.001315,-999,-999,-999,0.000611,0.000466,-999,0.003356,-999,-999,-999,-999,-999,-999,-999,0.025586,0.025586,-999,0.025586,0.025586,-999,0.025586,-999,-999,-999,-999,0.025586,0.025586,0.025586,-999,-999,-999,0.025586,0.025586,-999,0.025586,-999,-999,-999,-999,-999,-999,-999,0.086919,0.084552,-999,0.078326,0.070057,-999,0.066834,-999,-999,-999,-999,0.053885,0.044344,0.042711,-999,-999,-999,0.032821,0.029521,-999,0.021528,-999,-999,-999,-999,-999,-999,-999,0,0,-999,0,0.006974,-999,0.013728,-999,-999,-999,-999,0.034496,0.035679,0.016448,-999,-999,-999,0,0,-999,0,-999,-999,-999,-999,-999,-999,-999,0.362085,0.31857,-999,0.237942,0.15622,-999,0.132662,-999,-999,-999,-999,0.090612,0.059838,0.045021,-999,-999,-999,0.023716,0.015533,-999,0.008009,-999,-999,-999,-999,-999,-999,-999,0.004196,0.004095,-999,0.003306,0.002008,-999,0.001483,-999,-999,-999,-999,0.000499,0.000194,0.000053,-999,-999,-999,0,0,-999,0,-999,-999,-999,-999,-999,-999,-999,0,0,-999,0,0,-999,0,-999,-999,-999,-999,0,0,0,-999,-999,-999,0,0,-999,0.003476,-999,-999,-999,-999,-999,332.464451,0.257567,1.350286,1.229202,1.0187,1016.729771,-999,-999,0.456044,0.545538,-999,0.707526,0.990163,-999,1.018948,-999,-999,-999,-999,0.941772,0.201555,0.126432,-999,-999,-999,0.00988,0.006742,-999,0.000331,-999,-999,-999,-999,-999,-999,-999,0.440417,0.525557,-999,0.676077,0.930926,-999,0.955704,-999,-999,-999,-999,0.880939,0.19256,0.121164,-999,-999,-999,0.00988,0.006742,-999,0.000331,-999,-999,-999,-999,-999,-999,-999,0.673813,0.784995,-999,0.968664,1.298021,-999,1.325512,-999,-999,-999,-999,1.21903,0.255954,0.155631,-999,-999,-999,0.011764,0.007983,-999,0.000391,-999,-999,-999,-999,-999,-999,-999,0.649561,0.75401,-999,0.919104,1.202025,-999,1.222938,-999,-999,-999,-999,1.119833,0.242971,0.148597,-999,-999,-999,0.011764,0.007983,-999,0.000391,-999,-999,-999,-999,-999,-999,-999,0.634612,0.737471,-999,0.904698,1.202371,-999,1.225711,-999,-999,-999,-999,1.124645,0.238988,0.145337,-999,-999,-999,0.011764,0.007983,-999,0.000391,-999,-999,-999,-999,-999,11,-999,-999,0.399829,0.412333,-999,0.442436,0.490041,-999,0.50997,-999,-999,-999,-999,0.559823,0.619891,0.664896,-999,-999,-999,0.779004,0.865115,-999,1.019796,-999,-999,-999,-999,-999,"AAOT",45.3139,12.5083,10,1011,-90,40,"lev20","16:03:2026"
"AAOT","09:07:2025","12:49:07",190,190.534109,-999,-999,30.276815,30.241703,-999,30.208835,30.173829,-999,30.14106,-999,-999,-999,-999,30.106161,30.071317,30.038701,-999,-999,-999,30.006134,29.971451,-999,29.936823,-999,-999,-999,-999,-999,-999,-999,228.546242,228.445648,-999,228.351177,228.250232,-999,228.155432,-999,-999,-999,-999,228.054135,227.952657,227.857354,-999,-999,-999,227.761892,227.659887,-999,227.557699,-999,-999,-999,-999,-999,-999,-999,0.637252,0.763384,-999,0.890191,1.127916,-999,1.222334,-999,-999,-999,-999,1.032406,0.268825,0.183476,-999,-999,-999,0.06371,0.029842,-999,0.013037,-999,-999,-999,-999,-999,-999,-999,0.02023,0.03043,-999,0.039177,0.016657,-999,0.176203,-999,-999,-999,-999,0.049297,0.011394,0.005208,-999,-999,-999,0.054117,0.012949,-999,0.007562,-999,-999,-999,-999,-999,-999,-999,0.611854,0.724602,-999,0.851697,1.105972,-999,1.125014,-999,-999,-999,-999,0.996726,0.251971,0.176607,-999,-999,-999,0.03882,0.018573,-999,0.008796,-999,-999,-999,-999,-999,-999,-999,7.283567,7.805909,-999,6.818567,5.22317,-999,4.630219,-999,-999,-999,-999,3.339235,2.259633,1.798876,-999,-999,-999,0.97813,0.597422,-999,0.285424,-999,-999,-999,-999,-999,-999,-999,0.00513,0.010077,-999,0.001535,0.001462,-999,0.000857,-999,-999,-999,-999,0.002757,0.000739,0.000636,-999,-999,-999,0.000446,0.000328,-999,0.000458,-999,-999,-999,-999,-999,-999,-999,0.025593,0.025593,-999,0.025593,0.025593,-999,0.025593,-999,-999,-999,-999,0.025593,0.025593,0.025593,-999,-999,-999,0.025593,0.025593,-999,0.025593,-999,-999,-999,-999,-999,-999,-999,0.090837,0.088188,-999,0.081573,0.072923,-999,0.069612,-999,-999,-999,-999,0.056357,0.046523,0.044527,-999,-999,-999,0.034219,0.030627,-999,0.0223,-999,-999,-999,-999,-999,-999,-999,0,0,-999,0,0.006973,-999,0.013725,-999,-999,-999,-999,0.03449,0.035672,0.016445,-999,-999,-999,0,0,-999,0,-999,-999,-999,-999,-999,-999,-999,0.362087,0.318571,-999,0.237943,0.156221,-999,0.132663,-999,-999,-999,-999,0.090612,0.059838,0.045021,-999,-999,-999,0.023716,0.015534,-999,0.008009,-999,-999,-999,-999,-999,-999,-999,0.004196,0.004095,-999,0.003306,0.002008,-999,0.001483,-999,-999,-999,-999,0.000499,0.000194,0.000053,-999,-999,-999,0,0,-999,0,-999,-999,-999,-999,-999,-999,-999,0,0,-999,0,0,-999,0,-999,-999,-999,-999,0,0,0,-999,-999,-999,0,0,-999,0.003568,-999,-999,-999,-999,-999,332.456283,0.257556,1.390749,1.180921,1.117076,1016.734053,-999,-999,0.425442,0.524821,-999,0.677186,0.972293,-999,1.006511,-999,-999,-999,-999,0.911264,0.194139,0.130568,-999,-999,-999,0.013786,0.003283,-999,0.001491,-999,-999,-999,-999,-999,-999,-999,0.410225,0.504799,-999,0.646017,0.91262,-999,0.942566,-999,-999,-999,-999,0.851237,0.185175,0.124895,-999,-999,-999,0.013786,0.003283,-999,0.001491,-999,-999,-999,-999,-999,-999,-999,0.647467,0.777243,-999,0.95297,1.308567,-999,1.343895,-999,-999,-999,-999,1.210344,0.252831,0.164685,-999,-999,-999,0.016805,0.003978,-999,0.001802,-999,-999,-999,-999,-999,-999,-999,0.623044,0.745083,-999,0.901825,1.207312,-999,1.235254,-999,-999,-999,-999,1.107746,0.239352,0.156801,-999,-999,-999,0.016805,0.003978,-999,0.001802,-999,-999,-999,-999,-999,-999,-999,0.608378,0.728153,-999,0.887468,1.208018,-999,1.238316,-999,-999,-999,-999,1.112868,0.235206,0.153156,-999,-999,-999,0.016805,0.003978,-999,0.001802,-999,-999,-999,-999,-999,11,-999,-999,0.399829,0.412333,-999,0.442436,0.490041,-999,0.50997,-999,-999,-999,-999,0.559823,0.619891,0.664896,-999,-999,-999,0.779004,0.865115,-999,1.019796,-999,-999,-999,-999,-999,"AAOT",45.3139,12.5083,10,1011,-90,40,"lev20","16:03:2026"
"AAOT","09:07:2025","12:53:56",190,190.537454,-999,-999,30.91794,30.884132,-999,30.848119,30.814404,-999,30.778491,-999,-999,-999,-999,30.744869,30.709055,30.675528,-999,-999,-999,30.639815,30.606383,-999,30.570772,-999,-999,-999,-999,-999,-999,-999,230.326446,230.235135,-999,230.137568,230.045941,-999,229.948036,-999,-999,-999,-999,229.856091,229.757846,229.665582,-999,-999,-999,229.566996,229.474411,-999,229.375483,-999,-999,-999,-999,-999,-999,-999,0.639211,0.768126,-999,0.888172,1.12131,-999,1.140308,-999,-999,-999,-999,1.003796,0.27245,0.182716,-999,-999,-999,0.045054,0.032171,-999,0.01099,-999,-999,-999,-999,-999,-999,-999,0.038584,0.046739,-999,0.025648,0.014791,-999,0.023704,-999,-999,-999,-999,0.015422,0.013693,0.014476,-999,-999,-999,0.009486,0.030544,-999,0.001704,-999,-999,-999,-999,-999,-999,-999,0.608391,0.701176,-999,0.854111,1.105401,-999,1.110324,-999,-999,-999,-999,0.987131,0.25755,0.168065,-999,-999,-999,0.03528,0.019771,-999,0.008655,-999,-999,-999,-999,-999,-999,-999,7.253873,7.768478,-999,6.789437,5.210955,-999,4.628956,-999,-999,-999,-999,3.340913,2.262986,1.798633,-999,-999,-999,0.979119,0.599197,-999,0.288732,-999,-999,-999,-999,-999,-999,-999,0.001602,0.006194,-999,0.007847,0.002782,-999,0.001659,-999,-999,-999,-999,0.000481,0.001142,0.000229,-999,-999,-999,0.000634,0.000133,-999,0.001771,-999,-999,-999,-999,-999,-999,-999,0.025596,0.025596,-999,0.025596,0.025596,-999,0.025596,-999,-999,-999,-999,0.025596,0.025596,0.025596,-999,-999,-999,0.025596,0.025596,-999,0.025596,-999,-999,-999,-999,-999,-999,-999,0.092103,0.089461,-999,0.082718,0.073911,-999,0.070569,-999,-999,-999,-999,0.057231,0.047226,0.04513,-999,-999,-999,0.034681,0.030992,-999,0.022557,-999,-999,-999,-999,-999,-999,-999,0,0,-999,0,0.006972,-999,0.013725,-999,-999,-999,-999,0.034488,0.035671,0.016444,-999,-999,-999,0,0,-999,0,-999,-999,-999,-999,-999,-999,-999,0.362087,0.318572,-999,0.237943,0.156221,-999,0.132663,-999,-999,-999,-999,0.090612,0.059838,0.045021,-999,-999,-999,0.023716,0.015534,-999,0.008009,-999,-999,-999,-999,-999,-999,-999,0.004196,0.004095,-999,0.003306,0.002008,-999,0.001483,-999,-999,-999,-999,0.000499,0.000194,0.000053,-999,-999,-999,0,0,-999,0,-999,-999,-999,-999,-999,-999,-999,0,0,-999,0,0,-999,0,-999,-999,-999,-999,0,0,0,-999,-999,-999,0,0,-999,0.003589,-999,-999,-999,-999,-999,332.454275,0.257553,1.400228,1.149289,1.141459,1016.735105,-999,-999,0.422721,0.502334,-999,0.680329,0.972022,-999,0.991841,-999,-999,-999,-999,0.901617,0.199627,0.122028,-999,-999,-999,0.010219,0.004434,-999,0.001265,-999,-999,-999,-999,-999,-999,-999,0.407539,0.483096,-999,0.648922,0.912291,-999,0.92883,-999,-999,-999,-999,0.842374,0.190425,0.116723,-999,-999,-999,0.010219,0.004434,-999,0.001265,-999,-999,-999,-999,-999,-999,-999,0.648782,0.75012,-999,0.964951,1.318112,-999,1.334203,-999,-999,-999,-999,1.206425,0.261861,0.154991,-999,-999,-999,0.012541,0.005409,-999,0.001539,-999,-999,-999,-999,-999,-999,-999,0.624168,0.718886,-999,0.912777,1.215374,-999,1.225681,-999,-999,-999,-999,1.103746,0.247825,0.147503,-999,-999,-999,0.012541,0.005409,-999,0.001539,-999,-999,-999,-999,-999,-999,-999,0.60857,0.701816,-999,0.896772,1.214211,-999,1.226907,-999,-999,-999,-999,1.106817,0.242904,0.143772,-999,-999,-999,0.012541,0.005409,-999,0.001539,-999,-999,-999,-999,-999,11,-999,-999,0.399829,0.412333,-999,0.442436,0.490041,-999,0.50997,-999,-999,-999,-999,0.559823,0.619891,0.664896,-999,-999,-999,0.779004,0.865115,-999,1.019796,-999,-999,-999,-999,-999,"AAOT",45.3139,12.5083,10,1011,-90,40,"lev20","16:03:2026"
"AAOT","09:07:2025","12:58:42",190,190.540764,-999,-999,31.570904,31.536272,-999,31.499377,31.464832,-999,31.42803,-999,-999,-999,-999,31.393571,31.356863,31.322492,-999,-999,-999,31.285878,31.251596,-999,31.215076,-999,-999,-999,-999,-999,-999,-999,232.038601,231.950147,-999,231.855633,231.766874,-999,231.672035,-999,-999,-999,-999,231.582971,231.487806,231.398435,-999,-999,-999,231.302942,231.213263,-999,231.117441,-999,-999,-999,-999,-999,-999,-999,0.636308,0.751313,-999,0.878984,1.132827,-999,1.126662,-999,-999,-999,-999,1.001126,0.279035,0.184905,-999,-999,-999,0.041165,0.022882,-999,0.011585,-999,-999,-999,-999,-999,-999,-999,0.044848,0.031061,-999,0.032206,0.039366,-999,0.018086,-999,-999,-999,-999,0.015684,0.027356,0.013277,-999,-999,-999,0.005692,0.002362,-999,0.002857,-999,-999,-999,-999,-999,-999,-999,0.5955,0.720239,-999,0.827154,1.098427,-999,1.101261,-999,-999,-999,-999,0.983041,0.251606,0.171337,-999,-999,-999,0.033225,0.020171,-999,0.008479,-999,-999,-999,-999,-999,-999,-999,7.238673,7.759943,-999,6.807838,5.232597,-999,4.64566,-999,-999,-999,-999,3.361817,2.28576,1.823896,-999,-999,-999,0.996575,0.61169,-999,0.291288,-999,-999,-999,-999,-999,-999,-999,0.003068,0.002402,-999,0.000943,0.001857,-999,0.001753,-999,-999,-999,-999,0.001492,0.002461,0.001793,-999,-999,-999,0.002594,0.002625,-999,0.000479,-999,-999,-999,-999,-999,-999,-999,0.025599,0.025599,-999,0.025599,0.025599,-999,0.025599,-999,-999,-999,-999,0.025599,0.025599,0.025599,-999,-999,-999,0.025599,0.025599,-999,0.025599,-999,-999,-999,-999,-999,-999,-999,0.093786,0.091118,-999,0.084233,0.075198,-999,0.071773,-999,-999,-999,-999,0.058298,0.048128,0.045914,-999,-999,-999,0.035291,0.031456,-999,0.022919,-999,-999,-999,-999,-999,-999,-999,0,0,-999,0,0.006972,-999,0.013724,-999,-999,-999,-999,0.034486,0.035669,0.016444,-999,-999,-999,0,0,-999,0,-999,-999,-999,-999,-999,-999,-999,0.362088,0.318572,-999,0.237943,0.156221,-999,0.132663,-999,-999,-999,-999,0.090612,0.059838,0.045021,-999,-999,-999,0.023716,0.015534,-999,0.008009,-999,-999,-999,-999,-999,-999,-999,0.004196,0.004095,-999,0.003306,0.002008,-999,0.001483,-999,-999,-999,-999,0.000499,0.000194,0.000053,-999,-999,-999,0,0,-999,0,-999,-999,-999,-999,-999,-999,-999,0,0,-999,0,0,-999,0,-999,-999,-999,-999,0,0,0,-999,-999,-999,0,0,-999,0.00362,-999,-999,-999,-999,-999,332.452261,0.25755,1.413991,1.155941,1.165589,1016.736161,-999,-999,0.4102,0.521596,-999,0.652883,0.96448,-999,0.982338,-999,-999,-999,-999,0.896983,0.193093,0.124648,-999,-999,-999,0.007714,0.004512,-999,0.001022,-999,-999,-999,-999,-999,-999,-999,0.395186,0.501257,-999,0.622272,0.904474,-999,0.919159,-999,-999,-999,-999,0.83731,0.184056,0.119149,-999,-999,-999,0.007714,0.004512,-999,0.001022,-999,-999,-999,-999,-999,-999,-999,0.635196,0.785682,-999,0.93373,1.318281,-999,1.331804,-999,-999,-999,-999,1.209558,0.255213,0.159479,-999,-999,-999,0.009534,0.005543,-999,0.001253,-999,-999,-999,-999,-999,-999,-999,0.610447,0.752111,-999,0.88204,1.213388,-999,1.22119,-999,-999,-999,-999,1.104347,0.241132,0.151536,-999,-999,-999,0.009534,0.005543,-999,0.001253,-999,-999,-999,-999,-999,-999,-999,0.594637,0.732969,-999,0.865979,1.211269,-999,1.22156,-999,-999,-999,-999,1.106693,0.236046,0.147446,-999,-999,-999,0.009534,0.005543,-999,0.001253,-999,-999,-999,-999,-999,11,-999,-999,0.399829,0.412333,-999,0.442436,0.490041,-999,0.50997,-999,-999,-999,-999,0.559823,0.619891,0.664896,-999,-999,-999,0.779004,0.865115,-999,1.019796,-999,-999,-999,-999,-999,"AAOT",45.3139,12.5083,10,1011,-90,40,"lev20","16:03:2026"
"AAOT","10:07:2025","10:29:44",191,191.437315,-999,-999,24.757947,24.777332,-999,24.7956,24.815187,-999,24.833643,-999,-999,-999,-999,24.85343,24.872074,24.890808,-999,-999,-999,24.910891,24.929811,-999,24.951362,-999,-999,-999,-999,-999,-999,-999,155.6035,155.463641,-999,155.332691,155.193192,-999,155.06258,-999,-999,-999,-999,154.923442,154.793169,154.663062,-999,-999,-999,154.524463,154.394698,-999,154.247832,-999,-999,-999,-999,-999,-999,-999,0.669507,0.793733,-999,0.926505,1.169152,-999,1.173811,-999,-999,-999,-999,1.082513,0.319354,0.222171,-999,-999,-999,0.062763,0.037994,-999,0.017419,-999,-999,-999,-999,-999,-999,-999,0.011508,0.009152,-999,0.009004,0.011801,-999,0.014316,-999,-999,-999,-999,0.008356,0.004596,0.003404,-999,-999,-999,0.001477,0.001869,-999,0.001182,-999,-999,-999,-999,-999,-999,-999,0.656799,0.780101,-999,0.914237,1.154171,-999,1.152566,-999,-999,-999,-999,1.070939,0.314851,0.217772,-999,-999,-999,0.060514,0.035449,-999,0.015692,-999,-999,-999,-999,-999,-999,-999,9.241235,10.060027,-999,9.254598,7.61581,-999,6.956666,-999,-999,-999,-999,5.247272,3.750624,3.080346,-999,-999,-999,1.790367,1.148011,-999,0.574962,-999,-999,-999,-999,-999,-999,-999,0.003449,0.004037,-999,0.00383,0.003174,-999,0.001542,-999,-999,-999,-999,0.002888,0.001307,0.001192,-999,-999,-999,0.002618,0.00029,-999,0.000741,-999,-999,-999,-999,-999,-999,-999,0.026248,0.026248,-999,0.026248,0.026248,-999,0.026248,-999,-999,-999,-999,0.026248,0.026248,0.026248,-999,-999,-999,0.026248,0.026248,-999,0.026248,-999,-999,-999,-999,-999,-999,-999,0.18578,0.179896,-999,0.165337,0.145149,-999,0.138181,-999,-999,-999,-999,0.115034,0.095288,0.088764,-999,-999,-999,0.067428,0.05842,-999,0.04371,-999,-999,-999,-999,-999,-999,-999,0,0,-999,0,0.006963,-999,0.013707,-999,-999,-999,-999,0.034444,0.035625,0.016423,-999,-999,-999,0,0,-999,0,-999,-999,-999,-999,-999,-999,-999,0.3623,0.318759,-999,0.238083,0.156313,-999,0.132741,-999,-999,-999,-999,0.090665,0.059873,0.045048,-999,-999,-999,0.02373,0.015543,-999,0.008013,-999,-999,-999,-999,-999,-999,-999,0.004183,0.004083,-999,0.003297,0.002002,-999,0.001478,-999,-999,-999,-999,0.000497,0.000193,0.000053,-999,-999,-999,0,0,-999,0,-999,-999,-999,-999,-999,-999,-999,0,0,-999,0,0,-999,0,-999,-999,-999,-999,0,0,0,-999,-999,-999,0,0,-999,0.00501,-999,-999,-999,-999,-999,331.912367,0.256803,2.029117,1.316068,2.032538,1017.332519,-999,-999,0.414237,0.516048,-999,0.671324,0.954273,-999,0.96997,-999,-999,-999,-999,0.93321,0.216406,0.13692,-999,-999,-999,0.013521,0.005316,-999,0.0006,-999,-999,-999,-999,-999,-999,-999,0.400314,0.497465,-999,0.641883,0.897618,-999,0.910011,-999,-999,-999,-999,0.872834,0.206816,0.131309,-999,-999,-999,0.013521,0.005316,-999,0.0006,-999,-999,-999,-999,-999,-999,-999,0.602563,0.731474,-999,0.905648,1.231976,-999,1.242618,-999,-999,-999,-999,1.188084,0.270055,0.165681,-999,-999,-999,0.015814,0.00618,-999,0.000697,-999,-999,-999,-999,-999,-999,-999,0.581359,0.703323,-999,0.860856,1.144418,-999,1.149937,-999,-999,-999,-999,1.09444,0.256728,0.158442,-999,-999,-999,0.015814,0.00618,-999,0.000697,-999,-999,-999,-999,-999,-999,-999,0.570157,0.690112,-999,0.849548,1.146195,-999,1.154338,-999,-999,-999,-999,1.100646,0.253087,0.155324,-999,-999,-999,0.015814,0.00618,-999,0.000697,-999,-999,-999,-999,-999,11,-999,-999,0.399829,0.412333,-999,0.442436,0.490041,-999,0.50997,-999,-999,-999,-999,0.559823,0.619891,0.664896,-999,-999,-999,0.779004,0.865115,-999,1.019796,-999,-999,-999,-999,-999,"AAOT",45.3139,12.5083,10,1011,-90,40,"lev20","16:03:2026"
"AAOT","10:07:2025","11:58:54",191,191.499236,-999,-999,24.989508,24.970307,-999,24.949924,24.930907,-999,24.910722,-999,-999,-999,-999,24.891891,24.87315,24.853259,-999,-999,-999,24.834705,24.815014,-999,24.795427,-999,-999,-999,-999,-999,-999,-999,205.950608,205.821357,-999,205.683304,205.553708,-999,205.415288,-999,-999,-999,-999,205.285349,205.155244,205.016283,-999,-999,-999,204.885838,204.746516,-999,204.607007,-999,-999,-999,-999,-999,-999,-999,0.682889,0.800356,-999,0.918093,1.207704,-999,1.23448,-999,-999,-999,-999,1.147667,0.314215,0.216975,-999,-999,-999,0.054141,0.031573,-999,0.016012,-999,-999,-999,-999,-999,-999,-999,0.00959,0.006655,-999,0.007938,0.007565,-999,0.007942,-999,-999,-999,-999,0.009681,0.004964,0.003784,-999,-999,-999,0.00199,0.001357,-999,0.000546,-999,-999,-999,-999,-999,-999,-999,0.673444,0.791673,-999,0.907076,1.195386,-999,1.221518,-999,-999,-999,-999,1.138896,0.307169,0.211684,-999,-999,-999,0.050999,0.029058,-999,0.015445,-999,-999,-999,-999,-999,-999,-999,8.710385,9.409466,-999,8.437392,6.693391,-999,6.002723,-999,-999,-999,-999,4.469137,3.12513,2.526457,-999,-999,-999,1.42858,0.908135,-999,0.454495,-999,-999,-999,-999,-999,-999,-999,0.006546,0.001143,-999,0.002232,0.00199,-999,0.000298,-999,-999,-999,-999,0.001121,0.00083,0.001001,-999,-999,-999,0.001869,0.00145,-999,0.000322,-999,-999,-999,-999,-999,-999,-999,0.025703,0.025703,-999,0.025703,0.025703,-999,0.025703,-999,-999,-999,-999,0.025703,0.025703,0.025703,-999,-999,-999,0.025703,0.025703,-999,0.025703,-999,-999,-999,-999,-999,-999,-999,0.15874,0.152703,-999,0.139204,0.1218,-999,0.116101,-999,-999,-999,-999,0.096087,0.078441,0.073498,-999,-999,-999,0.056266,0.049684,-999,0.037768,-999,-999,-999,-999,-999,-999,-999,0,0,-999,0,0.006963,-999,0.013706,-999,-999,-999,-999,0.03444,0.035621,0.016422,-999,-999,-999,0,0,-999,0,-999,-999,-999,-999,-999,-999,-999,0.362184,0.318657,-999,0.238006,0.156263,-999,0.132698,-999,-999,-999,-999,0.090636,0.059854,0.045033,-999,-999,-999,0.023722,0.015538,-999,0.008011,-999,-999,-999,-999,-999,-999,-999,0.004183,0.004082,-999,0.003296,0.002002,-999,0.001478,-999,-999,-999,-999,0.000497,0.000193,0.000053,-999,-999,-999,0,0,-999,0,-999,-999,-999,-999,-999,-999,-999,0,0,-999,0,0,-999,0,-999,-999,-999,-999,0,0,0,-999,-999,-999,0,0,-999,0.004942,-999,-999,-999,-999,-999,331.875092,0.256751,1.999031,1.394628,1.59302,1017.006146,-999,-999,0.449559,0.54982,-999,0.690208,1.023344,-999,1.067229,-999,-999,-999,-999,1.024025,0.226843,0.146746,-999,-999,-999,0.01428,0.005716,-999,0.003763,-999,-999,-999,-999,-999,-999,-999,0.434106,0.529611,-999,0.659416,0.961661,-999,1.000155,-999,-999,-999,-999,0.956405,0.216563,0.140629,-999,-999,-999,0.01428,0.005716,-999,0.003763,-999,-999,-999,-999,-999,-999,-999,0.652305,0.777044,-999,0.928151,1.317062,-999,1.362814,-999,-999,-999,-999,1.299775,0.282238,0.177034,-999,-999,-999,0.016659,0.006628,-999,0.004359,-999,-999,-999,-999,-999,-999,-999,0.628622,0.746259,-999,0.881112,1.221438,-999,1.258844,-999,-999,-999,-999,1.194565,0.26785,0.169084,-999,-999,-999,0.016659,0.006628,-999,0.004359,-999,-999,-999,-999,-999,-999,-999,0.615345,0.731082,-999,0.86882,1.222465,-999,1.262729,-999,-999,-999,-999,1.201375,0.264178,0.165787,-999,-999,-999,0.016659,0.006628,-999,0.004359,-999,-999,-999,-999,-999,11,-999,-999,0.399829,0.412333,-999,0.442436,0.490041,-999,0.50997,-999,-999,-999,-999,0.559823,0.619891,0.664896,-999,-999,-999,0.779004,0.865115,-999,1.019796,-999,-999,-999,-999,-999,"AAOT",45.3139,12.5083,10,1011,-90,40,"lev20","16:03:2026"
"AAOT","10:07:2025","12:25:16",191,191.517546,-999,-999,27.473803,27.444582,-999,27.417255,27.388181,-999,27.360992,-999,-999,-999,-999,27.332065,27.305016,27.276237,-999,-999,-999,27.249327,27.222485,-999,27.192146,-999,-999,-999,-999,-999,-999,-999,218.603642,218.485745,-999,218.375032,218.256741,-999,218.145658,-999,-999,-999,-999,218.026971,217.915517,217.796435,-999,-999,-999,217.68461,217.572605,-999,217.445449,-999,-999,-999,-999,-999,-999,-999,0.691024,0.824947,-999,0.976355,1.257114,-999,1.275925,-999,-999,-999,-999,1.178528,0.338145,0.225765,-999,-999,-999,0.056964,0.037715,-999,0.015065,-999,-999,-999,-999,-999,-999,-999,0.017537,0.014719,-999,0.02376,0.00577,-999,0.010744,-999,-999,-999,-999,0.009385,0.00964,0.005998,-999,-999,-999,0.002447,0.005675,-999,0.001504,-999,-999,-999,-999,-999,-999,-999,0.668826,0.804382,-999,0.957854,1.249471,-999,1.260318,-999,-999,-999,-999,1.164538,0.328479,0.219817,-999,-999,-999,0.053891,0.031288,-999,0.013264,-999,-999,-999,-999,-999,-999,-999,8.77953,9.497043,-999,8.550806,6.841212,-999,6.180512,-999,-999,-999,-999,4.619488,3.221285,2.600941,-999,-999,-999,1.458571,0.913572,-999,0.462705,-999,-999,-999,-999,-999,-999,-999,0.000968,0.0023,-999,0.004832,0.001619,-999,0.001248,-999,-999,-999,-999,0.001224,0.000432,0.00042,-999,-999,-999,0.001683,0.000718,-999,0.000317,-999,-999,-999,-999,-999,-999,-999,0.025711,0.025711,-999,0.025711,0.025711,-999,0.025711,-999,-999,-999,-999,0.025711,0.025711,0.025711,-999,-999,-999,0.025711,0.025711,-999,0.025711,-999,-999,-999,-999,-999,-999,-999,0.168508,0.162017,-999,0.147434,0.128371,-999,0.122254,-999,-999,-999,-999,0.10082,0.082558,0.07689,-999,-999,-999,0.058727,0.05155,-999,0.039225,-999,-999,-999,-999,-999,-999,-999,0,0,-999,0,0.006961,-999,0.013703,-999,-999,-999,-999,0.034435,0.035615,0.016419,-999,-999,-999,0,0,-999,0,-999,-999,-999,-999,-999,-999,-999,0.362142,0.31862,-999,0.237979,0.156245,-999,0.132683,-999,-999,-999,-999,0.090626,0.059847,0.045028,-999,-999,-999,0.023719,0.015536,-999,0.00801,-999,-999,-999,-999,-999,-999,-999,0.004182,0.004082,-999,0.003296,0.002002,-999,0.001478,-999,-999,-999,-999,0.000497,0.000193,0.000053,-999,-999,-999,0,0,-999,0,-999,-999,-999,-999,-999,-999,-999,0,0,-999,0,0,-999,0,-999,-999,-999,-999,0,0,0,-999,-999,-999,0,0,-999,0.004952,-999,-999,-999,-999,-999,331.864045,0.256736,2.003413,1.29894,1.66838,1016.888409,-999,-999,0.443097,0.560205,-999,0.738005,1.073577,-999,1.101412,-999,-999,-999,-999,1.045767,0.245657,0.152945,-999,-999,-999,0.01639,0.007799,-999,0.001367,-999,-999,-999,-999,-999,-999,-999,0.427386,0.539001,-999,0.70425,1.007787,-999,1.031271,-999,-999,-999,-999,0.976209,0.234305,0.146378,-999,-999,-999,0.01639,0.007799,-999,0.001367,-999,-999,-999,-999,-999,-999,-999,0.661382,0.813814,-999,1.018741,1.416433,-999,1.44133,-999,-999,-999,-999,1.359593,0.31287,0.188707,-999,-999,-999,0.019537,0.009238,-999,0.001618,-999,-999,-999,-999,-999,-999,-999,0.636566,0.780443,-999,0.965102,1.309597,-999,1.327383,-999,-999,-999,-999,1.24611,0.296355,0.17985,-999,-999,-999,0.019537,0.009238,-999,0.001618,-999,-999,-999,-999,-999,-999,-999,0.621565,0.762485,-999,0.949059,1.308709,-999,1.329723,-999,-999,-999,-999,1.251476,0.291561,0.175999,-999,-999,-999,0.019537,0.009238,-999,0.001618,-999,-999,-999,-999,-999,11,-999,-999,0.399829,0.412333,-999,0.442436,0.490041,-999,0.50997,-999,-999,-999,-999,0.559823,0.619891,0.664896,-999,-999,-999,0.779004,0.865115,-999,1.019796,-999,-999,-999,-999,-999,"AAOT",45.3139,12.5083,10,1011,-90,40,"lev20","16:03:2026"
"AAOT","10:07:2025","12:30:03",191,191.520868,-999,-999,28.008589,27.979966,-999,27.949504,27.921011,-999,27.89258,-999,-999,-999,-999,27.862324,27.834024,27.803907,-999,-999,-999,27.775738,27.745762,-999,27.715859,-999,-999,-999,-999,-999,-999,-999,220.676859,220.569725,-999,220.455254,220.347755,-999,220.240079,-999,-999,-999,-999,220.12503,220.016989,219.90155,-999,-999,-999,219.793142,219.677312,-999,219.561279,-999,-999,-999,-999,-999,-999,-999,0.699962,0.831103,-999,0.974292,1.29374,-999,1.298951,-999,-999,-999,-999,1.194116,0.333447,0.228714,-999,-999,-999,0.057511,0.034841,-999,0.015353,-999,-999,-999,-999,-999,-999,-999,0.051894,0.042826,-999,0.037522,0.090073,-999,0.029029,-999,-999,-999,-999,0.023611,0.006208,0.00867,-999,-999,-999,0.003749,0.001433,-999,0.001214,-999,-999,-999,-999,-999,-999,-999,0.636212,0.779249,-999,0.923895,1.24313,-999,1.259252,-999,-999,-999,-999,1.166845,0.324592,0.215773,-999,-999,-999,0.053321,0.032653,-999,0.013721,-999,-999,-999,-999,-999,-999,-999,8.894722,9.627614,-999,8.70161,7.003615,-999,6.321061,-999,-999,-999,-999,4.720724,3.31052,2.666581,-999,-999,-999,1.495133,0.948366,-999,0.484119,-999,-999,-999,-999,-999,-999,-999,0.001127,0.000973,-999,0.004148,0.002493,-999,0.001726,-999,-999,-999,-999,0.001768,0.00014,0.000429,-999,-999,-999,0.001396,0.00122,-999,0.002586,-999,-999,-999,-999,-999,-999,-999,0.025716,0.025716,-999,0.025716,0.025716,-999,0.025716,-999,-999,-999,-999,0.025716,0.025716,0.025716,-999,-999,-999,0.025716,0.025716,-999,0.025716,-999,-999,-999,-999,-999,-999,-999,0.181971,0.174738,-999,0.158706,0.137691,-999,0.130979,-999,-999,-999,-999,0.108435,0.089061,0.082528,-999,-999,-999,0.06287,0.054922,-999,0.041814,-999,-999,-999,-999,-999,-999,-999,0,0,-999,0,0.006961,-999,0.013703,-999,-999,-999,-999,0.034433,0.035614,0.016418,-999,-999,-999,0,0,-999,0,-999,-999,-999,-999,-999,-999,-999,0.362134,0.318613,-999,0.237974,0.156241,-999,0.13268,-999,-999,-999,-999,0.090624,0.059846,0.045027,-999,-999,-999,0.023719,0.015536,-999,0.00801,-999,-999,-999,-999,-999,-999,-999,0.004182,0.004082,-999,0.003296,0.002002,-999,0.001478,-999,-999,-999,-999,0.000497,0.000193,0.000053,-999,-999,-999,0,0,-999,0,-999,-999,-999,-999,-999,-999,-999,0,0,-999,0,0,-999,0,-999,-999,-999,-999,0,0,0,-999,-999,-999,0,0,-999,0.005008,-999,-999,-999,-999,-999,331.862051,0.256733,2.028172,1.328529,1.683673,1016.866768,-999,-999,0.407476,0.531665,-999,0.700124,1.063025,-999,1.0967,-999,-999,-999,-999,1.045447,0.239458,0.147199,-999,-999,-999,0.014872,0.008265,-999,0.001272,-999,-999,-999,-999,-999,-999,-999,0.392629,0.511008,-999,0.667366,0.996661,-999,1.02552,-999,-999,-999,-999,0.974485,0.228097,0.140713,-999,-999,-999,0.014872,0.008265,-999,0.001272,-999,-999,-999,-999,-999,-999,-999,0.613442,0.778785,-999,0.973961,1.412601,-999,1.445248,-999,-999,-999,-999,1.368382,0.306943,0.182731,-999,-999,-999,0.017827,0.009843,-999,0.001512,-999,-999,-999,-999,-999,-999,-999,0.589651,0.745817,-999,0.921214,1.303433,-999,1.328096,-999,-999,-999,-999,1.251046,0.290153,0.173836,-999,-999,-999,0.017827,0.009843,-999,0.001512,-999,-999,-999,-999,-999,-999,-999,0.57662,0.72952,-999,0.907132,1.304095,-999,1.332127,-999,-999,-999,-999,1.258345,0.285811,0.170295,-999,-999,-999,0.017827,0.009843,-999,0.001512,-999,-999,-999,-999,-999,11,-999,-999,0.399829,0.412333,-999,0.442436,0.490041,-999,0.50997,-999,-999,-999,-999,0.559823,0.619891,0.664896,-999,-999,-999,0.779004,0.865115,-999,1.019796,-999,-999,-999,-999,-999,"AAOT",45.3139,12.5083,10,1011,-90,40,"lev20","16:03:2026"
"AAOT","10:07:2025","12:34:51",191,191.524201,-999,-999,28.569976,28.540194,-999,28.50849,28.478829,-999,28.447256,-999,-999,-999,-999,28.417717,28.386274,28.356858,-999,-999,-999,28.325547,28.296255,-999,28.265076,-999,-999,-999,-999,-999,-999,-999,222.699886,222.596102,-999,222.485209,222.381068,-999,222.269794,-999,-999,-999,-999,222.165295,222.053638,221.94878,-999,-999,-999,221.836739,221.731522,-999,221.619097,-999,-999,-999,-999,-999,-999,-999,0.691793,0.836742,-999,0.976018,1.266994,-999,1.296356,-999,-999,-999,-999,1.211191,0.350932,0.247343,-999,-999,-999,0.058562,0.03406,-999,0.016139,-999,-999,-999,-999,-999,-999,-999,0.011174,0.011842,-999,0.022892,0.011068,-999,0.008742,-999,-999,-999,-999,0.023168,0.006262,0.005234,-999,-999,-999,0.00168,0.001642,-999,0.001854,-999,-999,-999,-999,-999,-999,-999,0.673829,0.820886,-999,0.951335,1.250929,-999,1.282888,-999,-999,-999,-999,1.196209,0.34325,0.2389,-999,-999,-999,0.056974,0.031921,-999,0.013545,-999,-999,-999,-999,-999,-999,-999,8.987338,9.778925,-999,8.84705,7.058525,-999,6.407073,-999,-999,-999,-999,4.783926,3.35814,2.7135,-999,-999,-999,1.533318,0.97819,-999,0.492798,-999,-999,-999,-999,-999,-999,-999,0.002895,0.004473,-999,0.003485,0.001689,-999,0.000994,-999,-999,-999,-999,0.001242,0.000183,0.000867,-999,-999,-999,0.002241,0.00104,-999,0.000834,-999,-999,-999,-999,-999,-999,-999,0.025721,0.025721,-999,0.025721,0.025721,-999,0.025721,-999,-999,-999,-999,0.025721,0.025721,0.025721,-999,-999,-999,0.025721,0.025721,-999,0.025721,-999,-999,-999,-999,-999,-999,-999,0.186899,0.179403,-999,0.162831,0.141094,-999,0.134249,-999,-999,-999,-999,0.111111,0.091572,0.084737,-999,-999,-999,0.064523,0.056247,-999,0.042802,-999,-999,-999,-999,-999,-999,-999,0,0,-999,0,0.006961,-999,0.013702,-999,-999,-999,-999,0.034432,0.035612,0.016418,-999,-999,-999,0,0,-999,0,-999,-999,-999,-999,-999,-999,-999,0.362126,0.318606,-999,0.237969,0.156238,-999,0.132677,-999,-999,-999,-999,0.090622,0.059845,0.045026,-999,-999,-999,0.023718,0.015535,-999,0.00801,-999,-999,-999,-999,-999,-999,-999,0.004182,0.004082,-999,0.003296,0.002002,-999,0.001478,-999,-999,-999,-999,0.000497,0.000193,0.000053,-999,-999,-999,0,0,-999,0,-999,-999,-999,-999,-999,-999,-999,0,0,-999,0,0,-999,0,-999,-999,-999,-999,0,0,0,-999,-999,-999,0,0,-999,0.005039,-999,-999,-999,-999,-999,331.860051,0.256731,2.042264,1.395678,1.69902,1016.845051,-999,-999,0.442663,0.569359,-999,0.723778,1.069375,-999,1.11809,-999,-999,-999,-999,1.07316,0.256874,0.169105,-999,-999,-999,0.017535,0.00676,-999,0.00087,-999,-999,-999,-999,-999,-999,-999,0.425947,0.546464,-999,0.688879,1.000892,-999,1.043558,-999,-999,-999,-999,0.998112,0.244226,0.161391,-999,-999,-999,0.017535,0.00676,-999,0.00087,-999,-999,-999,-999,-999,-999,-999,0.671429,0.840096,-999,1.013831,1.430309,-999,1.482889,-999,-999,-999,-999,1.413467,0.331274,0.211158,-999,-999,-999,0.021137,0.008095,-999,0.00104,-999,-999,-999,-999,-999,-999,-999,0.644176,0.802939,-999,0.956766,1.316005,-999,1.358389,-999,-999,-999,-999,1.287427,0.312208,0.200353,-999,-999,-999,0.021137,0.008095,-999,0.00104,-999,-999,-999,-999,-999,-999,-999,0.629219,0.78473,-999,0.942164,1.318274,-999,1.364433,-999,-999,-999,-999,1.297611,0.307922,0.196408,-999,-999,-999,0.021137,0.008095,-999,0.00104,-999,-999,-999,-999,-999,11,-999,-999,0.399829,0.412333,-999,0.442436,0.490041,-999,0.50997,-999,-999,-999,-999,0.559823,0.619891,0.664896,-999,-999,-999,0.779004,0.865115,-999,1.019796,-999,-999,-999,-999,-999,"AAOT",45.3139,12.5083,10,1011,-90,40,"lev20","16:03:2026"
"AAOT","10:07:2025","12:49:15",191,191.534201,-999,-999,30.38022,30.345185,-999,30.31239,30.277462,-999,30.244767,-999,-999,-999,-999,30.209946,30.177352,30.142638,-999,-999,-999,30.110145,30.077702,-999,30.040992,-999,-999,-999,-999,-999,-999,-999,228.400566,228.300041,-999,228.205635,228.104761,-999,228.010028,-999,-999,-999,-999,227.908805,227.813744,227.71217,-999,-999,-999,227.616779,227.521228,-999,227.412743,-999,-999,-999,-999,-999,-999,-999,0.669334,0.804667,-999,0.949053,1.272562,-999,1.323034,-999,-999,-999,-999,1.232032,0.371694,0.244749,-999,-999,-999,0.064423,0.035464,-999,0.016203,-999,-999,-999,-999,-999,-999,-999,0.007215,0.013759,-999,0.005989,0.007036,-999,0.01204,-999,-999,-999,-999,0.007503,0.012699,0.006126,-999,-999,-999,0.001672,0.002058,-999,0.000586,-999,-999,-999,-999,-999,-999,-999,0.658244,0.791579,-999,0.940391,1.261265,-999,1.306464,-999,-999,-999,-999,1.223895,0.352945,0.237355,-999,-999,-999,0.062226,0.032886,-999,0.015516,-999,-999,-999,-999,-999,-999,-999,8.95835,9.778674,-999,8.870871,7.174685,-999,6.48183,-999,-999,-999,-999,4.903759,3.484873,2.847293,-999,-999,-999,1.621539,1.033777,-999,0.520335,-999,-999,-999,-999,-999,-999,-999,0.002269,0.009895,-999,0.002213,0.00205,-999,0.001889,-999,-999,-999,-999,0.004922,0.001692,0.002147,-999,-999,-999,0.00162,0.000592,-999,0.001224,-999,-999,-999,-999,-999,-999,-999,0.025738,0.025738,-999,0.025738,0.025738,-999,0.025738,-999,-999,-999,-999,0.025738,0.025738,0.025738,-999,-999,-999,0.025738,0.025738,-999,0.025738,-999,-999,-999,-999,-999,-999,-999,0.201066,0.192678,-999,0.174361,0.150392,-999,0.142843,-999,-999,-999,-999,0.118268,0.097549,0.089971,-999,-999,-999,0.068352,0.059251,-999,0.044995,-999,-999,-999,-999,-999,-999,-999,0,0,-999,0,0.00696,-999,0.0137,-999,-999,-999,-999,0.034427,0.035608,0.016415,-999,-999,-999,0,0,-999,0,-999,-999,-999,-999,-999,-999,-999,0.362103,0.318586,-999,0.237953,0.156228,-999,0.132669,-999,-999,-999,-999,0.090616,0.059841,0.045023,-999,-999,-999,0.023717,0.015534,-999,0.008009,-999,-999,-999,-999,-999,-999,-999,0.004182,0.004082,-999,0.003296,0.002002,-999,0.001478,-999,-999,-999,-999,0.000497,0.000193,0.000053,-999,-999,-999,0,0,-999,0,-999,-999,-999,-999,-999,-999,-999,0,0,-999,0,0,-999,0,-999,-999,-999,-999,0,0,0,-999,-999,-999,0,0,-999,0.005123,-999,-999,-999,-999,-999,331.854015,0.256722,2.079171,1.446876,1.745059,1016.779523,-999,-999,0.427678,0.539899,-999,0.712077,1.076606,-999,1.139637,-999,-999,-999,-999,1.097684,0.263252,0.164073,-999,-999,-999,0.020492,0.006279,-999,0.002124,-999,-999,-999,-999,-999,-999,-999,0.410551,0.516932,-999,0.67601,1.004841,-999,1.060543,-999,-999,-999,-999,1.017646,0.249556,0.156158,-999,-999,-999,0.020492,0.006279,-999,0.002124,-999,-999,-999,-999,-999,-999,-999,0.665144,0.816211,-999,1.020644,1.471536,-999,1.544104,-999,-999,-999,-999,1.476292,0.346451,0.208906,-999,-999,-999,0.025164,0.007657,-999,0.002586,-999,-999,-999,-999,-999,-999,-999,0.636072,0.777417,-999,0.959267,1.346784,-999,1.406443,-999,-999,-999,-999,1.336108,0.324868,0.197309,-999,-999,-999,0.025164,0.007657,-999,0.002586,-999,-999,-999,-999,-999,-999,-999,0.621248,0.760047,-999,0.945097,1.351075,-999,1.415111,-999,-999,-999,-999,1.349908,0.320758,0.193618,-999,-999,-999,0.025164,0.007657,-999,0.002586,-999,-999,-999,-999,-999,11,-999,-999,0.399829,0.412333,-999,0.442436,0.490041,-999,0.50997,-999,-999,-999,-999,0.559823,0.619891,0.664896,-999,-999,-999,0.779004,0.865115,-999,1.019796,-999,-999,-999,-999,-999,"AAOT",45.3139,12.5083,10,1011,-90,40,"lev20","16:03:2026"
"AAOT","10:07:2025","12:54:01",191,191.537512,-999,-999,31.013212,30.979484,-999,30.943556,30.909921,-999,30.874094,-999,-999,-999,-999,30.840552,30.804825,30.771378,-999,-999,-999,30.737977,30.702401,-999,30.666876,-999,-999,-999,-999,-999,-999,-999,230.161483,230.070188,-999,229.972638,229.881028,-999,229.783143,-999,-999,-999,-999,229.691217,229.592993,229.50075,-999,-999,-999,229.408352,229.309625,-999,229.210722,-999,-999,-999,-999,-999,-999,-999,0.681613,0.816307,-999,0.966055,1.277831,-999,1.317983,-999,-999,-999,-999,1.220715,0.349985,0.2475,-999,-999,-999,0.062181,0.03731,-999,0.016063,-999,-999,-999,-999,-999,-999,-999,0.015142,0.012892,-999,0.012622,0.014585,-999,0.017624,-999,-999,-999,-999,0.009758,0.005258,0.006264,-999,-999,-999,0.002747,0.003972,-999,0.001087,-999,-999,-999,-999,-999,-999,-999,0.669789,0.798977,-999,0.950129,1.257207,-999,1.302199,-999,-999,-999,-999,1.209265,0.344027,0.239491,-999,-999,-999,0.058078,0.033052,-999,0.014425,-999,-999,-999,-999,-999,-999,-999,9.120748,9.912343,-999,9.007459,7.373652,-999,6.609505,-999,-999,-999,-999,4.931655,3.469508,2.799222,-999,-999,-999,1.579345,0.99845,-999,0.50333,-999,-999,-999,-999,-999,-999,-999,0.000962,0.002417,-999,0.004041,0.001804,-999,0.001281,-999,-999,-999,-999,0.001168,0.000504,0.000757,-999,-999,-999,0.002541,0.000234,-999,0.000254,-999,-999,-999,-999,-999,-999,-999,0.025743,0.025743,-999,0.025743,0.025743,-999,0.025743,-999,-999,-999,-999,0.025743,0.025743,0.025743,-999,-999,-999,0.025743,0.025743,-999,0.025743,-999,-999,-999,-999,-999,-999,-999,0.204616,0.196004,-999,0.177181,0.152523,-999,0.144666,-999,-999,-999,-999,0.119949,0.09854,0.090748,-999,-999,-999,0.068773,0.059499,-999,0.045036,-999,-999,-999,-999,-999,-999,-999,0,0,-999,0,0.00696,-999,0.0137,-999,-999,-999,-999,0.034426,0.035606,0.016415,-999,-999,-999,0,0,-999,0,-999,-999,-999,-999,-999,-999,-999,0.362095,0.318579,-999,0.237948,0.156224,-999,0.132666,-999,-999,-999,-999,0.090614,0.05984,0.045022,-999,-999,-999,0.023716,0.015534,-999,0.008009,-999,-999,-999,-999,-999,-999,-999,0.004182,0.004082,-999,0.003296,0.002002,-999,0.001478,-999,-999,-999,-999,0.000497,0.000193,0.000053,-999,-999,-999,0,0,-999,0,-999,-999,-999,-999,-999,-999,-999,0,0,-999,0,0,-999,0,-999,-999,-999,-999,0,0,0,-999,-999,-999,0,0,-999,0.005162,-999,-999,-999,-999,-999,331.852022,0.25672,2.096634,1.425719,1.760299,1016.757882,-999,-999,0.434991,0.543801,-999,0.718248,1.067385,-999,1.132049,-999,-999,-999,-999,1.082309,0.254711,0.16743,-999,-999,-999,0.017421,0.007349,-999,0.001468,-999,-999,-999,-999,-999,-999,-999,0.417418,0.520474,-999,0.681611,0.99587,-999,1.053139,-999,-999,-999,-999,1.00315,0.241401,0.159308,-999,-999,-999,0.017421,0.007349,-999,0.001468,-999,-999,-999,-999,-999,-999,-999,0.682588,0.829302,-999,1.037986,1.47034,-999,1.545569,-999,-999,-999,-999,1.466661,0.337649,0.214678,-999,-999,-999,0.021536,0.009021,-999,0.001799,-999,-999,-999,-999,-999,-999,-999,0.65236,0.789364,-999,0.974749,1.344194,-999,1.406205,-999,-999,-999,-999,1.32592,0.316331,0.202571,-999,-999,-999,0.021536,0.009021,-999,0.001799,-999,-999,-999,-999,-999,-999,-999,0.635996,0.770428,-999,0.95881,1.346932,-999,1.413193,-999,-999,-999,-999,1.338064,0.311805,0.198361,-999,-999,-999,0.021536,0.009021,-999,0.001799,-999,-999,-999,-999,-999,11,-999,-999,0.399829,0.412333,-999,0.442436,0.490041,-999,0.50997,-999,-999,-999,-999,0.559823,0.619891,0.664896,-999,-999,-999,0.779004,0.865115,-999,1.019796,-999,-999,-999,-999,-999,"AAOT",45.3139,12.5083,10,1011,-90,40,"lev20","16:03:2026"
"AAOT","10:07:2025","12:58:46",191,191.54081,-999,-999,31.664681,31.627824,-999,31.593314,31.556549,-999,31.522126,-999,-999,-999,-999,31.485455,31.45112,31.414543,-999,-999,-999,31.380297,31.346093,-999,31.307382,-999,-999,-999,-999,-999,-999,-999,231.873498,231.779141,-999,231.69053,231.595851,-999,231.506938,-999,-999,-999,-999,231.411934,231.322716,231.227388,-999,-999,-999,231.137864,231.048192,-999,230.946383,-999,-999,-999,-999,-999,-999,-999,0.661113,0.786285,-999,0.949712,1.244987,-999,1.290842,-999,-999,-999,-999,1.209962,0.345453,0.230424,-999,-999,-999,0.059531,0.038193,-999,0.014809,-999,-999,-999,-999,-999,-999,-999,0.005339,0.006978,-999,0.016138,0.007383,-999,0.007317,-999,-999,-999,-999,0.007533,0.005854,0.004241,-999,-999,-999,0.004648,0.009231,-999,0.001321,-999,-999,-999,-999,-999,-999,-999,0.651413,0.778964,-999,0.927918,1.236346,-999,1.281407,-999,-999,-999,-999,1.201767,0.338082,0.225451,-999,-999,-999,0.054995,0.032553,-999,0.012877,-999,-999,-999,-999,-999,-999,-999,8.867405,9.638052,-999,8.743244,7.027922,-999,6.350522,-999,-999,-999,-999,4.740896,3.32677,2.683543,-999,-999,-999,1.505764,0.94455,-999,0.479194,-999,-999,-999,-999,-999,-999,-999,0.001602,0.010576,-999,0.001535,0.001502,-999,0.002419,-999,-999,-999,-999,0.003361,0.00066,0.000591,-999,-999,-999,0.002178,0.002398,-999,0.0012,-999,-999,-999,-999,-999,-999,-999,0.025749,0.025749,-999,0.025749,0.025749,-999,0.025749,-999,-999,-999,-999,0.025749,0.025749,0.025749,-999,-999,-999,0.025749,0.025749,-999,0.025749,-999,-999,-999,-999,-999,-999,-999,0.208614,0.19974,-999,0.180331,0.154816,-999,0.146568,-999,-999,-999,-999,0.121653,0.099688,0.091715,-999,-999,-999,0.069384,0.059961,-999,0.045252,-999,-999,-999,-999,-999,-999,-999,0,0,-999,0,0.006959,-999,0.013699,-999,-999,-999,-999,0.034424,0.035604,0.016414,-999,-999,-999,0,0,-999,0,-999,-999,-999,-999,-999,-999,-999,0.362088,0.318572,-999,0.237943,0.156221,-999,0.132663,-999,-999,-999,-999,0.090612,0.059838,0.045021,-999,-999,-999,0.023716,0.015534,-999,0.008009,-999,-999,-999,-999,-999,-999,-999,0.004182,0.004082,-999,0.003296,0.002002,-999,0.001478,-999,-999,-999,-999,0.000497,0.000193,0.000053,-999,-999,-999,0,0,-999,0,-999,-999,-999,-999,-999,-999,-999,0,0,-999,0,0,-999,0,-999,-999,-999,-999,0,0,0,-999,-999,-999,0,0,-999,0.005194,-999,-999,-999,-999,-999,331.850028,0.256717,2.110835,1.455641,1.775485,1016.736241,-999,-999,0.423088,0.530795,-999,0.70279,1.055385,-999,1.117888,-999,-999,-999,-999,1.079695,0.252422,0.156353,-999,-999,-999,0.016223,0.008232,-999,0.000538,-999,-999,-999,-999,-999,-999,-999,0.405595,0.507516,-999,0.666238,0.983522,-999,1.038671,-999,-999,-999,-999,0.99935,0.238956,0.14862,-999,-999,-999,0.016223,0.008232,-999,0.000538,-999,-999,-999,-999,-999,-999,-999,0.670243,0.816948,-999,1.024549,1.465764,-999,1.538591,-999,-999,-999,-999,1.474764,0.337194,0.201961,-999,-999,-999,0.020198,0.010176,-999,0.000664,-999,-999,-999,-999,-999,-999,-999,0.639577,0.776343,-999,0.960316,1.336815,-999,1.396241,-999,-999,-999,-999,1.329341,0.315146,0.190154,-999,-999,-999,0.020198,0.010176,-999,0.000664,-999,-999,-999,-999,-999,-999,-999,0.623278,0.757404,-999,0.944337,1.33956,-999,1.403469,-999,-999,-999,-999,1.341991,0.310476,0.1861,-999,-999,-999,0.020198,0.010176,-999,0.000664,-999,-999,-999,-999,-999,11,-999,-999,0.399829,0.412333,-999,0.442436,0.490041,-999,0.50997,-999,-999,-999,-999,0.559823,0.619891,0.664896,-999,-999,-999,0.779004,0.865115,-999,1.019796,-999,-999,-999,-999,-999,"AAOT",45.3139,12.5083,10,1011,-90,40,"lev20","16:03:2026"
"AAOT","14:07:2025","09:54:29",195,195.412836,-999,-999,28.672405,28.703021,-999,28.731786,28.762536,-999,28.791427,-999,-999,-999,-999,28.82231,28.851326,28.880401,-999,-999,-999,28.91148,28.940679,-999,28.973842,-999,-999,-999,-999,-999,-999,-999,139.222543,139.110325,-999,139.005295,138.893449,-999,138.788766,-999,-999,-999,-999,138.67729,138.572955,138.468787,-999,-999,-999,138.35786,138.254038,-999,138.136576,-999,-999,-999,-999,-999,-999,-999,0.6269,0.730992,-999,0.810784,0.993909,-999,1.028289,-999,-999,-999,-999,1.006145,0.349966,0.247702,-999,-999,-999,0.075574,0.043799,-999,0.020292,-999,-999,-999,-999,-999,-999,-999,0.021992,0.010208,-999,0.012379,0.011799,-999,0.011291,-999,-999,-999,-999,0.008671,0.005882,0.009017,-999,-999,-999,0.00176,0.002108,-999,0.001351,-999,-999,-999,-999,-999,-999,-999,0.597799,0.715195,-999,0.795595,0.97427,-999,1.009004,-999,-999,-999,-999,0.994981,0.34289,0.235723,-999,-999,-999,0.073305,0.041042,-999,0.018789,-999,-999,-999,-999,-999,-999,-999,11.310996,12.563908,-999,11.857048,10.06519,-999,9.211776,-999,-999,-999,-999,7.137878,5.108476,4.125584,-999,-999,-999,2.272975,1.407182,-999,0.695706,-999,-999,-999,-999,-999,-999,-999,0.000619,0.002795,-999,0.000093,0.004028,-999,0.001567,-999,-999,-999,-999,0.001076,0.001136,0.000645,-999,-999,-999,0.001528,0.000192,-999,0.002002,-999,-999,-999,-999,-999,-999,-999,0.026606,0.026606,-999,0.026606,0.026606,-999,0.026606,-999,-999,-999,-999,0.026606,0.026606,0.026606,-999,-999,-999,0.026606,0.026606,-999,0.026606,-999,-999,-999,-999,-999,-999,-999,0.344996,0.329494,-999,0.295668,0.249494,-999,0.234181,-999,-999,-999,-999,0.194175,0.153153,0.138853,-999,-999,-999,0.102147,0.0863,-999,0.064168,-999,-999,-999,-999,-999,-999,-999,0,0,-999,0,0.006912,-999,0.013605,-999,-999,-999,-999,0.034188,0.03536,0.016301,-999,-999,-999,0,0,-999,0,-999,-999,-999,-999,-999,-999,-999,0.362352,0.318805,-999,0.238117,0.156335,-999,0.13276,-999,-999,-999,-999,0.090679,0.059882,0.045054,-999,-999,-999,0.023733,0.015545,-999,0.008015,-999,-999,-999,-999,-999,-999,-999,0.004129,0.00403,-999,0.003254,0.001976,-999,0.001459,-999,-999,-999,-999,0.000491,0.000191,0.000052,-999,-999,-999,0,0,-999,0,-999,-999,-999,-999,-999,-999,-999,0,0,-999,0,0,-999,0,-999,-999,-999,-999,0,0,0,-999,-999,-999,0,0,-999,0.007746,-999,-999,-999,-999,-999,329.518304,0.25349,3.240548,1.889114,3.07737,1017.480052,-999,-999,0.296859,0.380921,-999,0.480128,0.706476,-999,0.763916,-999,-999,-999,-999,0.805071,0.206975,0.125958,-999,-999,-999,0.01283,0.003603,-999,0.000279,-999,-999,-999,-999,-999,-999,-999,0.283826,0.363179,-999,0.453731,0.655744,-999,0.706375,-999,-999,-999,-999,0.74042,0.194946,0.119279,-999,-999,-999,0.01283,0.003603,-999,0.000279,-999,-999,-999,-999,-999,-999,-999,0.463907,0.578613,-999,0.690581,0.966432,-999,1.035213,-999,-999,-999,-999,1.080605,0.271097,0.15962,-999,-999,-999,0.015657,0.004364,-999,0.000338,-999,-999,-999,-999,-999,-999,-999,0.441193,0.547986,-999,0.645302,0.878774,-999,0.935674,-999,-999,-999,-999,0.968117,0.251868,0.149609,-999,-999,-999,0.015657,0.004364,-999,0.000338,-999,-999,-999,-999,-999,-999,-999,0.438309,0.544857,-999,0.64661,0.897033,-999,0.958551,-999,-999,-999,-999,0.996482,0.252484,0.148722,-999,-999,-999,0.015657,0.004364,-999,0.000338,-999,-999,-999,-999,-999,11,-999,-999,0.399829,0.412333,-999,0.442436,0.490041,-999,0.50997,-999,-999,-999,-999,0.559823,0.619891,0.664896,-999,-999,-999,0.779004,0.865115,-999,1.019796,-999,-999,-999,-999,-999,"AAOT",45.3139,12.5083,10,1011,-90,40,"lev20","16:03:2026"
"AAOT","14:07:2025","09:59:15",195,195.416146,-999,-999,28.137108,28.166444,-999,28.194014,28.223492,-999,28.251195,-999,-999,-999,-999,28.280815,28.30865,28.336549,-999,-999,-999,28.366377,28.394407,-999,28.42625,-999,-999,-999,-999,-999,-999,-999,141.26099,141.145315,-999,141.037046,140.921748,-999,140.813833,-999,-999,-999,-999,140.698912,140.591349,140.483957,-999,-999,-999,140.369593,140.262554,-999,140.141447,-999,-999,-999,-999,-999,-999,-999,0.625011,0.72994,-999,0.812803,0.99037,-999,1.021902,-999,-999,-999,-999,1.002589,0.35034,0.24999,-999,-999,-999,0.076945,0.044029,-999,0.020503,-999,-999,-999,-999,-999,-999,-999,0.012505,0.016595,-999,0.013713,0.016196,-999,0.008951,-999,-999,-999,-999,0.006131,0.00686,0.008411,-999,-999,-999,0.002583,0.001254,-999,0.001047,-999,-999,-999,-999,-999,-999,-999,0.612135,0.705046,-999,0.797366,0.97484,-999,1.008886,-999,-999,-999,-999,0.997078,0.340146,0.239086,-999,-999,-999,0.073267,0.042341,-999,0.018859,-999,-999,-999,-999,-999,-999,-999,11.347496,12.610514,-999,11.925722,10.133502,-999,9.288035,-999,-999,-999,-999,7.207308,5.179999,4.191648,-999,-999,-999,2.307915,1.42873,-999,0.704151,-999,-999,-999,-999,-999,-999,-999,0.002694,0.007613,-999,0.001394,0.000513,-999,0.001991,-999,-999,-999,-999,0.000916,0.002009,0.000605,-999,-999,-999,0.000201,0.000176,-999,0.000961,-999,-999,-999,-999,-999,-999,-999,0.026597,0.026597,-999,0.026597,0.026597,-999,0.026597,-999,-999,-999,-999,0.026597,0.026597,0.026597,-999,-999,-999,0.026597,0.026597,-999,0.026597,-999,-999,-999,-999,-999,-999,-999,0.34206,0.326707,-999,0.293144,0.247409,-999,0.232264,-999,-999,-999,-999,0.19288,0.151885,0.137728,-999,-999,-999,0.101308,0.085599,-999,0.063577,-999,-999,-999,-999,-999,-999,-999,0,0,-999,0,0.006912,-999,0.013606,-999,-999,-999,-999,0.034189,0.035361,0.016302,-999,-999,-999,0,0,-999,0,-999,-999,-999,-999,-999,-999,-999,0.362354,0.318806,-999,0.238118,0.156336,-999,0.132761,-999,-999,-999,-999,0.090679,0.059882,0.045054,-999,-999,-999,0.023733,0.015545,-999,0.008015,-999,-999,-999,-999,-999,-999,-999,0.004129,0.00403,-999,0.003254,0.001976,-999,0.001459,-999,-999,-999,-999,0.000491,0.000191,0.000052,-999,-999,-999,0,0,-999,0,-999,-999,-999,-999,-999,-999,-999,0,0,-999,0,0,-999,0,-999,-999,-999,-999,0,0,0,-999,-999,-999,0,0,-999,0.007738,-999,-999,-999,-999,-999,329.516317,0.253487,3.236669,1.900468,3.068283,1017.483199,-999,-999,0.310321,0.369639,-999,0.480173,0.705315,-999,0.761848,-999,-999,-999,-999,0.805382,0.202372,0.127599,-999,-999,-999,0.011882,0.00434,-999,0.000131,-999,-999,-999,-999,-999,-999,-999,0.296813,0.352564,-999,0.453964,0.654951,-999,0.704764,-999,-999,-999,-999,0.741012,0.190694,0.120889,-999,-999,-999,0.011882,0.00434,-999,0.000131,-999,-999,-999,-999,-999,-999,-999,0.481558,0.557638,-999,0.686133,0.958842,-999,1.026049,-999,-999,-999,-999,1.074516,0.263502,0.160772,-999,-999,-999,0.01442,0.005228,-999,0.000158,-999,-999,-999,-999,-999,-999,-999,0.458231,0.528439,-999,0.641635,0.872786,-999,0.928414,-999,-999,-999,-999,0.963798,0.245031,0.150819,-999,-999,-999,0.01442,0.005228,-999,0.000158,-999,-999,-999,-999,-999,-999,-999,0.455105,0.525655,-999,0.642937,0.89072,-999,0.950869,-999,-999,-999,-999,0.991682,0.24565,0.149913,-999,-999,-999,0.01442,0.005228,-999,0.000158,-999,-999,-999,-999,-999,11,-999,-999,0.399829,0.412333,-999,0.442436,0.490041,-999,0.50997,-999,-999,-999,-999,0.559823,0.619891,0.664896,-999,-999,-999,0.779004,0.865115,-999,1.019796,-999,-999,-999,-999,-999,"AAOT",45.3139,12.5083,10,1011,-90,40,"lev20","16:03:2026"
"AAOT","14:07:2025","10:25:55",195,195.434664,-999,-999,25.61963,25.639041,-999,25.659841,25.679431,-999,25.700423,-999,-999,-999,-999,25.720191,25.741372,25.761319,-999,-999,-999,25.781351,25.802812,-999,25.824371,-999,-999,-999,-999,-999,-999,-999,153.806533,153.679954,-999,153.545113,153.418866,-999,153.284381,-999,-999,-999,-999,153.158469,153.024342,152.898766,-999,-999,-999,152.773353,152.639758,-999,152.50635,-999,-999,-999,-999,-999,-999,-999,0.646616,0.753654,-999,0.833317,1.019319,-999,1.053147,-999,-999,-999,-999,1.041881,0.356992,0.253749,-999,-999,-999,0.075637,0.045857,-999,0.020817,-999,-999,-999,-999,-999,-999,-999,0.006864,0.012709,-999,0.010239,0.008709,-999,0.014473,-999,-999,-999,-999,0.005359,0.005401,0.005691,-999,-999,-999,0.001848,0.001513,-999,0.000681,-999,-999,-999,-999,-999,-999,-999,0.637344,0.733502,-999,0.817968,1.007559,-999,1.033173,-999,-999,-999,-999,1.035202,0.348652,0.246265,-999,-999,-999,0.073533,0.043472,-999,0.01988,-999,-999,-999,-999,-999,-999,-999,11.511264,12.729971,-999,11.932057,9.997472,-999,9.117035,-999,-999,-999,-999,7.002692,4.97232,3.985186,-999,-999,-999,2.181224,1.343094,-999,0.66343,-999,-999,-999,-999,-999,-999,-999,0.001895,0.002562,-999,0.002676,0.001324,-999,0.004995,-999,-999,-999,-999,0.000606,0.001142,0.000928,-999,-999,-999,0.002209,0.000843,-999,0.000177,-999,-999,-999,-999,-999,-999,-999,0.02655,0.02655,-999,0.02655,0.02655,-999,0.02655,-999,-999,-999,-999,0.02655,0.02655,0.02655,-999,-999,-999,0.02655,0.02655,-999,0.02655,-999,-999,-999,-999,-999,-999,-999,0.321692,0.307323,-999,0.27541,0.232095,-999,0.217967,-999,-999,-999,-999,0.18157,0.142083,0.129477,-999,-999,-999,0.095218,0.08079,-999,0.059905,-999,-999,-999,-999,-999,-999,-999,0,0,-999,0,0.006913,-999,0.013607,-999,-999,-999,-999,0.034193,0.035365,0.016304,-999,-999,-999,0,0,-999,0,-999,-999,-999,-999,-999,-999,-999,0.36236,0.318811,-999,0.238122,0.156339,-999,0.132763,-999,-999,-999,-999,0.09068,0.059883,0.045055,-999,-999,-999,0.023734,0.015545,-999,0.008015,-999,-999,-999,-999,-999,-999,-999,0.004129,0.00403,-999,0.003254,0.001976,-999,0.001459,-999,-999,-999,-999,0.000491,0.000191,0.000052,-999,-999,-999,0,0,-999,0,-999,-999,-999,-999,-999,-999,-999,0,0,-999,0,0,-999,0,-999,-999,-999,-999,0,0,0,-999,-999,-999,0,0,-999,0.007646,-999,-999,-999,-999,-999,329.505256,0.253472,3.196077,1.919962,3.017448,1017.500725,-999,-999,0.331715,0.395516,-999,0.501167,0.742122,-999,0.791112,-999,-999,-999,-999,0.849277,0.216635,0.140456,-999,-999,-999,0.015621,0.007813,-999,0.002265,-999,-999,-999,-999,-999,-999,-999,0.317983,0.378109,-999,0.474958,0.690893,-999,0.733727,-999,-999,-999,-999,0.783446,0.204672,0.133427,-999,-999,-999,0.015621,0.007813,-999,0.002265,-999,-999,-999,-999,-999,-999,-999,0.498514,0.578231,-999,0.694967,0.980447,-999,1.035746,-999,-999,-999,-999,1.102166,0.274578,0.172428,-999,-999,-999,0.018491,0.009183,-999,0.002664,-999,-999,-999,-999,-999,-999,-999,0.475852,0.549822,-999,0.652635,0.897526,-999,0.942848,-999,-999,-999,-999,0.995122,0.256633,0.162532,-999,-999,-999,0.018491,0.009183,-999,0.002664,-999,-999,-999,-999,-999,-999,-999,0.471919,0.546038,-999,0.65272,0.91309,-999,0.962539,-999,-999,-999,-999,1.020042,0.256778,0.161304,-999,-999,-999,0.018491,0.009183,-999,0.002664,-999,-999,-999,-999,-999,11,-999,-999,0.399829,0.412333,-999,0.442436,0.490041,-999,0.50997,-999,-999,-999,-999,0.559823,0.619891,0.664896,-999,-999,-999,0.779004,0.865115,-999,1.019796,-999,-999,-999,-999,-999,"AAOT",45.3139,12.5083,10,1011,-90,40,"lev20","16:03:2026"
"AAOT","14:07:2025","10:30:42",195,195.437986,-999,-999,25.26409,25.281791,-999,25.300773,25.318662,-999,25.337844,-999,-999,-999,-999,25.355919,25.375299,25.393561,-999,-999,-999,25.413139,25.431585,-999,25.452599,-999,-999,-999,-999,-999,-999,-999,156.267556,156.137961,-999,155.999895,155.870618,-999,155.732891,-999,-999,-999,-999,155.603932,155.466547,155.337909,-999,-999,-999,155.200867,155.072552,-999,154.927318,-999,-999,-999,-999,-999,-999,-999,0.653771,0.763605,-999,0.845594,1.035713,-999,1.071953,-999,-999,-999,-999,1.06134,0.365265,0.257896,-999,-999,-999,0.076571,0.045669,-999,0.022192,-999,-999,-999,-999,-999,-999,-999,0.009659,0.006853,-999,0.009008,0.008278,-999,0.009104,-999,-999,-999,-999,0.013177,0.005453,0.003398,-999,-999,-999,0.002585,0.001794,-999,0.002247,-999,-999,-999,-999,-999,-999,-999,0.64177,0.753516,-999,0.8335,1.025948,-999,1.061608,-999,-999,-999,-999,1.04763,0.358302,0.253489,-999,-999,-999,0.073305,0.042907,-999,0.01893,-999,-999,-999,-999,-999,-999,-999,11.762778,13.017568,-999,12.241143,10.313669,-999,9.406947,-999,-999,-999,-999,7.230943,5.146677,4.152785,-999,-999,-999,2.272012,1.400436,-999,0.68881,-999,-999,-999,-999,-999,-999,-999,0.000694,0.003525,-999,0.004189,0.006225,-999,0.002192,-999,-999,-999,-999,0.001587,0.004534,0.001117,-999,-999,-999,0.001525,0.000807,-999,0.000458,-999,-999,-999,-999,-999,-999,-999,0.026542,0.026542,-999,0.026542,0.026542,-999,0.026542,-999,-999,-999,-999,0.026542,0.026542,0.026542,-999,-999,-999,0.026542,0.026542,-999,0.026542,-999,-999,-999,-999,-999,-999,-999,0.325558,0.310711,-999,0.278337,0.234345,-999,0.219696,-999,-999,-999,-999,0.18276,0.142851,0.130081,-999,-999,-999,0.095448,0.080901,-999,0.059943,-999,-999,-999,-999,-999,-999,-999,0,0,-999,0,0.006913,-999,0.013607,-999,-999,-999,-999,0.034193,0.035365,0.016304,-999,-999,-999,0,0,-999,0,-999,-999,-999,-999,-999,-999,-999,0.362361,0.318813,-999,0.238123,0.156339,-999,0.132763,-999,-999,-999,-999,0.090681,0.059883,0.045055,-999,-999,-999,0.023734,0.015545,-999,0.008015,-999,-999,-999,-999,-999,-999,-999,0.004129,0.00403,-999,0.003254,0.001976,-999,0.001459,-999,-999,-999,-999,0.000491,0.000191,0.000052,-999,-999,-999,0,0,-999,0,-999,-999,-999,-999,-999,-999,-999,0,0,-999,0,0,-999,0,-999,-999,-999,-999,0,0,0,-999,-999,-999,0,0,-999,0.007604,-999,-999,-999,-999,-999,329.503172,0.253469,3.177691,1.892111,3.00833,1017.504027,-999,-999,0.329561,0.408002,-999,0.508594,0.752201,-999,0.811927,-999,-999,-999,-999,0.855705,0.221698,0.143265,-999,-999,-999,0.013001,0.005736,-999,0.000647,-999,-999,-999,-999,-999,-999,-999,0.316092,0.390268,-999,0.482288,0.700753,-999,0.753585,-999,-999,-999,-999,0.790034,0.209612,0.136187,-999,-999,-999,0.013001,0.005736,-999,0.000647,-999,-999,-999,-999,-999,-999,-999,0.493761,0.594646,-999,0.703129,0.990758,-999,1.059694,-999,-999,-999,-999,1.10696,0.280091,0.17532,-999,-999,-999,0.015342,0.006721,-999,0.000759,-999,-999,-999,-999,-999,-999,-999,0.471682,0.565901,-999,0.660947,0.908128,-999,0.966005,-999,-999,-999,-999,1.001081,0.262127,0.165449,-999,-999,-999,0.015342,0.006721,-999,0.000759,-999,-999,-999,-999,-999,-999,-999,0.467623,0.561571,-999,0.660565,0.922983,-999,0.984962,-999,-999,-999,-999,1.024918,0.262036,0.164084,-999,-999,-999,0.015342,0.006721,-999,0.000759,-999,-999,-999,-999,-999,11,-999,-999,0.399829,0.412333,-999,0.442436,0.490041,-999,0.50997,-999,-999,-999,-999,0.559823,0.619891,0.664896,-999,-999,-999,0.779004,0.865115,-999,1.019796,-999,-999,-999,-999,-999,"AAOT",45.3139,12.5083,10,1011,-90,40,"lev20","16:03:2026"
"AAOT","14:07:2025","10:35:34",195,195.441366,-999,-999,24.937873,24.95483,-999,24.970826,24.987992,-999,25.004182,-999,-999,-999,-999,25.020466,25.03794,25.054418,-999,-999,-999,25.072097,25.088768,-999,25.107774,-999,-999,-999,-999,-999,-999,-999,158.820167,158.678862,-999,158.546536,158.405547,-999,158.273518,-999,-999,-999,-999,158.141635,158.00112,157.869538,-999,-999,-999,157.729346,157.598068,-999,157.449464,-999,-999,-999,-999,-999,-999,-999,0.664041,0.777833,-999,0.856422,1.053017,-999,1.087463,-999,-999,-999,-999,1.077148,0.368741,0.259623,-999,-999,-999,0.077491,0.045796,-999,0.021041,-999,-999,-999,-999,-999,-999,-999,0.010395,0.015975,-999,0.006188,0.007458,-999,0.015945,-999,-999,-999,-999,0.01026,0.005439,0.005958,-999,-999,-999,0.002363,0.001908,-999,0.001142,-999,-999,-999,-999,-999,-999,-999,0.650045,0.754844,-999,0.847181,1.041229,-999,1.065991,-999,-999,-999,-999,1.063204,0.359628,0.250581,-999,-999,-999,0.074066,0.042807,-999,0.019457,-999,-999,-999,-999,-999,-999,-999,12.075935,13.368147,-999,12.590789,10.630331,-999,9.656617,-999,-999,-999,-999,7.420564,5.288778,4.261196,-999,-999,-999,2.327453,1.431948,-999,0.704433,-999,-999,-999,-999,-999,-999,-999,0.001392,0.002576,-999,0.000426,0.001726,-999,0.002385,-999,-999,-999,-999,0.00738,0.000691,0.000727,-999,-999,-999,0.000352,0.001384,-999,0.002661,-999,-999,-999,-999,-999,-999,-999,0.027886,0.027886,-999,0.027886,0.027886,-999,0.026534,-999,-999,-999,-999,0.026534,0.026534,0.026534,-999,-999,-999,0.026534,0.026534,-999,0.026534,-999,-999,-999,-999,-999,-999,-999,0.330975,0.315742,-999,0.282754,0.237942,-999,0.222993,-999,-999,-999,-999,0.185588,0.144837,0.131819,-999,-999,-999,0.096591,0.081761,-999,0.060517,-999,-999,-999,-999,-999,-999,-999,0,0,-999,0,0.006913,-999,0.013608,-999,-999,-999,-999,0.034194,0.035366,0.016304,-999,-999,-999,0,0,-999,0,-999,-999,-999,-999,-999,-999,-999,0.362362,0.318814,-999,0.238124,0.15634,-999,0.132764,-999,-999,-999,-999,0.090681,0.059884,0.045055,-999,-999,-999,0.023734,0.015545,-999,0.008015,-999,-999,-999,-999,-999,-999,-999,0.004129,0.00403,-999,0.003254,0.001976,-999,0.001459,-999,-999,-999,-999,0.000491,0.000191,0.000052,-999,-999,-999,0,0,-999,0,-999,-999,-999,-999,-999,-999,-999,0,0,-999,0,0,-999,0,-999,-999,-999,-999,0,0,0,-999,-999,-999,0,0,-999,0.007583,-999,-999,-999,-999,-999,329.501172,0.253466,3.168277,1.997974,2.999052,1017.507196,-999,-999,0.313301,0.382066,-999,0.496081,0.744797,-999,0.809766,-999,-999,-999,-999,0.866309,0.219297,0.137516,-999,-999,-999,0.01231,0.004812,-999,0.000766,-999,-999,-999,-999,-999,-999,-999,0.300296,0.365206,-999,0.470075,0.693226,-999,0.750784,-999,-999,-999,-999,0.798737,0.20712,0.130619,-999,-999,-999,0.01231,0.004812,-999,0.000766,-999,-999,-999,-999,-999,-999,-999,0.46826,0.555491,-999,0.684162,0.978598,-999,1.054218,-999,-999,-999,-999,1.117777,0.276312,0.167836,-999,-999,-999,0.014487,0.005622,-999,0.000896,-999,-999,-999,-999,-999,-999,-999,0.446931,0.52817,-999,0.642552,0.896111,-999,0.959907,-999,-999,-999,-999,1.00931,0.25823,0.158213,-999,-999,-999,0.014487,0.005622,-999,0.000896,-999,-999,-999,-999,-999,-999,-999,0.443785,0.52506,-999,0.643062,0.912008,-999,0.980181,-999,-999,-999,-999,1.0351,0.258609,0.157173,-999,-999,-999,0.014487,0.005622,-999,0.000896,-999,-999,-999,-999,-999,11,-999,-999,0.399829,0.412333,-999,0.442436,0.490041,-999,0.50997,-999,-999,-999,-999,0.559823,0.619891,0.664896,-999,-999,-999,0.779004,0.865115,-999,1.019796,-999,-999,-999,-999,-999,"AAOT",45.3139,12.5083,10,1011,-90,40,"lev20","16:03:2026"
"AAOT","14:07:2025","10:49:57",195,195.451354,-999,-999,24.189266,24.199434,-999,24.210395,24.220778,-999,24.231968,-999,-999,-999,-999,24.242565,24.253983,24.264795,-999,-999,-999,24.27644,24.287464,-999,24.299337,-999,-999,-999,-999,-999,-999,-999,166.651931,166.512374,-999,166.363625,166.224277,-999,166.075753,-999,-999,-999,-999,165.936618,165.788323,165.649405,-999,-999,-999,165.501343,165.362645,-999,165.21482,-999,-999,-999,-999,-999,-999,-999,0.703227,0.818344,-999,0.906025,1.096446,-999,1.125461,-999,-999,-999,-999,1.099249,0.393319,0.282415,-999,-999,-999,0.090743,0.052411,-999,0.024476,-999,-999,-999,-999,-999,-999,-999,0.007673,0.005487,-999,0.015579,0.012693,-999,0.008926,-999,-999,-999,-999,0.008325,0.004173,0.003021,-999,-999,-999,0.002239,0.001714,-999,0.001737,-999,-999,-999,-999,-999,-999,-999,0.692862,0.810903,-999,0.883316,1.079718,-999,1.113323,-999,-999,-999,-999,1.087169,0.388667,0.27757,-999,-999,-999,0.087768,0.049531,-999,0.022765,-999,-999,-999,-999,-999,-999,-999,13.491747,15.032577,-999,14.420463,12.420267,-999,11.405211,-999,-999,-999,-999,8.857993,6.333302,5.107462,-999,-999,-999,2.79032,1.714729,-999,0.835486,-999,-999,-999,-999,-999,-999,-999,0.003117,0.002369,-999,0.001588,0.002256,-999,0.000479,-999,-999,-999,-999,0.001051,0.000952,0.002577,-999,-999,-999,0.002023,0.000865,-999,0.001252,-999,-999,-999,-999,-999,-999,-999,0.027831,0.027831,-999,0.027831,0.027831,-999,0.027831,-999,-999,-999,-999,0.027831,0.027831,0.027831,-999,-999,-999,0.027831,0.027831,-999,0.027831,-999,-999,-999,-999,-999,-999,-999,0.371988,0.354783,-999,0.317009,0.266253,-999,0.248976,-999,-999,-999,-999,0.207019,0.1613,0.145654,-999,-999,-999,0.105701,0.088635,-999,0.064973,-999,-999,-999,-999,-999,-999,-999,0,0,-999,0,0.006913,-999,0.013608,-999,-999,-999,-999,0.034194,0.035367,0.016304,-999,-999,-999,0,0,-999,0,-999,-999,-999,-999,-999,-999,-999,0.362366,0.318816,-999,0.238126,0.156341,-999,0.132765,-999,-999,-999,-999,0.090682,0.059884,0.045056,-999,-999,-999,0.023734,0.015546,-999,0.008015,-999,-999,-999,-999,-999,-999,-999,0.004129,0.00403,-999,0.003254,0.001976,-999,0.001459,-999,-999,-999,-999,0.000491,0.000191,0.000052,-999,-999,-999,0,0,-999,0,-999,-999,-999,-999,-999,-999,-999,0,0,-999,0,0,-999,0,-999,-999,-999,-999,0,0,0,-999,-999,-999,0,0,-999,0.007586,-999,-999,-999,-999,-999,329.495191,0.253458,3.169589,1.919256,2.971633,1017.516671,-999,-999,0.317377,0.392535,-999,0.481984,0.734053,-999,0.795908,-999,-999,-999,-999,0.840645,0.212407,0.135426,-999,-999,-999,0.010111,0.001808,-999,-0.000487,-999,-999,-999,-999,-999,-999,-999,0.304696,0.375844,-999,0.457535,0.6846,-999,0.739527,-999,-999,-999,-999,0.77696,0.201055,0.128891,-999,-999,-999,0.010111,0.001808,-999,-0.000487,-999,-999,-999,-999,-999,-999,-999,0.474167,0.570347,-999,0.663914,0.962527,-999,1.033662,-999,-999,-999,-999,1.081168,0.26656,0.164572,-999,-999,-999,0.011841,0.002102,-999,-0.000566,-999,-999,-999,-999,-999,-999,-999,0.453544,0.543535,-999,0.625171,0.884302,-999,0.944581,-999,-999,-999,-999,0.980318,0.249985,0.155623,-999,-999,-999,0.011841,0.002102,-999,-0.000566,-999,-999,-999,-999,-999,-999,-999,0.450107,0.539879,-999,0.625269,0.898605,-999,0.962758,-999,-999,-999,-999,1.003056,0.249896,0.154345,-999,-999,-999,0.011841,0.002102,-999,-0.000566,-999,-999,-999,-999,-999,11,-999,-999,0.399829,0.412333,-999,0.442436,0.490041,-999,0.50997,-999,-999,-999,-999,0.559823,0.619891,0.664896,-999,-999,-999,0.779004,0.865115,-999,1.019796,-999,-999,-999,-999,-999,"AAOT",45.3139,12.5083,10,1011,-90,40,"lev20","16:03:2026"
"AAOT","14:07:2025","10:54:46",195,195.454699,-999,-999,24.013844,24.021983,-999,24.030782,24.039141,-999,24.048175,-999,-999,-999,-999,24.056753,24.06602,24.074817,-999,-999,-999,24.084317,24.093332,-999,24.103065,-999,-999,-999,-999,-999,-999,-999,169.359127,169.21781,-999,169.067162,168.926017,-999,168.775556,-999,-999,-999,-999,168.634586,168.484315,168.343525,-999,-999,-999,168.193448,168.052843,-999,167.902964,-999,-999,-999,-999,-999,-999,-999,0.707566,0.833038,-999,0.920877,1.103929,-999,1.135661,-999,-999,-999,-999,1.114123,0.400769,0.287124,-999,-999,-999,0.094356,0.055153,-999,0.025237,-999,-999,-999,-999,-999,-999,-999,0.011408,0.009967,-999,0.012222,0.010769,-999,0.017989,-999,-999,-999,-999,0.010288,0.005536,0.003317,-999,-999,-999,0.001785,0.001905,-999,0.001059,-999,-999,-999,-999,-999,-999,-999,0.692477,0.821716,-999,0.908022,1.090561,-999,1.107695,-999,-999,-999,-999,1.1018,0.394566,0.281932,-999,-999,-999,0.092982,0.052926,-999,0.024137,-999,-999,-999,-999,-999,-999,-999,13.729918,15.349199,-999,14.848441,12.846076,-999,11.813244,-999,-999,-999,-999,9.195667,6.616865,5.3145,-999,-999,-999,2.920589,1.796503,-999,0.877896,-999,-999,-999,-999,-999,-999,-999,0.001966,0.002736,-999,0.001496,0.002034,-999,0.002397,-999,-999,-999,-999,0.000473,0.001556,0.000744,-999,-999,-999,0.001805,0.000269,-999,0.000412,-999,-999,-999,-999,-999,-999,-999,0.027812,0.027812,-999,0.027812,0.027812,-999,0.027812,-999,-999,-999,-999,0.027812,0.027812,0.027812,-999,-999,-999,0.027812,0.027812,-999,0.027812,-999,-999,-999,-999,-999,-999,-999,0.413437,0.394205,-999,0.351954,0.294979,-999,0.275485,-999,-999,-999,-999,0.228092,0.178213,0.159843,-999,-999,-999,0.115216,0.095923,-999,0.069711,-999,-999,-999,-999,-999,-999,-999,0,0,-999,0,0.006913,-999,0.013608,-999,-999,-999,-999,0.034195,0.035367,0.016304,-999,-999,-999,0,0,-999,0,-999,-999,-999,-999,-999,-999,-999,0.362367,0.318818,-999,0.238127,0.156342,-999,0.132766,-999,-999,-999,-999,0.090682,0.059884,0.045056,-999,-999,-999,0.023734,0.015546,-999,0.008015,-999,-999,-999,-999,-999,-999,-999,0.004129,0.00403,-999,0.003254,0.001976,-999,0.001459,-999,-999,-999,-999,0.000491,0.000191,0.000052,-999,-999,-999,0,0,-999,0,-999,-999,-999,-999,-999,-999,-999,0,0,-999,0,0,-999,0,-999,-999,-999,-999,0,0,0,-999,-999,-999,0,0,-999,0.007636,-999,-999,-999,-999,-999,329.493121,0.253455,3.191663,1.948688,2.962451,1017.519951,-999,-999,0.310614,0.394817,-999,0.49505,0.73328,-999,0.77914,-999,-999,-999,-999,0.846046,0.210535,0.134123,-999,-999,-999,0.011753,0.002961,-999,-0.000279,-999,-999,-999,-999,-999,-999,-999,0.298059,0.37784,-999,0.469691,0.683482,-999,0.723497,-999,-999,-999,-999,0.781405,0.199164,0.127587,-999,-999,-999,0.011753,0.002961,-999,-0.000279,-999,-999,-999,-999,-999,-999,-999,0.466629,0.576639,-999,0.68495,0.964793,-999,1.014938,-999,-999,-999,-999,1.090353,0.264566,0.163135,-999,-999,-999,0.013765,0.00344,-999,-0.000324,-999,-999,-999,-999,-999,-999,-999,0.446105,0.549251,-999,0.644671,0.886017,-999,0.927062,-999,-999,-999,-999,0.988142,0.247969,0.154184,-999,-999,-999,0.013765,0.00344,-999,-0.000324,-999,-999,-999,-999,-999,-999,-999,0.443055,0.545825,-999,0.64496,0.900882,-999,0.945748,-999,-999,-999,-999,1.011721,0.248109,0.153048,-999,-999,-999,0.013765,0.00344,-999,-0.000324,-999,-999,-999,-999,-999,11,-999,-999,0.399829,0.412333,-999,0.442436,0.490041,-999,0.50997,-999,-999,-999,-999,0.559823,0.619891,0.664896,-999,-999,-999,0.779004,0.865115,-999,1.019796,-999,-999,-999,-999,-999,"AAOT",45.3139,12.5083,10,1011,-90,40,"lev20","16:03:2026"
"AAOT","14:07:2025","10:59:34",195,195.458032,-999,-999,23.878355,23.884431,-999,23.891031,23.897331,-999,23.903738,-999,-999,-999,-999,23.910692,23.917323,23.924515,-999,-999,-999,23.931369,23.938798,-999,23.94635,-999,-999,-999,-999,-999,-999,-999,172.087048,171.944342,-999,171.792192,171.649617,-999,171.507107,-999,-999,-999,-999,171.355169,171.212797,171.061009,-999,-999,-999,170.918779,170.767145,-999,170.615592,-999,-999,-999,-999,-999,-999,-999,0.728699,0.851664,-999,0.939664,1.126906,-999,1.157515,-999,-999,-999,-999,1.12525,0.413715,0.299186,-999,-999,-999,0.107109,0.058506,-999,0.027662,-999,-999,-999,-999,-999,-999,-999,0.008504,0.010838,-999,0.008928,0.008033,-999,0.013979,-999,-999,-999,-999,0.011855,0.007011,0.003359,-999,-999,-999,0.010247,0.001864,-999,0.001046,-999,-999,-999,-999,-999,-999,-999,0.716532,0.836513,-999,0.924681,1.117636,-999,1.13844,-999,-999,-999,-999,1.108512,0.404078,0.294291,-999,-999,-999,0.097054,0.055988,-999,0.026107,-999,-999,-999,-999,-999,-999,-999,14.349945,16.083872,-999,15.563722,13.60127,-999,12.582393,-999,-999,-999,-999,9.907163,7.140209,5.716066,-999,-999,-999,3.108507,1.897229,-999,0.926241,-999,-999,-999,-999,-999,-999,-999,0.004731,0.000955,-999,0.002143,0.005239,-999,0.001126,-999,-999,-999,-999,0.001877,0.00204,0.000567,-999,-999,-999,0.003039,0.000712,-999,0.000676,-999,-999,-999,-999,-999,-999,-999,0.027794,0.027794,-999,0.027794,0.027794,-999,0.027794,-999,-999,-999,-999,0.027794,0.027794,0.027794,-999,-999,-999,0.027794,0.027794,-999,0.027794,-999,-999,-999,-999,-999,-999,-999,0.451703,0.430682,-999,0.384229,0.321637,-999,0.300123,-999,-999,-999,-999,0.248476,0.194158,0.173433,-999,-999,-999,0.12438,0.102884,-999,0.074325,-999,-999,-999,-999,-999,-999,-999,0,0,-999,0,0.006913,-999,0.013608,-999,-999,-999,-999,0.034195,0.035367,0.016304,-999,-999,-999,0,0,-999,0,-999,-999,-999,-999,-999,-999,-999,0.362368,0.318819,-999,0.238127,0.156342,-999,0.132766,-999,-999,-999,-999,0.090682,0.059885,0.045056,-999,-999,-999,0.023734,0.015546,-999,0.008015,-999,-999,-999,-999,-999,-999,-999,0.004129,0.00403,-999,0.003254,0.001976,-999,0.001459,-999,-999,-999,-999,0.000491,0.000191,0.000052,-999,-999,-999,0,0,-999,0,-999,-999,-999,-999,-999,-999,-999,0,0,-999,0,0,-999,0,-999,-999,-999,-999,0,0,0,-999,-999,-999,0,0,-999,0.007678,-999,-999,-999,-999,-999,329.491107,0.253452,3.210096,1.832954,2.953301,1017.523143,-999,-999,0.317684,0.389473,-999,0.492098,0.739598,-999,0.78872,-999,-999,-999,-999,0.833149,0.205621,0.135416,-999,-999,-999,0.010655,0.003256,-999,0.000363,-999,-999,-999,-999,-999,-999,-999,0.305093,0.37304,-999,0.467312,0.690145,-999,0.733351,-999,-999,-999,-999,0.770783,0.194779,0.128954,-999,-999,-999,0.010655,0.003256,-999,0.000363,-999,-999,-999,-999,-999,-999,-999,0.47981,0.57171,-999,0.683831,0.97642,-999,1.03054,-999,-999,-999,-999,1.076191,0.258783,0.164894,-999,-999,-999,0.012484,0.003783,-999,0.000422,-999,-999,-999,-999,-999,-999,-999,0.459255,0.545245,-999,0.644534,0.89837,-999,0.943348,-999,-999,-999,-999,0.977978,0.243083,0.156127,-999,-999,-999,0.012484,0.003783,-999,0.000422,-999,-999,-999,-999,-999,-999,-999,0.455728,0.541543,-999,0.644287,0.91206,-999,0.960558,-999,-999,-999,-999,0.999168,0.242816,0.154747,-999,-999,-999,0.012484,0.003783,-999,0.000422,-999,-999,-999,-999,-999,11,-999,-999,0.399829,0.412333,-999,0.442436,0.490041,-999,0.50997,-999,-999,-999,-999,0.559823,0.619891,0.664896,-999,-999,-999,0.779004,0.865115,-999,1.019796,-999,-999,-999,-999,-999,"AAOT",45.3139,12.5083,10,1011,-90,40,"lev20","16:03:2026"
"AAOT","14:07:2025","11:25:29",195,195.47603,-999,-999,23.845036,23.839704,-999,23.83448,23.829028,-999,23.82403,-999,-999,-999,-999,23.818819,23.814046,23.809076,-999,-999,-999,23.804529,23.800092,-999,23.795196,-999,-999,-999,-999,-999,-999,-999,187.008185,186.865075,-999,186.72191,186.569142,-999,186.425869,-999,-999,-999,-999,186.272987,186.129609,185.976619,-999,-999,-999,185.833141,185.689617,-999,185.526902,-999,-999,-999,-999,-999,-999,-999,0.755518,0.887881,-999,0.978411,1.166,-999,1.208686,-999,-999,-999,-999,1.174991,0.446325,0.32577,-999,-999,-999,0.122541,0.072232,-999,0.033605,-999,-999,-999,-999,-999,-999,-999,0.011069,0.015013,-999,0.00971,0.010465,-999,0.012213,-999,-999,-999,-999,0.007346,0.004747,0.006128,-999,-999,-999,0.006114,0.003203,-999,0.00176,-999,-999,-999,-999,-999,-999,-999,0.738951,0.869807,-999,0.965483,1.151941,-999,1.194361,-999,-999,-999,-999,1.165881,0.43984,0.318099,-999,-999,-999,0.115856,0.06867,-999,0.03142,-999,-999,-999,-999,-999,-999,-999,15.435736,17.439526,-999,17.233411,15.484291,-999,14.427507,-999,-999,-999,-999,11.605078,8.591983,7.045381,-999,-999,-999,3.914376,2.404784,-999,1.173547,-999,-999,-999,-999,-999,-999,-999,0.019275,0.009969,-999,0.016517,0.00165,-999,0.000897,-999,-999,-999,-999,0.002438,0.001118,0.000605,-999,-999,-999,0.001208,0.001305,-999,0.000333,-999,-999,-999,-999,-999,-999,-999,0.027697,0.027697,-999,0.027697,0.027697,-999,0.027697,-999,-999,-999,-999,0.027697,0.027697,0.027697,-999,-999,-999,0.027697,0.027697,-999,0.027697,-999,-999,-999,-999,-999,-999,-999,0.591592,0.564249,-999,0.504213,0.422025,-999,0.393375,-999,-999,-999,-999,0.325594,0.256737,0.227056,-999,-999,-999,0.161403,0.131771,-999,0.093825,-999,-999,-999,-999,-999,-999,-999,0,0,-999,0,0.006913,-999,0.013607,-999,-999,-999,-999,0.034194,0.035366,0.016304,-999,-999,-999,0,0,-999,0,-999,-999,-999,-999,-999,-999,-999,0.362374,0.318824,-999,0.238131,0.156345,-999,0.132768,-999,-999,-999,-999,0.090684,0.059886,0.045057,-999,-999,-999,0.023735,0.015546,-999,0.008015,-999,-999,-999,-999,-999,-999,-999,0.004129,0.00403,-999,0.003253,0.001976,-999,0.001459,-999,-999,-999,-999,0.000491,0.000191,0.000052,-999,-999,-999,0,0,-999,0,-999,-999,-999,-999,-999,-999,-999,0,0,-999,0,0,-999,0,-999,-999,-999,-999,0,0,0,-999,-999,-999,0,0,-999,0.007923,-999,-999,-999,-999,-999,329.480262,0.253437,3.318695,1.98234,2.903895,1017.540326,-999,-999,0.311421,0.386778,-999,0.488162,0.723066,-999,0.794756,-999,-999,-999,-999,0.84445,0.201864,0.122961,-999,-999,-999,0.007438,0.002064,-999,-0.001084,-999,-999,-999,-999,-999,-999,-999,0.298365,0.369553,-999,0.462379,0.672776,-999,0.73667,-999,-999,-999,-999,0.778477,0.190637,0.116789,-999,-999,-999,0.007438,0.002064,-999,-0.001084,-999,-999,-999,-999,-999,-999,-999,0.481843,0.580924,-999,0.692386,0.970914,-999,1.05476,-999,-999,-999,-999,1.104712,0.256624,0.150993,-999,-999,-999,0.008763,0.002408,-999,-0.001261,-999,-999,-999,-999,-999,-999,-999,0.459898,0.55243,-999,0.650636,0.890379,-999,0.962089,-999,-999,-999,-999,0.999746,0.240128,0.142485,-999,-999,-999,0.008763,0.002408,-999,-0.001261,-999,-999,-999,-999,-999,-999,-999,0.457509,0.55003,-999,0.652115,0.906847,-999,0.982724,-999,-999,-999,-999,1.025233,0.240797,0.141762,-999,-999,-999,0.008763,0.002408,-999,-0.001261,-999,-999,-999,-999,-999,11,-999,-999,0.399829,0.412333,-999,0.442436,0.490041,-999,0.50997,-999,-999,-999,-999,0.559823,0.619891,0.664896,-999,-999,-999,0.779004,0.865115,-999,1.019796,-999,-999,-999,-999,-999,"AAOT",45.3139,12.5083,10,1011,-90,40,"lev20","16:03:2026"
"AAOT","14:07:2025","11:30:25",195,195.479456,-999,-999,23.972437,23.964971,-999,23.957126,23.949882,-999,23.942273,-999,-999,-999,-999,23.935252,23.928337,23.921081,-999,-999,-999,23.914389,23.907371,-999,23.900475,-999,-999,-999,-999,-999,-999,-999,189.819509,189.67769,-999,189.526334,189.384361,-999,189.232843,-999,-999,-999,-999,189.09072,188.948526,188.796776,-999,-999,-999,188.654439,188.502538,-999,188.350561,-999,-999,-999,-999,-999,-999,-999,0.756795,0.880914,-999,0.976377,1.174001,-999,1.223528,-999,-999,-999,-999,1.200553,0.445153,0.327835,-999,-999,-999,0.124763,0.073164,-999,0.034661,-999,-999,-999,-999,-999,-999,-999,0.010321,0.012365,-999,0.020034,0.012755,-999,0.017735,-999,-999,-999,-999,0.01443,0.007275,0.007129,-999,-999,-999,0.00619,0.00355,-999,0.001458,-999,-999,-999,-999,-999,-999,-999,0.741838,0.867531,-999,0.952124,1.152384,-999,1.198922,-999,-999,-999,-999,1.183186,0.434627,0.31919,-999,-999,-999,0.116275,0.06897,-999,0.032933,-999,-999,-999,-999,-999,-999,-999,15.638757,17.695126,-999,17.47538,15.712562,-999,14.659563,-999,-999,-999,-999,11.865072,8.793108,7.2181,-999,-999,-999,4.019246,2.476395,-999,1.2077,-999,-999,-999,-999,-999,-999,-999,0.000676,0.00342,-999,0.001072,0.002884,-999,0.001972,-999,-999,-999,-999,0.002915,0.000432,0.001223,-999,-999,-999,0.000821,0.002366,-999,0.000366,-999,-999,-999,-999,-999,-999,-999,0.027679,0.027679,-999,0.027679,0.027679,-999,0.027679,-999,-999,-999,-999,0.027679,0.027679,0.027679,-999,-999,-999,0.027679,0.027679,-999,0.027679,-999,-999,-999,-999,-999,-999,-999,0.631318,0.602723,-999,0.539681,0.452751,-999,0.422358,-999,-999,-999,-999,0.350413,0.277618,0.245164,-999,-999,-999,0.174443,0.142103,-999,0.10079,-999,-999,-999,-999,-999,-999,-999,0,0,-999,0,0.006913,-999,0.013607,-999,-999,-999,-999,0.034193,0.035365,0.016304,-999,-999,-999,0,0,-999,0,-999,-999,-999,-999,-999,-999,-999,0.362375,0.318825,-999,0.238132,0.156345,-999,0.132769,-999,-999,-999,-999,0.090684,0.059886,0.045057,-999,-999,-999,0.023735,0.015546,-999,0.008015,-999,-999,-999,-999,-999,-999,-999,0.004129,0.00403,-999,0.003253,0.001976,-999,0.001459,-999,-999,-999,-999,0.000491,0.000191,0.000052,-999,-999,-999,0,0,-999,0,-999,-999,-999,-999,-999,-999,-999,0,0,-999,0,0,-999,0,-999,-999,-999,-999,0,0,0,-999,-999,-999,0,0,-999,0.008002,-999,-999,-999,-999,-999,329.478262,0.253435,3.353798,2.075879,2.894491,1017.543495,-999,-999,0.30897,0.377745,-999,0.468421,0.717474,-999,0.793158,-999,-999,-999,-999,0.854771,0.191241,0.119399,-999,-999,-999,0.005026,0.000425,-999,-0.000495,-999,-999,-999,-999,-999,-999,-999,0.295662,0.360478,-999,0.4431,0.666583,-999,0.733998,-999,-999,-999,-999,0.786508,0.180311,0.113251,-999,-999,-999,0.005026,0.000425,-999,-0.000495,-999,-999,-999,-999,-999,-999,-999,0.482013,0.571904,-999,0.669303,0.969664,-999,1.059116,-999,-999,-999,-999,1.124241,0.24425,0.147223,-999,-999,-999,0.005939,0.000498,-999,-0.000577,-999,-999,-999,-999,-999,-999,-999,0.459366,0.543003,-999,0.627886,0.887484,-999,0.963969,-999,-999,-999,-999,1.014807,0.228033,0.138656,-999,-999,-999,0.005939,0.000498,-999,-0.000577,-999,-999,-999,-999,-999,-999,-999,0.4574,0.541259,-999,0.63024,0.905208,-999,0.986225,-999,-999,-999,-999,1.042637,0.229156,0.138184,-999,-999,-999,0.005939,0.000498,-999,-0.000577,-999,-999,-999,-999,-999,11,-999,-999,0.399829,0.412333,-999,0.442436,0.490041,-999,0.50997,-999,-999,-999,-999,0.559823,0.619891,0.664896,-999,-999,-999,0.779004,0.865115,-999,1.019796,-999,-999,-999,-999,-999,"AAOT",45.3139,12.5083,10,1011,-90,40,"lev20","16:03:2026"
"AAOT","14:07:2025","11:35:12",195,195.482778,-999,-999,24.136421,24.126918,-999,24.116898,24.107612,-999,24.097823,-999,-999,-999,-999,24.088755,24.079199,24.07035,-999,-999,-999,24.061027,24.052396,-999,24.042742,-999,-999,-999,-999,-999,-999,-999,192.526472,192.38629,-999,192.236658,192.096283,-999,191.946447,-999,-999,-999,-999,191.805883,191.655848,191.515098,-999,-999,-999,191.364868,191.223937,-999,191.064112,-999,-999,-999,-999,-999,-999,-999,0.762866,0.892314,-999,0.982113,1.175373,-999,1.212402,-999,-999,-999,-999,1.194947,0.455305,0.335064,-999,-999,-999,0.127275,0.077927,-999,0.036631,-999,-999,-999,-999,-999,-999,-999,0.016676,0.017784,-999,0.025258,0.014137,-999,0.012681,-999,-999,-999,-999,0.009178,0.010849,0.011697,-999,-999,-999,0.00289,0.003354,-999,0.00179,-999,-999,-999,-999,-999,-999,-999,0.744147,0.870092,-999,0.949147,1.151307,-999,1.196553,-999,-999,-999,-999,1.184287,0.441212,0.319781,-999,-999,-999,0.122898,0.073697,-999,0.033708,-999,-999,-999,-999,-999,-999,-999,15.653833,17.742048,-999,17.639607,15.958376,-999,14.88688,-999,-999,-999,-999,11.996451,8.909813,7.337991,-999,-999,-999,4.138833,2.577165,-999,1.269134,-999,-999,-999,-999,-999,-999,-999,0.001856,0.001112,-999,0.001535,0.003317,-999,0.00095,-999,-999,-999,-999,0.007691,0.000939,0.000897,-999,-999,-999,0.002126,0.001692,-999,0.001065,-999,-999,-999,-999,-999,-999,-999,0.027661,0.027661,-999,0.027661,0.027661,-999,0.027661,-999,-999,-999,-999,0.027661,0.027661,0.027661,-999,-999,-999,0.027661,0.027661,-999,0.027661,-999,-999,-999,-999,-999,-999,-999,0.648997,0.620039,-999,0.555805,0.466949,-999,0.435798,-999,-999,-999,-999,0.362048,0.287613,0.254017,-999,-999,-999,0.180917,0.147297,-999,0.104372,-999,-999,-999,-999,-999,-999,-999,0,0,-999,0,0.006913,-999,0.013607,-999,-999,-999,-999,0.034193,0.035365,0.016303,-999,-999,-999,0,0,-999,0,-999,-999,-999,-999,-999,-999,-999,0.362376,0.318826,-999,0.238133,0.156346,-999,0.132769,-999,-999,-999,-999,0.090685,0.059886,0.045057,-999,-999,-999,0.023735,0.015546,-999,0.008015,-999,-999,-999,-999,-999,-999,-999,0.004129,0.00403,-999,0.003253,0.001976,-999,0.001459,-999,-999,-999,-999,0.000491,0.000191,0.000052,-999,-999,-999,0,0,-999,0,-999,-999,-999,-999,-999,-999,-999,0,0,-999,0,0,-999,0,-999,-999,-999,-999,0,0,0,-999,-999,-999,0,0,-999,0.008038,-999,-999,-999,-999,-999,329.476199,0.253432,3.369538,2.113729,2.885372,1017.546764,-999,-999,0.311139,0.379321,-999,0.461209,0.709874,-999,0.78476,-999,-999,-999,-999,0.852448,0.194753,0.116801,-999,-999,-999,0.008411,0.002408,-999,-0.001399,-999,-999,-999,-999,-999,-999,-999,0.297563,0.361763,-999,0.436,0.659052,-999,0.72567,-999,-999,-999,-999,0.783687,0.183482,0.110713,-999,-999,-999,0.008411,0.002408,-999,-0.001399,-999,-999,-999,-999,-999,-999,-999,0.487726,0.576975,-999,0.661879,0.963175,-999,1.051856,-999,-999,-999,-999,1.125018,0.2495,0.144425,-999,-999,-999,0.009963,0.002823,-999,-0.001634,-999,-999,-999,-999,-999,-999,-999,0.464459,0.547385,-999,0.620381,0.880625,-999,0.956273,-999,-999,-999,-999,1.014171,0.232672,0.135886,-999,-999,-999,0.009963,0.002823,-999,-0.001634,-999,-999,-999,-999,-999,-999,-999,0.46267,0.545891,-999,0.623181,0.899006,-999,0.979308,-999,-999,-999,-999,1.043088,0.233989,0.135534,-999,-999,-999,0.009963,0.002823,-999,-0.001634,-999,-999,-999,-999,-999,11,-999,-999,0.399829,0.412333,-999,0.442436,0.490041,-999,0.50997,-999,-999,-999,-999,0.559823,0.619891,0.664896,-999,-999,-999,0.779004,0.865115,-999,1.019796,-999,-999,-999,-999,-999,"AAOT",45.3139,12.5083,10,1011,-90,40,"lev20","16:03:2026"
"AAOT","14:07:2025","11:49:51",195,195.492951,-999,-999,24.871606,24.855186,-999,24.83989,24.823681,-999,24.808584,-999,-999,-999,-999,24.792587,24.77769,24.761906,-999,-999,-999,24.747208,24.731638,-999,24.716179,-999,-999,-999,-999,-999,-999,-999,200.546844,200.404732,-999,200.271357,200.128938,-999,199.995277,-999,-999,-999,-999,199.852554,199.718609,199.575585,-999,-999,-999,199.44136,199.298037,-999,199.154562,-999,-999,-999,-999,-999,-999,-999,0.741086,0.882915,-999,0.975075,1.172825,-999,1.230195,-999,-999,-999,-999,1.199953,0.463204,0.348182,-999,-999,-999,0.140907,0.086194,-999,0.04134,-999,-999,-999,-999,-999,-999,-999,0.014839,0.015359,-999,0.01342,0.018671,-999,0.018199,-999,-999,-999,-999,0.011119,0.00712,0.009817,-999,-999,-999,0.006242,0.003107,-999,0.002612,-999,-999,-999,-999,-999,-999,-999,0.720862,0.861935,-999,0.959287,1.147629,-999,1.206149,-999,-999,-999,-999,1.184707,0.450724,0.333048,-999,-999,-999,0.133212,0.08102,-999,0.039021,-999,-999,-999,-999,-999,-999,-999,15.807016,17.96186,-999,17.924875,16.352144,-999,15.356364,-999,-999,-999,-999,12.582269,9.55715,7.95753,-999,-999,-999,4.591195,2.874127,-999,1.39817,-999,-999,-999,-999,-999,-999,-999,0.001503,0.005618,-999,0.001406,0.002095,-999,0.001187,-999,-999,-999,-999,0.003025,0.001348,0.000315,-999,-999,-999,0.001039,0.000558,-999,0.000615,-999,-999,-999,-999,-999,-999,-999,0.027608,0.027608,-999,0.027608,0.027608,-999,0.027608,-999,-999,-999,-999,0.027608,0.027608,0.027608,-999,-999,-999,0.027608,0.027608,-999,0.027608,-999,-999,-999,-999,-999,-999,-999,0.682172,0.652085,-999,0.585326,0.492749,-999,0.460288,-999,-999,-999,-999,0.38338,0.305596,0.269824,-999,-999,-999,0.192344,0.156436,-999,0.110711,-999,-999,-999,-999,-999,-999,-999,0,0,-999,0,0.006912,-999,0.013606,-999,-999,-999,-999,0.034191,0.035363,0.016303,-999,-999,-999,0,0,-999,0,-999,-999,-999,-999,-999,-999,-999,0.36238,0.318829,-999,0.238135,0.156347,-999,0.13277,-999,-999,-999,-999,0.090685,0.059887,0.045058,-999,-999,-999,0.023735,0.015546,-999,0.008015,-999,-999,-999,-999,-999,-999,-999,0.004128,0.004029,-999,0.003253,0.001976,-999,0.001459,-999,-999,-999,-999,0.000491,0.000191,0.000052,-999,-999,-999,0,0,-999,0,-999,-999,-999,-999,-999,-999,-999,0,0,-999,0,0,-999,0,-999,-999,-999,-999,0,0,0,-999,-999,-999,0,0,-999,0.008108,-999,-999,-999,-999,-999,329.470072,0.253423,3.400597,2.115125,2.857445,1017.556471,-999,-999,0.284467,0.366049,-999,0.464422,0.696184,-999,0.782195,-999,-999,-999,-999,0.837339,0.186873,0.113359,-999,-999,-999,0.00646,0.001672,-999,0.00042,-999,-999,-999,-999,-999,-999,-999,0.271814,0.348791,-999,0.438623,0.645698,-999,0.722569,-999,-999,-999,-999,0.769006,0.175882,0.107345,-999,-999,-999,0.00646,0.001672,-999,0.00042,-999,-999,-999,-999,-999,-999,-999,0.452025,0.56416,-999,0.674748,0.9553,-999,1.059921,-999,-999,-999,-999,1.116406,0.241663,0.1414,-999,-999,-999,0.007711,0.001973,-999,0.000494,-999,-999,-999,-999,-999,-999,-999,0.429944,0.534547,-999,0.631498,0.871773,-999,0.961688,-999,-999,-999,-999,1.004238,0.22497,0.132824,-999,-999,-999,0.007711,0.001973,-999,0.000494,-999,-999,-999,-999,-999,-999,-999,0.428891,0.533579,-999,0.634754,0.891097,-999,0.985975,-999,-999,-999,-999,1.034366,0.226482,0.132581,-999,-999,-999,0.007711,0.001973,-999,0.000494,-999,-999,-999,-999,-999,11,-999,-999,0.399829,0.412333,-999,0.442436,0.490041,-999,0.50997,-999,-999,-999,-999,0.559823,0.619891,0.664896,-999,-999,-999,0.779004,0.865115,-999,1.019796,-999,-999,-999,-999,-999,"AAOT",45.3139,12.5083,10,1011,-90,40,"lev20","16:03:2026"
"AAOT","14:07:2025","11:54:38",195,195.496273,-999,-999,25.184406,25.166069,-999,25.148974,25.13197,-999,25.113936,-999,-999,-999,-999,25.097124,25.079294,25.062674,-999,-999,-999,25.04505,25.027532,-999,25.01012,-999,-999,-999,-999,-999,-999,-999,203.068246,202.929097,-999,202.79849,202.667734,-999,202.528096,-999,-999,-999,-999,202.397031,202.257067,202.125697,-999,-999,-999,201.985408,201.844953,-999,201.704331,-999,-999,-999,-999,-999,-999,-999,0.744672,0.871894,-999,0.961057,1.155509,-999,1.201804,-999,-999,-999,-999,1.171702,0.453559,0.338096,-999,-999,-999,0.133987,0.081304,-999,0.038806,-999,-999,-999,-999,-999,-999,-999,0.013616,0.014704,-999,0.012948,0.012505,-999,0.013127,-999,-999,-999,-999,0.013903,0.011279,0.005683,-999,-999,-999,0.005902,0.002265,-999,0.001826,-999,-999,-999,-999,-999,-999,-999,0.726058,0.851691,-999,0.947215,1.136279,-999,1.18512,-999,-999,-999,-999,1.151618,0.433941,0.329186,-999,-999,-999,0.12579,0.077924,-999,0.036065,-999,-999,-999,-999,-999,-999,-999,15.708555,17.813573,-999,17.717728,16.07133,-999,15.124466,-999,-999,-999,-999,12.407333,9.365964,7.799866,-999,-999,-999,4.465291,2.804513,-999,1.370186,-999,-999,-999,-999,-999,-999,-999,0.002188,0.003073,-999,0.002695,0.002062,-999,0.001907,-999,-999,-999,-999,0.001717,0.004394,0.003149,-999,-999,-999,0.00118,0.000657,-999,0.00007,-999,-999,-999,-999,-999,-999,-999,0.026402,0.026402,-999,0.026402,0.026402,-999,0.026402,-999,-999,-999,-999,0.026402,0.026402,0.026402,-999,-999,-999,0.026402,0.026402,-999,0.026402,-999,-999,-999,-999,-999,-999,-999,0.688487,0.658348,-999,0.59124,0.498121,-999,0.465482,-999,-999,-999,-999,0.388144,0.309704,0.273517,-999,-999,-999,0.19512,0.158719,-999,0.112296,-999,-999,-999,-999,-999,-999,-999,0,0,-999,0,0.006912,-999,0.013606,-999,-999,-999,-999,0.03419,0.035362,0.016302,-999,-999,-999,0,0,-999,0,-999,-999,-999,-999,-999,-999,-999,0.362381,0.31883,-999,0.238136,0.156348,-999,0.132771,-999,-999,-999,-999,0.090686,0.059887,0.045058,-999,-999,-999,0.023735,0.015546,-999,0.008015,-999,-999,-999,-999,-999,-999,-999,0.004128,0.004029,-999,0.003253,0.001976,-999,0.001459,-999,-999,-999,-999,0.000491,0.000191,0.000052,-999,-999,-999,0,0,-999,0,-999,-999,-999,-999,-999,-999,-999,0,0,-999,0,0,-999,0,-999,-999,-999,-999,0,0,0,-999,-999,-999,0,0,-999,0.008119,-999,-999,-999,-999,-999,329.468072,0.253421,3.40552,1.923304,2.848326,1017.55964,-999,-999,0.311318,0.381373,-999,0.479428,0.711961,-999,0.785801,-999,-999,-999,-999,0.824037,0.186659,0.123252,-999,-999,-999,0.007897,0.003879,-999,-0.000111,-999,-999,-999,-999,-999,-999,-999,0.297865,0.363892,-999,0.45346,0.661504,-999,0.727388,-999,-999,-999,-999,0.758746,0.176048,0.116902,-999,-999,-999,0.007897,0.003879,-999,-0.000111,-999,-999,-999,-999,-999,-999,-999,0.496931,0.590373,-999,0.699464,0.98079,-999,1.068892,-999,-999,-999,-999,1.102747,0.242228,0.154251,-999,-999,-999,0.009455,0.004592,-999,-0.000131,-999,-999,-999,-999,-999,-999,-999,0.473486,0.560395,-999,0.655866,0.897023,-999,0.972336,-999,-999,-999,-999,0.995247,0.226151,0.145235,-999,-999,-999,0.009455,0.004592,-999,-0.000131,-999,-999,-999,-999,-999,-999,-999,0.471036,0.558089,-999,0.657713,0.914483,-999,0.994092,-999,-999,-999,-999,1.021699,0.226959,0.144535,-999,-999,-999,0.009455,0.004592,-999,-0.000131,-999,-999,-999,-999,-999,11,-999,-999,0.399829,0.412333,-999,0.442436,0.490041,-999,0.50997,-999,-999,-999,-999,0.559823,0.619891,0.664896,-999,-999,-999,0.779004,0.865115,-999,1.019796,-999,-999,-999,-999,-999,"AAOT",45.3139,12.5083,10,1011,-90,40,"lev20","16:03:2026"
"AAOT","14:07:2025","11:59:29",195,195.499641,-999,-999,25.534659,25.515722,-999,25.495621,25.476867,-999,25.458202,-999,-999,-999,-999,25.43839,25.419909,25.400294,-999,-999,-999,25.381998,25.362581,-999,25.343266,-999,-999,-999,-999,-999,-999,-999,205.560074,205.432619,-999,205.296491,205.168708,-999,205.040767,-999,-999,-999,-999,204.904123,204.775858,204.638868,-999,-999,-999,204.51028,204.372947,-999,204.235438,-999,-999,-999,-999,-999,-999,-999,0.749955,0.884363,-999,0.967569,1.171891,-999,1.201545,-999,-999,-999,-999,1.169567,0.454083,0.337286,-999,-999,-999,0.133634,0.081734,-999,0.038749,-999,-999,-999,-999,-999,-999,-999,0.020772,0.024732,-999,0.022191,0.021948,-999,0.025976,-999,-999,-999,-999,0.022065,0.015017,0.012545,-999,-999,-999,0.008806,0.006013,-999,0.004393,-999,-999,-999,-999,-999,-999,-999,0.728368,0.844956,-999,0.936834,1.149785,-999,1.168059,-999,-999,-999,-999,1.150884,0.433712,0.315873,-999,-999,-999,0.124801,0.075993,-999,0.032828,-999,-999,-999,-999,-999,-999,-999,15.732226,17.951935,-999,18.012812,16.45808,-999,15.394593,-999,-999,-999,-999,12.480189,9.363617,7.724836,-999,-999,-999,4.400183,2.741935,-999,1.362657,-999,-999,-999,-999,-999,-999,-999,0.010267,0.000767,-999,0.003256,0.001332,-999,0.002419,-999,-999,-999,-999,0.003738,0.001248,0.000189,-999,-999,-999,0.000463,0.00097,-999,0.000372,-999,-999,-999,-999,-999,-999,-999,0.026394,0.026394,-999,0.026394,0.026394,-999,0.026394,-999,-999,-999,-999,0.026394,0.026394,0.026394,-999,-999,-999,0.026394,0.026394,-999,0.026394,-999,-999,-999,-999,-999,-999,-999,0.701944,0.671381,-999,0.603255,0.508396,-999,0.475302,-999,-999,-999,-999,0.396741,0.317048,0.279995,-999,-999,-999,0.199869,0.162435,-999,0.114875,-999,-999,-999,-999,-999,-999,-999,0,0,-999,0,0.006912,-999,0.013606,-999,-999,-999,-999,0.034189,0.035361,0.016302,-999,-999,-999,0,0,-999,0,-999,-999,-999,-999,-999,-999,-999,0.362382,0.318831,-999,0.238137,0.156348,-999,0.132771,-999,-999,-999,-999,0.090686,0.059887,0.045058,-999,-999,-999,0.023735,0.015546,-999,0.008015,-999,-999,-999,-999,-999,-999,-999,0.004128,0.004029,-999,0.003253,0.001976,-999,0.001459,-999,-999,-999,-999,0.000491,0.000191,0.000052,-999,-999,-999,0,0,-999,0,-999,-999,-999,-999,-999,-999,-999,0,0,-999,0,0,-999,0,-999,-999,-999,-999,0,0,0,-999,-999,-999,0,0,-999,0.008154,-999,-999,-999,-999,-999,329.466071,0.253418,3.420914,1.883872,2.83908,1017.56281,-999,-999,0.313124,0.371125,-999,0.461396,0.715383,-999,0.761728,-999,-999,-999,-999,0.821476,0.186564,0.11198,-999,-999,-999,0.00866,0.003622,-999,-0.003139,-999,-999,-999,-999,-999,-999,-999,0.299584,0.354103,-999,0.436394,0.664702,-999,0.705161,-999,-999,-999,-999,0.756533,0.175975,0.106209,-999,-999,-999,0.00866,0.003622,-999,-0.003139,-999,-999,-999,-999,-999,-999,-999,0.50295,0.578013,-999,0.676999,0.990645,-999,1.04142,-999,-999,-999,-999,1.104589,0.243189,0.140731,-999,-999,-999,0.010408,0.004303,-999,-0.003714,-999,-999,-999,-999,-999,-999,-999,0.479201,0.548629,-999,0.634723,0.905854,-999,0.947194,-999,-999,-999,-999,0.996855,0.227048,0.132494,-999,-999,-999,0.010408,0.004303,-999,-0.003714,-999,-999,-999,-999,-999,-999,-999,0.476702,0.546523,-999,0.636739,0.923318,-999,0.968572,-999,-999,-999,-999,1.023001,0.227753,0.131857,-999,-999,-999,0.010408,0.004303,-999,-0.003714,-999,-999,-999,-999,-999,11,-999,-999,0.399829,0.412333,-999,0.442436,0.490041,-999,0.50997,-999,-999,-999,-999,0.559823,0.619891,0.664896,-999,-999,-999,0.779004,0.865115,-999,1.019796,-999,-999,-999,-999,-999,"AAOT",45.3139,12.5083,10,1011,-90,40,"lev20","16:03:2026"
"AAOT","14:07:2025","12:54:32",195,195.53787,-999,-999,31.482359,31.44671,-999,31.413335,31.377786,-999,31.344507,-999,-999,-999,-999,31.309059,31.275874,31.240528,-999,-999,-999,31.207438,31.174396,-999,31.139202,-999,-999,-999,-999,-999,-999,-999,229.535333,229.438225,-999,229.347033,229.249599,-999,229.1581,-999,-999,-999,-999,229.060338,228.968532,228.87044,-999,-999,-999,228.778325,228.686059,-999,228.587477,-999,-999,-999,-999,-999,-999,-999,0.673174,0.785751,-999,0.882454,1.040913,-999,1.096295,-999,-999,-999,-999,1.087333,0.416376,0.304456,-999,-999,-999,0.123434,0.074568,-999,0.037335,-999,-999,-999,-999,-999,-999,-999,0.028325,0.022517,-999,0.031933,0.026402,-999,0.027446,-999,-999,-999,-999,0.015367,0.020203,0.014559,-999,-999,-999,0.012864,0.005021,-999,0.008332,-999,-999,-999,-999,-999,-999,-999,0.650047,0.759873,-999,0.854748,1.006673,-999,1.061312,-999,-999,-999,-999,1.069499,0.391594,0.285794,-999,-999,-999,0.108891,0.070468,-999,0.032089,-999,-999,-999,-999,-999,-999,-999,13.901156,15.744641,-999,15.605484,14.176439,-999,13.324536,-999,-999,-999,-999,10.938483,8.267418,6.962386,-999,-999,-999,4.045612,2.526438,-999,1.237445,-999,-999,-999,-999,-999,-999,-999,0.010007,0.001263,-999,0.002575,0.002157,-999,0.006043,-999,-999,-999,-999,0.003115,0.003339,0.008816,-999,-999,-999,0.001149,0.001132,-999,0.000772,-999,-999,-999,-999,-999,-999,-999,0.026297,0.026297,-999,0.026297,0.026297,-999,0.026297,-999,-999,-999,-999,0.026297,0.026297,0.026297,-999,-999,-999,0.026297,0.026297,-999,0.026297,-999,-999,-999,-999,-999,-999,-999,0.645171,0.616663,-999,0.554114,0.466946,-999,0.437081,-999,-999,-999,-999,0.363803,0.291558,0.258053,-999,-999,-999,0.184977,0.150796,-999,0.107377,-999,-999,-999,-999,-999,-999,-999,0,0,-999,0,0.006909,-999,0.0136,-999,-999,-999,-999,0.034175,0.035346,0.016295,-999,-999,-999,0,0,-999,0,-999,-999,-999,-999,-999,-999,-999,0.362345,0.318798,-999,0.238112,0.156332,-999,0.132757,-999,-999,-999,-999,0.090677,0.059881,0.045053,-999,-999,-999,0.023733,0.015545,-999,0.008014,-999,-999,-999,-999,-999,-999,-999,0.004128,0.004029,-999,0.003253,0.001976,-999,0.001459,-999,-999,-999,-999,0.00049,0.000191,0.000052,-999,-999,-999,0,0,-999,0,-999,-999,-999,-999,-999,-999,-999,0,0,-999,0,0,-999,0,-999,-999,-999,-999,0,0,0,-999,-999,-999,0,0,-999,0.008336,-999,-999,-999,-999,-999,329.443029,0.253386,3.501397,2.228772,2.719068,1017.458251,-999,-999,0.284486,0.345833,-999,0.444367,0.633872,-999,0.710914,-999,-999,-999,-999,0.781847,0.174184,0.102703,-999,-999,-999,0.002503,0.00403,-999,-0.000452,-999,-999,-999,-999,-999,-999,-999,0.270048,0.327322,-999,0.416735,0.583444,-999,0.651577,-999,-999,-999,-999,0.712076,0.162664,0.096534,-999,-999,-999,0.002503,0.00403,-999,-0.000452,-999,-999,-999,-999,-999,-999,-999,0.48783,0.574054,-999,0.693085,0.93106,-999,1.03059,-999,-999,-999,-999,1.114503,0.240559,0.136529,-999,-999,-999,0.003177,0.005056,-999,-0.000566,-999,-999,-999,-999,-999,-999,-999,0.459253,0.537968,-999,0.64016,0.835036,-999,0.917868,-999,-999,-999,-999,0.981972,0.220314,0.126351,-999,-999,-999,0.003177,0.005056,-999,-0.000566,-999,-999,-999,-999,-999,-999,-999,0.457744,0.537088,-999,0.644513,0.858538,-999,0.947612,-999,-999,-999,-999,1.020058,0.222429,0.126251,-999,-999,-999,0.003177,0.005056,-999,-0.000566,-999,-999,-999,-999,-999,11,-999,-999,0.399829,0.412333,-999,0.442436,0.490041,-999,0.50997,-999,-999,-999,-999,0.559823,0.619891,0.664896,-999,-999,-999,0.779004,0.865115,-999,1.019796,-999,-999,-999,-999,-999,"AAOT",45.3139,12.5083,10,1011,-90,40,"lev20","16:03:2026"
"AAOT","14:07:2025","12:59:18",195,195.541181,-999,-999,32.128092,32.091551,-999,32.057338,32.023168,-999,31.986766,-999,-999,-999,-999,31.952684,31.916377,31.882385,-999,-999,-999,31.846173,31.81227,-999,31.776156,-999,-999,-999,-999,-999,-999,-999,231.24312,231.148963,-999,231.060544,230.971982,-999,230.877358,-999,-999,-999,-999,230.7885,230.69356,230.604404,-999,-999,-999,230.509146,230.419692,-999,230.324115,-999,-999,-999,-999,-999,-999,-999,0.660036,0.77104,-999,0.861003,1.02965,-999,1.065061,-999,-999,-999,-999,1.051598,0.387981,0.280929,-999,-999,-999,0.108916,0.067747,-999,0.031245,-999,-999,-999,-999,-999,-999,-999,0.014884,0.02797,-999,0.021964,0.034742,-999,0.024615,-999,-999,-999,-999,0.016019,0.020872,0.005582,-999,-999,-999,0.009068,0.006908,-999,0.002563,-999,-999,-999,-999,-999,-999,-999,0.643889,0.734452,-999,0.831892,0.982831,-999,1.028435,-999,-999,-999,-999,1.025817,0.354552,0.275617,-999,-999,-999,0.09694,0.060149,-999,0.027832,-999,-999,-999,-999,-999,-999,-999,13.438542,15.152944,-999,14.891116,13.30284,-999,12.383794,-999,-999,-999,-999,9.998003,7.502645,6.234012,-999,-999,-999,3.589342,2.261098,-999,1.106884,-999,-999,-999,-999,-999,-999,-999,0.001453,0.003631,-999,0.001072,0.001619,-999,0.000789,-999,-999,-999,-999,0.006207,0.003614,0.002687,-999,-999,-999,0.002119,0.000405,-999,0.001037,-999,-999,-999,-999,-999,-999,-999,0.026289,0.026289,-999,0.026289,0.026289,-999,0.026289,-999,-999,-999,-999,0.026289,0.026289,0.026289,-999,-999,-999,0.026289,0.026289,-999,0.026289,-999,-999,-999,-999,-999,-999,-999,0.633908,0.60573,-999,0.544067,0.45825,-999,0.428884,-999,-999,-999,-999,0.357202,0.285927,0.253153,-999,-999,-999,0.181462,0.14801,-999,0.105508,-999,-999,-999,-999,-999,-999,-999,0,0,-999,0,0.006909,-999,0.013599,-999,-999,-999,-999,0.034173,0.035344,0.016294,-999,-999,-999,0,0,-999,0,-999,-999,-999,-999,-999,-999,-999,0.362341,0.318795,-999,0.23811,0.156331,-999,0.132756,-999,-999,-999,-999,0.090676,0.05988,0.045053,-999,-999,-999,0.023732,0.015544,-999,0.008014,-999,-999,-999,-999,-999,-999,-999,0.004128,0.004029,-999,0.003253,0.001976,-999,0.001459,-999,-999,-999,-999,0.00049,0.000191,0.000052,-999,-999,-999,0,0,-999,0,-999,-999,-999,-999,-999,-999,-999,0,0,-999,0,0,-999,0,-999,-999,-999,-999,0,0,0,-999,-999,-999,0,0,-999,0.00833,-999,-999,-999,-999,-999,329.441029,0.253383,3.49883,2.104814,2.708663,1017.448725,-999,-999,0.290602,0.336095,-999,0.440419,0.633112,-999,0.702877,-999,-999,-999,-999,0.762979,0.157314,0.11173,-999,-999,-999,0.00258,0.000707,-999,-0.001267,-999,-999,-999,-999,-999,-999,-999,0.275987,0.318267,-999,0.413259,0.583157,-999,0.644768,-999,-999,-999,-999,0.695707,0.14705,0.105091,-999,-999,-999,0.00258,0.000707,-999,-0.001267,-999,-999,-999,-999,-999,-999,-999,0.501967,0.561868,-999,0.691625,0.93616,-999,1.025703,-999,-999,-999,-999,1.095038,0.218727,0.149515,-999,-999,-999,0.003296,0.000893,-999,-0.001595,-999,-999,-999,-999,-999,-999,-999,0.472796,0.526802,-999,0.639058,0.839885,-999,0.913969,-999,-999,-999,-999,0.965641,0.200487,0.138439,-999,-999,-999,0.003296,0.000893,-999,-0.001595,-999,-999,-999,-999,-999,-999,-999,0.469983,0.524772,-999,0.641812,0.861238,-999,0.941004,-999,-999,-999,-999,1.000071,0.201783,0.137803,-999,-999,-999,0.003296,0.000893,-999,-0.001595,-999,-999,-999,-999,-999,11,-999,-999,0.399829,0.412333,-999,0.442436,0.490041,-999,0.50997,-999,-999,-999,-999,0.559823,0.619891,0.664896,-999,-999,-999,0.779004,0.865115,-999,1.019796,-999,-999,-999,-999,-999,"AAOT",45.3139,12.5083,10,1011,-90,40,"lev20","16:03:2026"
"AAOT","15:07:2025","09:49:56",196,196.409676,-999,-999,29.353451,29.385147,-999,29.414922,29.446745,-999,29.476638,-999,-999,-999,-999,29.508586,29.538596,29.568663,-999,-999,-999,29.600796,29.630978,-999,29.663235,-999,-999,-999,-999,-999,-999,-999,137.449897,137.341181,-999,137.239429,137.131074,-999,137.029659,-999,-999,-999,-999,136.921663,136.820586,136.71967,-999,-999,-999,136.612207,136.511627,-999,136.40452,-999,-999,-999,-999,-999,-999,-999,0.571846,0.664886,-999,0.728519,0.90298,-999,0.934645,-999,-999,-999,-999,0.897889,0.278902,0.193617,-999,-999,-999,0.055929,0.031441,-999,0.014279,-999,-999,-999,-999,-999,-999,-999,0.017607,0.024936,-999,0.012628,0.011948,-999,0.008322,-999,-999,-999,-999,0.012384,0.004693,0.007386,-999,-999,-999,0.004274,0.001887,-999,0.000899,-999,-999,-999,-999,-999,-999,-999,0.550476,0.63041,-999,0.709578,0.884747,-999,0.925485,-999,-999,-999,-999,0.881046,0.272192,0.185744,-999,-999,-999,0.050355,0.02866,-999,0.013054,-999,-999,-999,-999,-999,-999,-999,9.923706,10.885875,-999,10.043322,8.25827,-999,7.49613,-999,-999,-999,-999,5.614693,3.901229,3.084652,-999,-999,-999,1.627816,0.977905,-999,0.464101,-999,-999,-999,-999,-999,-999,-999,0.003576,0.000477,-999,0.000335,0.002197,-999,0.000965,-999,-999,-999,-999,0.001056,0.001078,0.000729,-999,-999,-999,0.000446,0.000176,-999,0.000254,-999,-999,-999,-999,-999,-999,-999,0.025657,0.025657,-999,0.025657,0.025657,-999,0.025657,-999,-999,-999,-999,0.025657,0.025657,0.025657,-999,-999,-999,0.025657,0.025657,-999,0.025657,-999,-999,-999,-999,-999,-999,-999,0.24437,0.233361,-999,0.208756,0.17487,-999,0.163168,-999,-999,-999,-999,0.133087,0.101416,0.093721,-999,-999,-999,0.068778,0.058247,-999,0.042284,-999,-999,-999,-999,-999,-999,-999,0,0,-999,0,0.006899,-999,0.01358,-999,-999,-999,-999,0.034124,0.035294,0.016271,-999,-999,-999,0,0,-999,0,-999,-999,-999,-999,-999,-999,-999,0.361996,0.318492,-999,0.237883,0.156182,-999,0.13263,-999,-999,-999,-999,0.090589,0.059823,0.04501,-999,-999,-999,0.02371,0.01553,-999,0.008007,-999,-999,-999,-999,-999,-999,-999,0.004116,0.004017,-999,0.003243,0.00197,-999,0.001455,-999,-999,-999,-999,0.000489,0.00019,0.000052,-999,-999,-999,0,0,-999,0,-999,-999,-999,-999,-999,-999,-999,0,0,-999,0,0,-999,0,-999,-999,-999,-999,0,0,0,-999,-999,-999,0,0,-999,0.006841,-999,-999,-999,-999,-999,328.918044,0.252659,2.839555,1.723402,1.485569,1016.480115,-999,-999,0.295859,0.351106,-999,0.451892,0.672861,-999,0.733153,-999,-999,-999,-999,0.736988,0.172096,0.1066,-999,-999,-999,0.008589,0.00357,-999,0.001146,-999,-999,-999,-999,-999,-999,-999,0.283359,0.335351,-999,0.42786,0.625923,-999,0.679606,-999,-999,-999,-999,0.679826,0.162486,0.101137,-999,-999,-999,0.008589,0.00357,-999,0.001146,-999,-999,-999,-999,-999,-999,-999,0.457588,0.528198,-999,0.644619,0.914679,-999,0.987906,-999,-999,-999,-999,0.98536,0.224889,0.134917,-999,-999,-999,0.010489,0.004331,-999,0.001392,-999,-999,-999,-999,-999,-999,-999,0.43615,0.501361,-999,0.603672,0.833552,-999,0.895173,-999,-999,-999,-999,0.885623,0.209595,0.126784,-999,-999,-999,0.010489,0.004331,-999,0.001392,-999,-999,-999,-999,-999,-999,-999,0.433431,0.498958,-999,0.605096,0.85053,-999,0.916109,-999,-999,-999,-999,0.910127,0.209721,0.125781,-999,-999,-999,0.010489,0.004331,-999,0.001392,-999,-999,-999,-999,-999,11,-999,-999,0.399829,0.412333,-999,0.442436,0.490041,-999,0.50997,-999,-999,-999,-999,0.559823,0.619891,0.664896,-999,-999,-999,0.779004,0.865115,-999,1.019796,-999,-999,-999,-999,-999,"AAOT",45.3139,12.5083,10,1011,-90,40,"lev20","16:03:2026"
"AAOT","15:07:2025","09:54:43",196,196.412998,-999,-999,28.794351,28.824832,-999,28.853471,28.884086,-999,28.912851,-999,-999,-999,-999,28.941676,28.972489,29.001439,-999,-999,-999,29.032385,29.061458,-999,29.094479,-999,-999,-999,-999,-999,-999,-999,139.438863,139.326759,-999,139.221835,139.110099,-999,139.005519,-999,-999,-999,-999,138.901105,138.789914,138.685844,-999,-999,-999,138.575019,138.471291,-999,138.353934,-999,-999,-999,-999,-999,-999,-999,0.573298,0.667197,-999,0.728344,0.904951,-999,0.934548,-999,-999,-999,-999,0.900978,0.278918,0.19237,-999,-999,-999,0.055368,0.030781,-999,0.014241,-999,-999,-999,-999,-999,-999,-999,0.014874,0.016615,-999,0.013923,0.011851,-999,0.007224,-999,-999,-999,-999,0.008804,0.007342,0.005581,-999,-999,-999,0.002669,0.001806,-999,0.001082,-999,-999,-999,-999,-999,-999,-999,0.55673,0.645682,-999,0.709578,0.891151,-999,0.924004,-999,-999,-999,-999,0.889594,0.269722,0.184517,-999,-999,-999,0.052143,0.028227,-999,0.012526,-999,-999,-999,-999,-999,-999,-999,9.912802,10.869624,-999,10.011077,8.184843,-999,7.405772,-999,-999,-999,-999,5.5611,3.852327,3.042789,-999,-999,-999,1.601046,0.961639,-999,0.456571,-999,-999,-999,-999,-999,-999,-999,0.001071,0.003767,-999,0.003618,0.002307,-999,0.002257,-999,-999,-999,-999,0.000473,0.000778,0.001658,-999,-999,-999,0.000233,0.000794,-999,0.001343,-999,-999,-999,-999,-999,-999,-999,0.025662,0.025662,-999,0.025662,0.025662,-999,0.025662,-999,-999,-999,-999,0.025662,0.025662,0.025662,-999,-999,-999,0.025662,0.025662,-999,0.025662,-999,-999,-999,-999,-999,-999,-999,0.239252,0.22839,-999,0.204291,0.17109,-999,0.159736,-999,-999,-999,-999,0.130044,0.099035,0.091693,-999,-999,-999,0.067321,0.057077,-999,0.041523,-999,-999,-999,-999,-999,-999,-999,0,0,-999,0,0.006899,-999,0.01358,-999,-999,-999,-999,0.034125,0.035295,0.016271,-999,-999,-999,0,0,-999,0,-999,-999,-999,-999,-999,-999,-999,0.361987,0.318483,-999,0.237877,0.156178,-999,0.132626,-999,-999,-999,-999,0.090587,0.059822,0.045009,-999,-999,-999,0.023709,0.015529,-999,0.008007,-999,-999,-999,-999,-999,-999,-999,0.004116,0.004017,-999,0.003243,0.00197,-999,0.001455,-999,-999,-999,-999,0.000489,0.00019,0.000052,-999,-999,-999,0,0,-999,0,-999,-999,-999,-999,-999,-999,-999,0,0,-999,0,0,-999,0,-999,-999,-999,-999,0,0,0,-999,-999,-999,0,0,-999,0.006781,-999,-999,-999,-999,-999,328.916029,0.252657,2.813286,1.729892,1.502257,1016.453548,-999,-999,0.302351,0.366748,-999,0.452676,0.681114,-999,0.733959,-999,-999,-999,-999,0.746887,0.170865,0.106434,-999,-999,-999,0.011058,0.00355,-999,0.00081,-999,-999,-999,-999,-999,-999,-999,0.289719,0.350469,-999,0.428831,0.633953,-999,0.680732,-999,-999,-999,-999,0.68934,0.161415,0.101039,-999,-999,-999,0.011058,0.00355,-999,0.00081,-999,-999,-999,-999,-999,-999,-999,0.463994,0.547527,-999,0.641052,0.919518,-999,0.982269,-999,-999,-999,-999,0.991882,0.221835,0.133865,-999,-999,-999,0.013423,0.004282,-999,0.000977,-999,-999,-999,-999,-999,-999,-999,0.442546,0.520079,-999,0.600864,0.838961,-999,0.891182,-999,-999,-999,-999,0.89269,0.206964,0.125922,-999,-999,-999,0.013423,0.004282,-999,0.000977,-999,-999,-999,-999,-999,-999,-999,0.439653,0.51729,-999,0.602117,0.8555,-999,0.911524,-999,-999,-999,-999,0.916692,0.20704,0.1249,-999,-999,-999,0.013423,0.004282,-999,0.000977,-999,-999,-999,-999,-999,11,-999,-999,0.399829,0.412333,-999,0.442436,0.490041,-999,0.50997,-999,-999,-999,-999,0.559823,0.619891,0.664896,-999,-999,-999,0.779004,0.865115,-999,1.019796,-999,-999,-999,-999,-999,"AAOT",45.3139,12.5083,10,1011,-90,40,"lev20","16:03:2026"
"AAOT","15:07:2025","09:59:37",196,196.4164,-999,-999,28.24874,28.276082,-999,28.305317,28.332793,-999,28.362171,-999,-999,-999,-999,28.391622,28.419299,28.447039,-999,-999,-999,28.4767,28.504572,-999,28.534372,-999,-999,-999,-999,-999,-999,-999,141.525537,141.417147,-999,141.301718,141.193679,-999,141.078623,-999,-999,-999,-999,140.963759,140.856249,140.748907,-999,-999,-999,140.634596,140.527603,-999,140.413663,-999,-999,-999,-999,-999,-999,-999,0.576517,0.668594,-999,0.732412,0.904352,-999,0.93947,-999,-999,-999,-999,0.909226,0.276133,0.191312,-999,-999,-999,0.053687,0.0308,-999,0.013895,-999,-999,-999,-999,-999,-999,-999,0.018652,0.01032,-999,0.011302,0.010213,-999,0.010692,-999,-999,-999,-999,0.009438,0.008268,0.004558,-999,-999,-999,0.002812,0.001422,-999,0.000746,-999,-999,-999,-999,-999,-999,-999,0.554806,0.657823,-999,0.720523,0.891912,-999,0.925425,-999,-999,-999,-999,0.896516,0.264966,0.185108,-999,-999,-999,0.049479,0.028926,-999,0.012984,-999,-999,-999,-999,-999,-999,-999,9.843203,10.775971,-999,9.89873,8.053417,-999,7.260914,-999,-999,-999,-999,5.430489,3.744646,2.954764,-999,-999,-999,1.546898,0.930127,-999,0.439776,-999,-999,-999,-999,-999,-999,-999,0.004953,0.003236,-999,0.003513,0.002493,-999,0.00212,-999,-999,-999,-999,0.000277,0.001039,0.001234,-999,-999,-999,0.000889,0.000961,-999,0.001252,-999,-999,-999,-999,-999,-999,-999,0.025666,0.025666,-999,0.025666,0.025666,-999,0.025666,-999,-999,-999,-999,0.025666,0.025666,0.025666,-999,-999,-999,0.025666,0.025666,-999,0.025666,-999,-999,-999,-999,-999,-999,-999,0.233041,0.222453,-999,0.198893,0.166599,-999,0.155664,-999,-999,-999,-999,0.12634,0.096244,0.089326,-999,-999,-999,0.065716,0.055824,-999,0.040904,-999,-999,-999,-999,-999,-999,-999,0,0,-999,0,0.006899,-999,0.013581,-999,-999,-999,-999,0.034126,0.035296,0.016272,-999,-999,-999,0,0,-999,0,-999,-999,-999,-999,-999,-999,-999,0.361977,0.318475,-999,0.237871,0.156174,-999,0.132623,-999,-999,-999,-999,0.090585,0.05982,0.045008,-999,-999,-999,0.023709,0.015529,-999,0.008006,-999,-999,-999,-999,-999,-999,-999,0.004116,0.004017,-999,0.003243,0.00197,-999,0.001455,-999,-999,-999,-999,0.000489,0.00019,0.000052,-999,-999,-999,0,0,-999,0,-999,-999,-999,-999,-999,-999,-999,0,0,-999,0,0,-999,0,-999,-999,-999,-999,0,0,0,-999,-999,-999,0,0,-999,0.006713,-999,-999,-999,-999,-999,328.914022,0.252654,2.783008,1.764363,1.519351,1016.427073,-999,-999,0.302168,0.381245,-999,0.46646,0.685211,-999,0.739065,-999,-999,-999,-999,0.757136,0.168855,0.109271,-999,-999,-999,0.009776,0.005054,-999,0.001696,-999,-999,-999,-999,-999,-999,-999,0.289609,0.364405,-999,0.441993,0.637899,-999,0.685576,-999,-999,-999,-999,0.698838,0.159542,0.103759,-999,-999,-999,0.009776,0.005054,-999,0.001696,-999,-999,-999,-999,-999,-999,-999,0.460172,0.564906,-999,0.655869,0.918809,-999,0.982552,-999,-999,-999,-999,0.998943,0.217851,0.136602,-999,-999,-999,0.011799,0.00606,-999,0.002036,-999,-999,-999,-999,-999,-999,-999,0.439019,0.536755,-999,0.615026,0.838859,-999,0.892001,-999,-999,-999,-999,0.899553,0.203328,0.128555,-999,-999,-999,0.011799,0.00606,-999,0.002036,-999,-999,-999,-999,-999,-999,-999,0.436188,0.533708,-999,0.616145,0.855314,-999,0.912313,-999,-999,-999,-999,0.923736,0.203491,0.127542,-999,-999,-999,0.011799,0.00606,-999,0.002036,-999,-999,-999,-999,-999,11,-999,-999,0.399829,0.412333,-999,0.442436,0.490041,-999,0.50997,-999,-999,-999,-999,0.559823,0.619891,0.664896,-999,-999,-999,0.779004,0.865115,-999,1.019796,-999,-999,-999,-999,-999,"AAOT",45.3139,12.5083,10,1011,-90,40,"lev20","16:03:2026"
"AAOT","15:07:2025","10:25:32",196,196.434398,-999,-999,25.804441,25.82393,-999,25.844813,25.86448,-999,25.885553,-999,-999,-999,-999,25.905397,25.926659,25.94668,-999,-999,-999,25.968129,25.988326,-999,26.011317,-999,-999,-999,-999,-999,-999,-999,153.691,153.565175,-999,153.431137,153.305641,-999,153.171956,-999,-999,-999,-999,153.046791,152.913459,152.788627,-999,-999,-999,152.65565,152.531152,-999,152.390249,-999,-999,-999,-999,-999,-999,-999,0.613028,0.710813,-999,0.774524,0.961847,-999,0.985041,-999,-999,-999,-999,0.955803,0.298599,0.207405,-999,-999,-999,0.063105,0.035708,-999,0.017593,-999,-999,-999,-999,-999,-999,-999,0.012102,0.00995,-999,0.010874,0.007555,-999,0.01788,-999,-999,-999,-999,0.007378,0.009961,0.004481,-999,-999,-999,0.003925,0.002238,-999,0.00148,-999,-999,-999,-999,-999,-999,-999,0.592428,0.6933,-999,0.757865,0.953292,-999,0.96553,-999,-999,-999,-999,0.943818,0.291673,0.203737,-999,-999,-999,0.057967,0.03332,-999,0.014954,-999,-999,-999,-999,-999,-999,-999,11.025307,12.058486,-999,11.664536,9.619285,-999,8.253122,-999,-999,-999,-999,6.103892,4.151958,3.146233,-999,-999,-999,1.747962,1.064584,-999,0.683684,-999,-999,-999,-999,-999,-999,-999,0.007535,0.004092,-999,0.000805,0.021324,-999,0.003273,-999,-999,-999,-999,0.008093,0.004123,0.004591,-999,-999,-999,0.000376,0.005841,-999,0.001836,-999,-999,-999,-999,-999,-999,-999,0.025692,0.025692,-999,0.025692,0.025692,-999,0.025692,-999,-999,-999,-999,0.025692,0.025692,0.025692,-999,-999,-999,0.025692,0.025692,-999,0.025692,-999,-999,-999,-999,-999,-999,-999,0.212462,0.202933,-999,0.181765,0.15204,-999,0.14231,-999,-999,-999,-999,0.115415,0.087147,0.081456,-999,-999,-999,0.060111,0.051561,-999,0.03846,-999,-999,-999,-999,-999,-999,-999,0,0,-999,0,0.0069,-999,0.013582,-999,-999,-999,-999,0.03413,0.0353,0.016274,-999,-999,-999,0,0,-999,0,-999,-999,-999,-999,-999,-999,-999,0.361926,0.31843,-999,0.237837,0.156152,-999,0.132604,-999,-999,-999,-999,0.090572,0.059812,0.045001,-999,-999,-999,0.023705,0.015527,-999,0.008005,-999,-999,-999,-999,-999,-999,-999,0.004116,0.004017,-999,0.003243,0.00197,-999,0.001455,-999,-999,-999,-999,0.000489,0.00019,0.000052,-999,-999,-999,0,0,-999,0,-999,-999,-999,-999,-999,-999,-999,0,0,-999,0,0,-999,0,-999,-999,-999,-999,0,0,0,-999,-999,-999,0,0,-999,0.00648,-999,-999,-999,-999,-999,328.903128,0.252639,2.679952,1.809617,1.609765,1016.283392,-999,-999,0.309164,0.383491,-999,0.458177,0.706152,-999,0.753489,-999,-999,-999,-999,0.786995,0.185,0.122904,-999,-999,-999,0.013058,0.005969,-999,-0.002611,-999,-999,-999,-999,-999,-999,-999,0.296911,0.36731,-999,0.435092,0.658882,-999,0.700526,-999,-999,-999,-999,0.727986,0.175196,0.116986,-999,-999,-999,0.013058,0.005969,-999,-0.002611,-999,-999,-999,-999,-999,-999,-999,0.456424,0.551224,-999,0.625849,0.921166,-999,0.974808,-999,-999,-999,-999,1.010928,0.232552,0.149822,-999,-999,-999,0.015384,0.00699,-999,-0.00306,-999,-999,-999,-999,-999,-999,-999,0.43663,0.525314,-999,0.589069,0.845273,-999,0.889688,-999,-999,-999,-999,0.915534,0.217996,0.14159,-999,-999,-999,0.015384,0.00699,-999,-0.00306,-999,-999,-999,-999,-999,-999,-999,0.433474,0.521935,-999,0.589531,0.859643,-999,0.907593,-999,-999,-999,-999,0.937336,0.217818,0.140295,-999,-999,-999,0.015384,0.00699,-999,-0.00306,-999,-999,-999,-999,-999,11,-999,-999,0.399829,0.412333,-999,0.442436,0.490041,-999,0.50997,-999,-999,-999,-999,0.559823,0.619891,0.664896,-999,-999,-999,0.779004,0.865115,-999,1.019796,-999,-999,-999,-999,-999,"AAOT",45.3139,12.5083,10,1011,-90,40,"lev20","16:03:2026"
"AAOT","15:07:2025","10:49:54",196,196.451319,-999,-999,24.350578,24.360759,-999,24.371732,24.382126,-999,24.392623,-999,-999,-999,-999,24.403934,24.414644,24.426182,-999,-999,-999,24.437104,24.448868,-999,24.460748,-999,-999,-999,-999,-999,-999,-999,166.634119,166.49528,-999,166.347294,166.208662,-999,166.070131,-999,-999,-999,-999,165.922477,165.784158,165.636733,-999,-999,-999,165.49863,165.351437,-999,165.204366,-999,-999,-999,-999,-999,-999,-999,0.59326,0.68929,-999,0.749225,0.932298,-999,0.972784,-999,-999,-999,-999,0.945191,0.28493,0.197855,-999,-999,-999,0.05797,0.033729,-999,0.016621,-999,-999,-999,-999,-999,-999,-999,0.017376,0.02005,-999,0.013065,0.010167,-999,0.009249,-999,-999,-999,-999,0.006109,0.005025,0.006359,-999,-999,-999,0.002705,0.001949,-999,0.001614,-999,-999,-999,-999,-999,-999,-999,0.572992,0.663515,-999,0.734607,0.919369,-999,0.96085,-999,-999,-999,-999,0.939046,0.277451,0.190788,-999,-999,-999,0.054846,0.031956,-999,0.01411,-999,-999,-999,-999,-999,-999,-999,9.857967,10.742337,-999,9.789446,7.873973,-999,7.091809,-999,-999,-999,-999,5.298099,3.805774,2.989357,-999,-999,-999,1.575115,0.979947,-999,0.49483,-999,-999,-999,-999,-999,-999,-999,0.002,0.003131,-999,0.003196,0.000743,-999,0.00226,-999,-999,-999,-999,0.006797,0.001083,0.001683,-999,-999,-999,0.00075,0.001032,-999,0.003199,-999,-999,-999,-999,-999,-999,-999,0.025818,0.025818,-999,0.025818,0.025818,-999,0.025818,-999,-999,-999,-999,0.025818,0.025818,0.025818,-999,-999,-999,0.025818,0.025818,-999,0.025818,-999,-999,-999,-999,-999,-999,-999,0.211241,0.203047,-999,0.182598,0.153814,-999,0.143599,-999,-999,-999,-999,0.114697,0.08907,0.084356,-999,-999,-999,0.063409,0.055829,-999,0.044083,-999,-999,-999,-999,-999,-999,-999,0,0,-999,0,0.0069,-999,0.013583,-999,-999,-999,-999,0.034132,0.035302,0.016274,-999,-999,-999,0,0,-999,0,-999,-999,-999,-999,-999,-999,-999,0.361878,0.318388,-999,0.237806,0.156131,-999,0.132587,-999,-999,-999,-999,0.09056,0.059804,0.044995,-999,-999,-999,0.023702,0.015525,-999,0.008004,-999,-999,-999,-999,-999,-999,-999,0.004115,0.004017,-999,0.003243,0.00197,-999,0.001454,-999,-999,-999,-999,0.000489,0.00019,0.000052,-999,-999,-999,0,0,-999,0,-999,-999,-999,-999,-999,-999,-999,0,0,-999,0,0,-999,0,-999,-999,-999,-999,0,0,0,-999,-999,-999,0,0,-999,0.006481,-999,-999,-999,-999,-999,328.892945,0.252625,2.680303,1.833941,1.694772,1016.149087,-999,-999,0.318478,0.386168,-999,0.481862,0.716077,-999,0.777753,-999,-999,-999,-999,0.802259,0.179193,0.113608,-999,-999,-999,0.014179,0.006655,-999,0.001334,-999,-999,-999,-999,-999,-999,-999,0.3062,0.370304,-999,0.458146,0.669007,-999,0.72402,-999,-999,-999,-999,0.743052,0.169922,0.108289,-999,-999,-999,0.014179,0.006655,-999,0.001334,-999,-999,-999,-999,-999,-999,-999,0.463135,0.54701,-999,0.649052,0.921712,-999,0.992752,-999,-999,-999,-999,1.01641,0.222304,0.136743,-999,-999,-999,0.016501,0.007699,-999,0.001545,-999,-999,-999,-999,-999,-999,-999,0.443749,0.522203,-999,0.612259,0.848359,-999,0.909008,-999,-999,-999,-999,0.923733,0.208945,0.129559,-999,-999,-999,0.016501,0.007699,-999,0.001545,-999,-999,-999,-999,-999,-999,-999,0.440652,0.519037,-999,0.612459,0.862058,-999,0.926161,-999,-999,-999,-999,0.944492,0.20877,0.128407,-999,-999,-999,0.016501,0.007699,-999,0.001545,-999,-999,-999,-999,-999,11,-999,-999,0.399829,0.412333,-999,0.442436,0.490041,-999,0.50997,-999,-999,-999,-999,0.559823,0.619891,0.664896,-999,-999,-999,0.779004,0.865115,-999,1.019796,-999,-999,-999,-999,-999,"AAOT",45.3139,12.5083,10,1011,-90,40,"lev20","16:03:2026"
"AAOT","15:07:2025","11:25:36",196,196.476111,-999,-999,24.002764,23.997444,-999,23.991888,23.986792,-999,23.981476,-999,-999,-999,-999,23.976604,23.971527,23.96688,-999,-999,-999,23.962043,23.957621,-999,23.952741,-999,-999,-999,-999,-999,-999,-999,186.990264,186.847879,-999,186.695944,186.55345,-999,186.4014,-999,-999,-999,-999,186.258801,186.106641,185.963942,-999,-999,-999,185.811678,185.668883,-999,185.506994,-999,-999,-999,-999,-999,-999,-999,0.600853,0.697638,-999,0.752839,0.936818,-999,0.985267,-999,-999,-999,-999,0.955174,0.287715,0.196988,-999,-999,-999,0.055701,0.031695,-999,0.014497,-999,-999,-999,-999,-999,-999,-999,0.015346,0.013312,-999,0.019865,0.011248,-999,0.010364,-999,-999,-999,-999,0.004464,0.008244,0.007718,-999,-999,-999,0.005338,0.002611,-999,0.002064,-999,-999,-999,-999,-999,-999,-999,0.575879,0.681348,-999,0.72664,0.923364,-999,0.969144,-999,-999,-999,-999,0.948695,0.277176,0.188879,-999,-999,-999,0.049061,0.027828,-999,0.011682,-999,-999,-999,-999,-999,-999,-999,10.068762,11.074971,-999,10.092049,8.278483,-999,7.560506,-999,-999,-999,-999,5.647738,3.963425,3.04697,-999,-999,-999,1.601352,0.957068,-999,0.45439,-999,-999,-999,-999,-999,-999,-999,0.011346,0.00269,-999,0.000983,0.002518,-999,0.000313,-999,-999,-999,-999,0.001535,0.002225,0.000686,-999,-999,-999,0.001204,0.001465,-999,0.000461,-999,-999,-999,-999,-999,-999,-999,0.025968,0.025968,-999,0.025968,0.025968,-999,0.025968,-999,-999,-999,-999,0.025968,0.025968,0.025968,-999,-999,-999,0.025968,0.025968,-999,0.025968,-999,-999,-999,-999,-999,-999,-999,0.203688,0.195103,-999,0.175371,0.148226,-999,0.139024,-999,-999,-999,-999,0.111883,0.08485,0.08049,-999,-999,-999,0.060617,0.053527,-999,0.041613,-999,-999,-999,-999,-999,-999,-999,0,0,-999,0,0.0069,-999,0.013582,-999,-999,-999,-999,0.034131,0.035301,0.016274,-999,-999,-999,0,0,-999,0,-999,-999,-999,-999,-999,-999,-999,0.361808,0.318326,-999,0.23776,0.156101,-999,0.132561,-999,-999,-999,-999,0.090542,0.059792,0.044987,-999,-999,-999,0.023698,0.015522,-999,0.008003,-999,-999,-999,-999,-999,-999,-999,0.004115,0.004016,-999,0.003243,0.00197,-999,0.001454,-999,-999,-999,-999,0.000489,0.00019,0.000052,-999,-999,-999,0,0,-999,0,-999,-999,-999,-999,-999,-999,-999,0,0,-999,0,0,-999,0,-999,-999,-999,-999,0,0,0,-999,-999,-999,0,0,-999,0.00663,-999,-999,-999,-999,-999,328.878009,0.252604,2.746449,1.884163,1.819317,1015.952089,-999,-999,0.314414,0.393754,-999,0.46457,0.708388,-999,0.772813,-999,-999,-999,-999,0.802035,0.174254,0.109756,-999,-999,-999,0.007477,0.002975,-999,-0.000118,-999,-999,-999,-999,-999,-999,-999,0.302272,0.377556,-999,0.441682,0.661755,-999,0.719307,-999,-999,-999,-999,0.742632,0.165217,0.104619,-999,-999,-999,0.007477,0.002975,-999,-0.000118,-999,-999,-999,-999,-999,-999,-999,0.455053,0.555027,-999,0.622778,0.907735,-999,0.982099,-999,-999,-999,-999,1.011846,0.215201,0.131514,-999,-999,-999,0.008664,0.003427,-999,-0.000136,-999,-999,-999,-999,-999,-999,-999,0.435965,0.529828,-999,0.5875,0.835631,-999,0.899383,-999,-999,-999,-999,0.919634,0.202267,0.124621,-999,-999,-999,0.008664,0.003427,-999,-0.000136,-999,-999,-999,-999,-999,-999,-999,0.433279,0.526855,-999,0.588237,0.84959,-999,0.916826,-999,-999,-999,-999,0.940798,0.202248,0.123588,-999,-999,-999,0.008664,0.003427,-999,-0.000136,-999,-999,-999,-999,-999,11,-999,-999,0.399829,0.412333,-999,0.442436,0.490041,-999,0.50997,-999,-999,-999,-999,0.559823,0.619891,0.664896,-999,-999,-999,0.779004,0.865115,-999,1.019796,-999,-999,-999,-999,-999,"AAOT",45.3139,12.5083,10,1011,-90,40,"lev20","16:03:2026"
"AAOT","15:07:2025","11:30:25",196,196.479456,-999,-999,24.125829,24.118443,-999,24.110682,24.103517,-999,24.095992,-999,-999,-999,-999,24.089048,24.082211,24.075037,-999,-999,-999,24.068422,24.061484,-999,24.054668,-999,-999,-999,-999,-999,-999,-999,189.7122,189.571048,-999,189.420406,189.279103,-999,189.128302,-999,-999,-999,-999,188.986853,188.845335,188.694306,-999,-999,-999,188.552648,188.401473,-999,188.250223,-999,-999,-999,-999,-999,-999,-999,0.606504,0.705037,-999,0.766082,0.955702,-999,0.99593,-999,-999,-999,-999,0.967493,0.294658,0.205753,-999,-999,-999,0.065783,0.039539,-999,0.021118,-999,-999,-999,-999,-999,-999,-999,0.011214,0.023237,-999,0.0188,0.011989,-999,0.01019,-999,-999,-999,-999,0.008515,0.011678,0.006191,-999,-999,-999,0.003866,0.005589,-999,0.002374,-999,-999,-999,-999,-999,-999,-999,0.594931,0.67063,-999,0.742011,0.94023,-999,0.978977,-999,-999,-999,-999,0.953048,0.274707,0.197194,-999,-999,-999,0.059718,0.031023,-999,0.016608,-999,-999,-999,-999,-999,-999,-999,10.3487,11.449715,-999,10.637425,8.638774,-999,7.746753,-999,-999,-999,-999,5.965246,4.350584,3.385745,-999,-999,-999,1.992695,1.391619,-999,0.787717,-999,-999,-999,-999,-999,-999,-999,0.00467,0.005245,-999,0.004022,0.007399,-999,0.009029,-999,-999,-999,-999,0.003101,0.000955,0.004153,-999,-999,-999,0.004078,0.002338,-999,0.000822,-999,-999,-999,-999,-999,-999,-999,0.025989,0.025989,-999,0.025989,0.025989,-999,0.025989,-999,-999,-999,-999,0.025989,0.025989,0.025989,-999,-999,-999,0.025989,0.025989,-999,0.025989,-999,-999,-999,-999,-999,-999,-999,0.198839,0.190147,-999,0.170443,0.143426,-999,0.134364,-999,-999,-999,-999,0.108787,0.08207,0.077768,-999,-999,-999,0.058146,0.051102,-999,0.038989,-999,-999,-999,-999,-999,-999,-999,0,0,-999,0,0.0069,-999,0.013582,-999,-999,-999,-999,0.03413,0.0353,0.016274,-999,-999,-999,0,0,-999,0,-999,-999,-999,-999,-999,-999,-999,0.361799,0.318318,-999,0.237753,0.156097,-999,0.132558,-999,-999,-999,-999,0.09054,0.059791,0.044985,-999,-999,-999,0.023697,0.015521,-999,0.008002,-999,-999,-999,-999,-999,-999,-999,0.004115,0.004016,-999,0.003243,0.00197,-999,0.001454,-999,-999,-999,-999,0.000489,0.00019,0.000052,-999,-999,-999,0,0,-999,0,-999,-999,-999,-999,-999,-999,-999,0,0,-999,0,0,-999,0,-999,-999,-999,-999,0,0,0,-999,-999,-999,0,0,-999,0.006595,-999,-999,-999,-999,-999,328.876015,0.252601,2.730785,1.815668,1.836121,1015.925798,-999,-999,0.325979,0.373064,-999,0.465556,0.715718,-999,0.777648,-999,-999,-999,-999,0.798018,0.16164,0.109202,-999,-999,-999,0.00793,-0.005143,-999,-0.003864,-999,-999,-999,-999,-999,-999,-999,0.313571,0.35793,-999,0.442902,0.669114,-999,0.724441,-999,-999,-999,-999,0.739719,0.153392,0.104165,-999,-999,-999,0.00793,-0.005143,-999,-0.003864,-999,-999,-999,-999,-999,-999,-999,0.471951,0.526008,-999,0.624234,0.917291,-999,0.988417,-999,-999,-999,-999,1.007207,0.199712,0.130905,-999,-999,-999,0.009192,-0.005927,-999,-0.004456,-999,-999,-999,-999,-999,-999,-999,0.452491,0.502511,-999,0.589343,0.845208,-999,0.906139,-999,-999,-999,-999,0.916671,0.187937,0.124168,-999,-999,-999,0.009192,-9.999,-999,-0.004456,-999,-999,-999,-999,-999,-999,-999,0.449279,0.499657,-999,0.589664,0.858469,-999,0.922678,-999,-999,-999,-999,0.936528,0.18776,0.123008,-999,-999,-999,0.009192,-9.999,-999,-0.004456,-999,-999,-999,-999,-999,11,-999,-999,0.399829,0.412333,-999,0.442436,0.490041,-999,0.50997,-999,-999,-999,-999,0.559823,0.619891,0.664896,-999,-999,-999,0.779004,0.865115,-999,1.019796,-999,-999,-999,-999,-999,"AAOT",45.3139,12.5083,10,1011,-90,40,"lev20","16:03:2026"
"AAOT","15:07:2025","11:49:54",196,196.492986,-999,-999,25.020618,25.00531,-999,24.989087,24.973977,-999,24.957965,-999,-999,-999,-999,24.943053,24.928237,24.912539,-999,-999,-999,24.897923,24.882439,-999,24.866107,-999,-999,-999,-999,-999,-999,-999,200.420309,200.287613,-999,200.145919,200.01294,-999,199.870946,-999,-999,-999,-999,199.737686,199.604292,199.461857,-999,-999,-999,199.328187,199.185459,-999,199.033646,-999,-999,-999,-999,-999,-999,-999,0.593978,0.686755,-999,0.754932,0.942813,-999,0.983727,-999,-999,-999,-999,0.962735,0.288497,0.195848,-999,-999,-999,0.052746,0.029516,-999,0.013435,-999,-999,-999,-999,-999,-999,-999,0.016263,0.014326,-999,0.012574,0.011483,-999,0.011884,-999,-999,-999,-999,0.006067,0.003654,0.004421,-999,-999,-999,0.002096,0.001197,-999,0.001156,-999,-999,-999,-999,-999,-999,-999,0.578959,0.668164,-999,0.737263,0.928119,-999,0.967189,-999,-999,-999,-999,0.955565,0.283076,0.190651,-999,-999,-999,0.050202,0.027895,-999,0.011998,-999,-999,-999,-999,-999,-999,-999,9.674455,10.540368,-999,9.562397,7.672547,-999,6.885898,-999,-999,-999,-999,5.105822,3.489041,2.743031,-999,-999,-999,1.432285,0.853989,-999,0.406702,-999,-999,-999,-999,-999,-999,-999,0.00433,0.002369,-999,0.001496,0.002054,-999,0.000925,-999,-999,-999,-999,0.001747,0.001504,0.000229,-999,-999,-999,0.000308,0.000574,-999,0.000177,-999,-999,-999,-999,-999,-999,-999,0.025801,0.025801,-999,0.026076,0.026076,-999,0.026076,-999,-999,-999,-999,0.026076,0.026076,0.026076,-999,-999,-999,0.026076,0.026076,-999,0.026076,-999,-999,-999,-999,-999,-999,-999,0.186737,0.178131,-999,0.159464,0.134599,-999,0.12577,-999,-999,-999,-999,0.101953,0.076378,0.072642,-999,-999,-999,0.054414,0.047661,-999,0.035704,-999,-999,-999,-999,-999,-999,-999,0,0,-999,0,0.0069,-999,0.013581,-999,-999,-999,-999,0.034128,0.035298,0.016273,-999,-999,-999,0,0,-999,0,-999,-999,-999,-999,-999,-999,-999,0.361761,0.318284,-999,0.237728,0.15608,-999,0.132543,-999,-999,-999,-999,0.09053,0.059784,0.044981,-999,-999,-999,0.023694,0.01552,-999,0.008002,-999,-999,-999,-999,-999,-999,-999,0.004115,0.004016,-999,0.003243,0.001969,-999,0.001454,-999,-999,-999,-999,0.000489,0.00019,0.000052,-999,-999,-999,0,0,-999,0,-999,-999,-999,-999,-999,-999,-999,0,0,-999,0,0,-999,0,-999,-999,-999,-999,0,0,0,-999,-999,-999,0,0,-999,0.006399,-999,-999,-999,-999,-999,328.867853,0.25259,2.643924,1.87366,1.904091,1015.818152,-999,-999,0.329348,0.396211,-999,0.487917,0.728053,-999,0.787635,-999,-999,-999,-999,0.822428,0.192097,0.119125,-999,-999,-999,0.012855,0.005626,-999,0.001393,-999,-999,-999,-999,-999,-999,-999,0.316434,0.379677,-999,0.463582,0.679667,-999,0.732616,-999,-999,-999,-999,0.761014,0.182012,0.113471,-999,-999,-999,0.012855,0.005626,-999,0.001393,-999,-999,-999,-999,-999,-999,-999,0.480054,0.562281,-999,0.65831,0.93893,-999,1.007271,-999,-999,-999,-999,1.044601,0.238845,0.143678,-999,-999,-999,0.014993,0.006523,-999,0.001616,-999,-999,-999,-999,-999,-999,-999,0.459476,0.53619,-999,0.620178,0.862676,-999,0.920555,-999,-999,-999,-999,0.947303,0.224139,0.135952,-999,-999,-999,0.014993,0.006523,-999,0.001616,-999,-999,-999,-999,-999,-999,-999,0.455923,0.532614,-999,0.620248,0.876853,-999,0.938389,-999,-999,-999,-999,0.969252,0.223959,0.134747,-999,-999,-999,0.014993,0.006523,-999,0.001616,-999,-999,-999,-999,-999,11,-999,-999,0.399829,0.412333,-999,0.442436,0.490041,-999,0.50997,-999,-999,-999,-999,0.559823,0.619891,0.664896,-999,-999,-999,0.779004,0.865115,-999,1.019796,-999,-999,-999,-999,-999,"AAOT",45.3139,12.5083,10,1011,-90,40,"lev20","16:03:2026"
"AAOT","15:07:2025","11:54:42",196,196.496319,-999,-999,25.331648,25.314549,-999,25.296412,25.279503,-999,25.261568,-999,-999,-999,-999,25.24485,25.22712,25.210594,-999,-999,-999,25.193069,25.176735,-999,25.159416,-999,-999,-999,-999,-999,-999,-999,202.932022,202.802061,-999,202.663272,202.533005,-999,202.393893,-999,-999,-999,-999,202.263324,202.123889,201.99302,-999,-999,-999,201.853266,201.722099,-999,201.582028,-999,-999,-999,-999,-999,-999,-999,0.592753,0.684048,-999,0.752459,0.939608,-999,0.980862,-999,-999,-999,-999,0.962163,0.283866,0.195063,-999,-999,-999,0.052974,0.02965,-999,0.013326,-999,-999,-999,-999,-999,-999,-999,0.012463,0.019883,-999,0.013706,0.011391,-999,0.007414,-999,-999,-999,-999,0.005369,0.01048,0.003861,-999,-999,-999,0.004899,0.001839,-999,0.001538,-999,-999,-999,-999,-999,-999,-999,0.576457,0.663042,-999,0.735815,0.925076,-999,0.97021,-999,-999,-999,-999,0.955303,0.269585,0.190152,-999,-999,-999,0.046967,0.027062,-999,0.011154,-999,-999,-999,-999,-999,-999,-999,9.622433,10.464105,-999,9.481972,7.594681,-999,6.842219,-999,-999,-999,-999,5.069045,3.468919,2.7596,-999,-999,-999,1.424648,0.848575,-999,0.399735,-999,-999,-999,-999,-999,-999,-999,0.006345,0.004754,-999,0.002414,0.000194,-999,0.000493,-999,-999,-999,-999,0.000666,0.002537,0.00067,-999,-999,-999,0.000615,0.000482,-999,0.001203,-999,-999,-999,-999,-999,-999,-999,0.025808,0.025808,-999,0.025808,0.025808,-999,0.025808,-999,-999,-999,-999,0.025808,0.025808,0.025808,-999,-999,-999,0.025808,0.025808,-999,0.025808,-999,-999,-999,-999,-999,-999,-999,0.186737,0.178131,-999,0.159464,0.134599,-999,0.12577,-999,-999,-999,-999,0.101953,0.076378,0.072642,-999,-999,-999,0.054414,0.047661,-999,0.035704,-999,-999,-999,-999,-999,-999,-999,0,0,-999,0,0.006899,-999,0.013581,-999,-999,-999,-999,0.034127,0.035297,0.016272,-999,-999,-999,0,0,-999,0,-999,-999,-999,-999,-999,-999,-999,0.361751,0.318276,-999,0.237722,0.156076,-999,0.13254,-999,-999,-999,-999,0.090528,0.059783,0.044979,-999,-999,-999,0.023694,0.015519,-999,0.008001,-999,-999,-999,-999,-999,-999,-999,0.004115,0.004016,-999,0.003243,0.001969,-999,0.001454,-999,-999,-999,-999,0.000489,0.00019,0.000052,-999,-999,-999,0,0,-999,0,-999,-999,-999,-999,-999,-999,-999,0,0,-999,0,0,-999,0,-999,-999,-999,-999,0,0,0,-999,-999,-999,0,0,-999,0.006399,-999,-999,-999,-999,-999,328.865846,0.252587,2.643924,1.877834,1.920837,1015.791677,-999,-999,0.328118,0.39298,-999,0.4911,0.72907,-999,0.793624,-999,-999,-999,-999,0.824479,0.180058,0.118931,-999,-999,-999,0.010199,0.005162,-999,0.000837,-999,-999,-999,-999,-999,-999,-999,0.31515,0.376456,-999,0.466444,0.680361,-999,0.737902,-999,-999,-999,-999,0.762602,0.17054,0.113245,-999,-999,-999,0.010199,0.005162,-999,0.000837,-999,-999,-999,-999,-999,-999,-999,0.479781,0.559419,-999,0.664554,0.942884,-999,1.017742,-999,-999,-999,-999,1.050072,0.224471,0.143813,-999,-999,-999,0.011925,0.005999,-999,0.000974,-999,-999,-999,-999,-999,-999,-999,0.459005,0.533199,-999,0.625689,0.865624,-999,0.92934,-999,-999,-999,-999,0.951376,0.210499,0.135991,-999,-999,-999,0.011925,0.005999,-999,0.000974,-999,-999,-999,-999,-999,-999,-999,0.455465,0.529694,-999,0.625786,0.880104,-999,0.947595,-999,-999,-999,-999,0.973827,0.210461,0.13481,-999,-999,-999,0.011925,0.005999,-999,0.000974,-999,-999,-999,-999,-999,11,-999,-999,0.399829,0.412333,-999,0.442436,0.490041,-999,0.50997,-999,-999,-999,-999,0.559823,0.619891,0.664896,-999,-999,-999,0.779004,0.865115,-999,1.019796,-999,-999,-999,-999,-999,"AAOT",45.3139,12.5083,10,1011,-90,40,"lev20","16:03:2026"
"AAOT","15:07:2025","11:59:29",196,196.499641,-999,-999,25.676246,25.657426,-999,25.637449,25.618812,-999,25.600263,-999,-999,-999,-999,25.580575,25.56221,25.542719,-999,-999,-999,25.524538,25.505244,-999,25.486052,-999,-999,-999,-999,-999,-999,-999,205.38954,205.262493,-999,205.126803,204.999434,-999,204.871909,-999,-999,-999,-999,204.735712,204.607867,204.471329,-999,-999,-999,204.343167,204.206291,-999,204.069242,-999,-999,-999,-999,-999,-999,-999,0.593331,0.686807,-999,0.752254,0.934432,-999,0.979247,-999,-999,-999,-999,0.960342,0.282826,0.194113,-999,-999,-999,0.053597,0.030933,-999,0.014938,-999,-999,-999,-999,-999,-999,-999,0.017241,0.01939,-999,0.008252,0.009514,-999,0.015402,-999,-999,-999,-999,0.004818,0.004594,0.006479,-999,-999,-999,0.003212,0.001694,-999,0.001149,-999,-999,-999,-999,-999,-999,-999,0.572897,0.659437,-999,0.740563,0.924315,-999,0.962746,-999,-999,-999,-999,0.953992,0.277405,0.185335,-999,-999,-999,0.050431,0.028594,-999,0.013371,-999,-999,-999,-999,-999,-999,-999,9.499336,10.342437,-999,9.373112,7.486674,-999,6.727731,-999,-999,-999,-999,4.982274,3.408615,2.689688,-999,-999,-999,1.423455,0.897795,-999,0.438768,-999,-999,-999,-999,-999,-999,-999,0.002189,0.001862,-999,0.006818,0.002123,-999,0.000627,-999,-999,-999,-999,0.003337,0.002624,0.000429,-999,-999,-999,0.001808,0.000814,-999,0.003374,-999,-999,-999,-999,-999,-999,-999,0.025816,0.025816,-999,0.025816,0.025816,-999,0.025816,-999,-999,-999,-999,0.025816,0.025816,0.025816,-999,-999,-999,0.025816,0.025816,-999,0.025816,-999,-999,-999,-999,-999,-999,-999,0.185904,0.177428,-999,0.158867,0.134202,-999,0.125359,-999,-999,-999,-999,0.101644,0.076334,0.07265,-999,-999,-999,0.054602,0.04791,-999,0.036057,-999,-999,-999,-999,-999,-999,-999,0,0,-999,0,0.006899,-999,0.013581,-999,-999,-999,-999,0.034127,0.035297,0.016272,-999,-999,-999,0,0,-999,0,-999,-999,-999,-999,-999,-999,-999,0.361742,0.318268,-999,0.237716,0.156072,-999,0.132537,-999,-999,-999,-999,0.090526,0.059781,0.044978,-999,-999,-999,0.023693,0.015519,-999,0.008001,-999,-999,-999,-999,-999,-999,-999,0.004115,0.004016,-999,0.003243,0.001969,-999,0.001454,-999,-999,-999,-999,0.000489,0.00019,0.000052,-999,-999,-999,0,0,-999,0,-999,-999,-999,-999,-999,-999,-999,0,0,-999,0,0,-999,0,-999,-999,-999,-999,0,0,0,-999,-999,-999,0,0,-999,0.006369,-999,-999,-999,-999,-999,328.863853,0.252584,2.630737,1.869528,1.937524,1015.765386,-999,-999,0.327664,0.392439,-999,0.498589,0.731041,-999,0.789065,-999,-999,-999,-999,0.825371,0.189409,0.115899,-999,-999,-999,0.013683,0.005416,-999,0.002044,-999,-999,-999,-999,-999,-999,-999,0.31464,0.375847,-999,0.473438,0.682027,-999,0.733481,-999,-999,-999,-999,0.763251,0.179352,0.110328,-999,-999,-999,0.013683,0.005416,-999,0.002044,-999,-999,-999,-999,-999,-999,-999,0.48076,0.560523,-999,0.676852,0.948363,-999,1.014996,-999,-999,-999,-999,1.054396,0.23684,0.140554,-999,-999,-999,0.016044,0.006312,-999,0.002383,-999,-999,-999,-999,-999,-999,-999,0.459786,0.534053,-999,0.636967,0.870084,-999,0.926198,-999,-999,-999,-999,0.954605,0.221981,0.132843,-999,-999,-999,0.016044,0.006312,-999,0.002383,-999,-999,-999,-999,-999,-999,-999,0.456242,0.530558,-999,0.637022,0.884829,-999,0.944713,-999,-999,-999,-999,0.977398,0.221892,0.131709,-999,-999,-999,0.016044,0.006312,-999,0.002383,-999,-999,-999,-999,-999,11,-999,-999,0.399829,0.412333,-999,0.442436,0.490041,-999,0.50997,-999,-999,-999,-999,0.559823,0.619891,0.664896,-999,-999,-999,0.779004,0.865115,-999,1.019796,-999,-999,-999,-999,-999,"AAOT",45.3139,12.5083,10,1011,-90,40,"lev20","16:03:2026"
"AAOT","16:07:2025","12:30:29",197,197.521169,-999,-999,28.760928,28.731027,-999,28.703059,28.673297,-999,28.64546,-999,-999,-999,-999,28.617686,28.588131,28.560489,-999,-999,-999,28.531074,28.503565,-999,28.472465,-999,-999,-999,-999,-999,-999,-999,219.661632,219.548446,-999,219.442163,219.328611,-999,219.221983,-999,-999,-999,-999,219.115189,219.001092,218.893953,-999,-999,-999,218.779487,218.672003,-999,218.549986,-999,-999,-999,-999,-999,-999,-999,0.687752,0.784199,-999,0.882776,1.131036,-999,1.239453,-999,-999,-999,-999,1.305223,0.454453,0.330366,-999,-999,-999,0.147201,0.089162,-999,0.046881,-999,-999,-999,-999,-999,-999,-999,0.034101,0.050986,-999,0.052879,0.038112,-999,0.055716,-999,-999,-999,-999,0.079727,0.023418,0.025841,-999,-999,-999,0.067166,0.018072,-999,0.005987,-999,-999,-999,-999,-999,-999,-999,0.64027,0.715134,-999,0.806247,1.073782,-999,1.174592,-999,-999,-999,-999,1.226495,0.412725,0.299064,-999,-999,-999,0.103451,0.067107,-999,0.039725,-999,-999,-999,-999,-999,-999,-999,11.474833,12.57101,-999,11.87062,10.129005,-999,9.294289,-999,-999,-999,-999,7.943477,6.370346,5.75913,-999,-999,-999,3.697335,2.603315,-999,1.540931,-999,-999,-999,-999,-999,-999,-999,0.010394,0.001919,-999,0.010317,0.002387,-999,0.016966,-999,-999,-999,-999,0.017414,0.015191,0.005335,-999,-999,-999,0.009281,0.003795,-999,0.002834,-999,-999,-999,-999,-999,-999,-999,0.025947,0.025947,-999,0.025947,0.025947,-999,0.025947,-999,-999,-999,-999,0.025947,0.025947,0.025947,-999,-999,-999,0.025947,0.025947,-999,0.025947,-999,-999,-999,-999,-999,-999,-999,0.447684,0.432074,-999,0.39988,0.354732,-999,0.339023,-999,-999,-999,-999,0.285233,0.240423,0.224111,-999,-999,-999,0.178936,0.157846,-999,0.128219,-999,-999,-999,-999,-999,-999,-999,0,0,-999,0,0.006889,-999,0.013561,-999,-999,-999,-999,0.034078,0.035246,0.016249,-999,-999,-999,0,0,-999,0,-999,-999,-999,-999,-999,-999,-999,0.360531,0.317203,-999,0.23692,0.15555,-999,0.132093,-999,-999,-999,-999,0.090223,0.059581,0.044828,-999,-999,-999,0.023614,0.015467,-999,0.007974,-999,-999,-999,-999,-999,-999,-999,0.004116,0.004017,-999,0.003243,0.00197,-999,0.001455,-999,-999,-999,-999,0.000489,0.00019,0.000052,-999,-999,-999,0,0,-999,0,-999,-999,-999,-999,-999,-999,-999,0,0,-999,0,0,-999,0,-999,-999,-999,-999,0,0,0,-999,-999,-999,0,0,-999,0.008453,-999,-999,-999,-999,-999,328.447532,0.252657,3.553396,2.38894,2.198436,1012.366079,-999,-999,0.34253,0.388951,-999,0.498238,0.810963,-999,0.933431,-999,-999,-999,-999,1.020383,0.247433,0.149631,-999,-999,-999,0.007515,-0.000442,-999,-0.000257,-999,-999,-999,-999,-999,-999,-999,0.325833,0.368919,-999,0.468291,0.748065,-999,0.857244,-999,-999,-999,-999,0.93089,0.23149,0.140933,-999,-999,-999,0.007515,-0.000442,-999,-0.000257,-999,-999,-999,-999,-999,-999,-999,0.545285,0.601468,-999,0.729462,1.128954,-999,1.28644,-999,-999,-999,-999,1.388612,0.328199,0.191879,-999,-999,-999,0.009263,-0.000539,-999,-0.000314,-999,-999,-999,-999,-999,-999,-999,0.515017,0.56562,-999,0.676582,1.017842,-999,1.15184,-999,-999,-999,-999,1.230045,0.301912,0.178373,-999,-999,-999,0.009263,-0.000539,-999,-0.000314,-999,-999,-999,-999,-999,-999,-999,0.51117,0.562838,-999,0.679161,1.041825,-999,1.183802,-999,-999,-999,-999,1.273038,0.304609,0.178332,-999,-999,-999,0.009263,-0.000539,-999,-0.000314,-999,-999,-999,-999,-999,11,-999,-999,0.399829,0.412333,-999,0.442436,0.490041,-999,0.50997,-999,-999,-999,-999,0.559823,0.619891,0.664896,-999,-999,-999,0.779004,0.865115,-999,1.019796,-999,-999,-999,-999,-999,"AAOT",45.3139,12.5083,10,1011,-90,40,"lev20","16:03:2026"
